,registro,clima,temperatura,sens_termica,humedad,viento,ocasionales,registrados,total,fecha_nueva,festividad,festividad_1,año_bueno,estacion_correcta,mes_bueno,dia_semana_nuevo,no_laboral_nuevo
0,1,2,14.1,18.2,81.0,10.7,331,654,985,2018-01-01,New Year's Day,1,2018,invierno,1,0,0
1,2,2,14.9,17.7,70.0,16.7,131,670,801,2018-01-02,,0,2018,invierno,1,1,1
2,3,1,8.0,9.5,44.0,16.6,120,1229,1349,2018-01-03,,0,2018,invierno,1,2,1
3,4,1,8.2,10.6,59.0,10.7,108,1454,1562,2018-01-04,,0,2018,invierno,1,3,1
4,5,1,9.3,11.5,44.0,12.5,82,1518,1600,2018-01-05,,0,2018,invierno,1,4,1
5,6,1,8.4,11.7,52.0,6.0,88,1518,1606,2018-01-06,,0,2018,invierno,1,5,0
6,7,2,8.1,10.4,50.0,11.3,148,1362,1510,2018-01-07,,0,2018,invierno,1,6,0
7,8,2,6.8,8.1,54.0,17.9,68,891,959,2018-01-08,,0,2018,invierno,1,0,1
8,9,1,5.7,5.8,43.0,24.3,54,768,822,2018-01-09,,0,2018,invierno,1,1,1
9,10,1,6.2,7.5,48.0,15.0,41,1280,1321,2018-01-10,,0,2018,invierno,1,2,1
10,11,2,6.9,9.6,69.0,8.2,43,1220,1263,2018-01-11,,0,2018,invierno,1,3,1
11,12,1,7.1,8.0,60.0,20.4,25,1137,1162,2018-01-12,,0,2018,invierno,1,4,1
12,13,1,6.8,7.5,47.0,20.2,38,1368,1406,2018-01-13,,0,2018,invierno,1,5,0
13,14,1,6.6,9.4,54.0,8.5,54,1367,1421,2018-01-14,,0,2018,invierno,1,6,0
14,15,2,9.6,12.4,50.0,10.6,222,1026,1248,2018-01-15,Martin Luther King Jr. Day,1,2018,invierno,1,0,0
15,16,1,9.5,11.7,48.0,12.6,251,953,1204,2018-01-16,,0,2018,invierno,1,1,1
16,17,2,7.2,8.8,54.0,13.0,117,883,1000,2018-01-17,,0,2018,invierno,1,2,1
17,18,2,8.9,11.6,86.0,9.8,9,674,683,2018-01-18,,0,2018,invierno,1,3,1
18,19,2,12.0,14.9,74.0,14.0,78,1572,1650,2018-01-19,,0,2018,invierno,1,4,1
19,20,2,10.7,12.8,54.0,13.1,83,1844,1927,2018-01-20,,0,2018,invierno,1,5,0
20,21,1,7.3,7.9,46.0,23.7,75,1468,1543,2018-01-21,,0,2018,invierno,1,6,0
21,22,1,2.4,4.0,40.0,11.5,93,888,981,2018-01-22,,0,2018,invierno,1,0,1
22,23,1,4.0,4.9,44.0,16.5,150,836,986,2018-01-23,,0,2018,invierno,1,1,1
23,24,1,4.0,5.9,49.0,10.6,86,1330,1416,2018-01-24,,0,2018,invierno,1,2,1
24,25,2,9.2,11.7,62.0,8.7,186,1799,1985,2018-01-25,,0,2018,invierno,1,3,1
25,26,3,8.9,10.2,86.0,19.7,34,472,506,2018-01-26,,0,2018,invierno,1,4,1
26,27,1,8.0,11.0,69.0,7.6,15,416,431,2018-01-27,,0,2018,invierno,1,5,0
27,28,2,8.3,11.2,79.0,8.3,38,1129,1167,2018-01-28,,0,2018,invierno,1,6,0
28,29,1,8.1,10.6,65.0,9.7,123,975,1098,2018-01-29,,0,2018,invierno,1,0,1
29,30,1,8.9,12.5,72.0,5.0,140,956,1096,2018-01-30,,0,2018,invierno,1,1,1
30,31,2,7.4,9.3,60.0,12.5,42,1459,1501,2018-01-31,,0,2018,invierno,1,2,1
31,32,2,7.9,11.7,83.0,3.6,47,1313,1360,2018-02-01,,0,2018,invierno,2,3,1
32,33,2,10.7,12.7,78.0,17.7,72,1454,1526,2018-02-02,,0,2018,invierno,2,4,1
33,34,1,7.7,8.9,44.0,18.6,61,1489,1550,2018-02-03,,0,2018,invierno,2,5,0
34,35,2,8.7,11.4,59.0,8.6,88,1620,1708,2018-02-04,,0,2018,invierno,2,6,0
35,36,2,9.6,12.2,93.0,10.8,100,905,1005,2018-02-05,,0,2018,invierno,2,0,1
36,37,1,11.7,14.6,57.0,9.5,354,1269,1623,2018-02-06,,0,2018,invierno,2,1,1
37,38,1,11.1,15.2,74.0,3.0,120,1592,1712,2018-02-07,,0,2018,invierno,2,2,1
38,39,1,9.0,9.9,54.0,24.3,64,1466,1530,2018-02-08,,0,2018,invierno,2,3,1
39,40,2,5.5,7.2,49.0,12.7,53,1552,1605,2018-02-09,,0,2018,invierno,2,4,1
40,41,1,5.9,7.5,44.0,14.9,47,1491,1538,2018-02-10,,0,2018,invierno,2,5,0
41,42,1,7.8,10.7,51.0,7.3,149,1597,1746,2018-02-11,,0,2018,invierno,2,6,0
42,43,1,9.1,11.6,54.0,13.6,288,1184,1472,2018-02-12,,0,2018,invierno,2,0,1
43,44,1,13.0,16.2,46.0,17.5,397,1192,1589,2018-02-13,,0,2018,invierno,2,1,1
44,45,1,17.0,19.9,38.0,28.0,208,1705,1913,2018-02-14,,0,2018,invierno,2,2,1
45,46,1,10.9,12.7,31.0,19.5,140,1675,1815,2018-02-15,,0,2018,invierno,2,3,1
46,47,1,13.0,15.8,42.0,16.9,218,1897,2115,2018-02-16,,0,2018,invierno,2,4,1
47,48,1,17.9,21.4,50.0,15.4,259,2216,2475,2018-02-17,,0,2018,invierno,2,5,0
48,49,1,21.4,25.6,52.0,17.7,579,2348,2927,2018-02-18,,0,2018,invierno,2,6,0
49,50,1,16.4,19.6,19.0,34.0,532,1103,1635,2018-02-19,Washington's Birthday,1,2018,invierno,2,0,0
50,51,1,11.7,13.9,41.0,15.0,639,1173,1812,2018-02-20,,0,2018,invierno,2,1,1
51,52,2,12.4,14.2,60.0,20.6,195,912,1107,2018-02-21,,0,2018,invierno,2,2,1
52,53,1,7.5,9.3,58.0,13.1,74,1376,1450,2018-02-22,,0,2018,invierno,2,3,1
53,54,1,9.1,12.3,42.0,6.3,139,1778,1917,2018-02-23,,0,2018,invierno,2,4,1
54,55,2,12.1,14.5,70.0,16.8,100,1707,1807,2018-02-24,,0,2018,invierno,2,5,0
55,56,2,14.9,17.5,71.0,23.2,120,1341,1461,2018-02-25,,0,2018,invierno,2,6,0
56,57,1,11.6,14.1,54.0,12.5,424,1545,1969,2018-02-26,,0,2018,invierno,2,0,1
57,58,1,14.1,17.6,68.0,8.4,694,1708,2402,2018-02-27,,0,2018,invierno,2,1,1
58,59,2,16.7,20.0,88.0,19.4,81,1365,1446,2018-02-28,,0,2018,invierno,2,2,1
59,60,1,10.9,13.2,54.0,14.5,137,1714,1851,2018-03-01,,0,2018,invierno,3,3,1
60,61,1,13.7,16.0,45.0,20.6,231,1903,2134,2018-03-02,,0,2018,invierno,3,4,1
61,62,1,8.1,10.0,32.0,15.1,123,1562,1685,2018-03-03,,0,2018,invierno,3,5,0
62,63,2,10.7,12.8,61.0,13.6,214,1730,1944,2018-03-04,,0,2018,invierno,3,6,0
63,64,2,15.8,18.9,79.0,16.9,640,1437,2077,2018-03-05,,0,2018,invierno,3,0,1
64,65,2,15.4,18.3,95.0,23.0,114,491,605,2018-03-06,,0,2018,invierno,3,1,1
65,66,1,10.7,11.9,55.0,22.9,244,1628,1872,2018-03-07,,0,2018,invierno,3,2,1
66,67,1,12.0,15.1,42.0,8.1,316,1817,2133,2018-03-08,,0,2018,invierno,3,3,1
67,68,2,12.1,14.3,78.0,14.8,191,1700,1891,2018-03-09,,0,2018,invierno,3,4,1
68,69,3,16.0,19.3,0.0,17.5,46,577,623,2018-03-10,,0,2018,invierno,3,5,0
69,70,2,13.0,15.2,65.0,15.6,247,1730,1977,2018-03-11,,0,2018,invierno,3,6,0
70,71,1,13.5,16.3,59.0,14.8,724,1408,2132,2018-03-12,,0,2018,invierno,3,0,1
71,72,1,15.8,19.0,53.0,18.1,982,1435,2417,2018-03-13,,0,2018,invierno,3,1,1
72,73,1,13.3,16.6,50.0,9.2,359,1687,2046,2018-03-14,,0,2018,invierno,3,2,1
73,74,2,13.0,15.9,66.0,12.3,289,1767,2056,2018-03-15,,0,2018,invierno,3,3,1
74,75,2,15.0,18.3,78.0,13.6,321,1871,2192,2018-03-16,,0,2018,invierno,3,4,1
75,76,1,17.0,20.5,60.0,14.0,424,2320,2744,2018-03-17,,0,2018,invierno,3,5,0
76,77,1,22.1,26.4,53.0,15.5,884,2355,3239,2018-03-18,,0,2018,invierno,3,6,0
77,78,1,19.4,23.3,38.0,24.7,1424,1693,3117,2018-03-19,,0,2018,invierno,3,0,1
78,79,1,13.6,16.3,47.0,13.9,1047,1424,2471,2018-03-20,,0,2018,invierno,3,1,1
79,80,2,17.6,20.5,74.0,19.3,401,1676,2077,2018-03-21,,0,2018,primavera,3,2,1
80,81,1,18.1,22.0,62.0,15.1,460,2243,2703,2018-03-22,,0,2018,primavera,3,3,1
81,82,2,14.2,16.9,84.0,15.7,203,1918,2121,2018-03-23,,0,2018,primavera,3,4,1
82,83,2,11.7,13.5,81.0,16.3,166,1699,1865,2018-03-24,,0,2018,primavera,3,5,0
83,84,1,10.8,12.8,50.0,15.5,300,1910,2210,2018-03-25,,0,2018,primavera,3,6,0
84,85,1,10.9,12.9,39.0,14.0,981,1515,2496,2018-03-26,,0,2018,primavera,3,0,1
85,86,2,10.4,12.5,49.0,12.3,472,1221,1693,2018-03-27,,0,2018,primavera,3,1,1
86,87,1,10.8,12.9,30.0,14.2,222,1806,2028,2018-03-28,,0,2018,primavera,3,2,1
87,88,1,12.4,14.6,31.0,15.2,317,2108,2425,2018-03-29,,0,2018,primavera,3,3,1
88,89,2,12.3,14.9,65.0,11.6,168,1368,1536,2018-03-30,,0,2018,primavera,3,4,1
89,90,3,11.0,12.9,92.0,14.6,179,1506,1685,2018-03-31,,0,2018,primavera,3,5,0
90,91,2,12.3,14.2,69.0,17.3,307,1920,2227,2018-04-01,,0,2018,primavera,4,6,0
91,92,2,12.9,15.8,65.0,13.2,898,1354,2252,2018-04-02,,0,2018,primavera,4,0,1
92,93,1,15.5,18.9,48.0,12.2,1651,1598,3249,2018-04-03,,0,2018,primavera,4,1,1
93,94,1,23.5,27.1,43.0,25.8,734,2381,3115,2018-04-04,,0,2018,primavera,4,2,1
94,95,2,17.0,19.9,64.0,26.0,167,1628,1795,2018-04-05,,0,2018,primavera,4,3,1
95,96,1,16.0,19.4,47.0,17.6,413,2395,2808,2018-04-06,,0,2018,primavera,4,4,1
96,97,1,17.9,21.7,60.0,10.9,571,2570,3141,2018-04-07,,0,2018,primavera,4,5,0
97,98,2,13.8,16.2,84.0,15.2,172,1299,1471,2018-04-08,,0,2018,primavera,4,6,0
98,99,2,14.0,17.1,88.0,8.9,879,1576,2455,2018-04-09,,0,2018,primavera,4,0,1
99,100,2,17.5,21.3,86.0,9.8,1188,1707,2895,2018-04-10,,0,2018,primavera,4,1,1
100,101,2,24.4,28.3,72.0,21.7,855,2493,3348,2018-04-11,,0,2018,primavera,4,2,1
101,102,2,20.6,24.7,74.0,18.4,257,1777,2034,2018-04-12,,0,2018,primavera,4,3,1
102,103,2,16.9,20.9,82.0,16.8,209,1953,2162,2018-04-13,,0,2018,primavera,4,4,1
103,104,1,19.2,23.1,54.0,7.4,529,2738,3267,2018-04-14,,0,2018,primavera,4,5,0
104,105,1,18.3,22.1,67.0,15.2,642,2484,3126,2018-04-15,,0,2018,primavera,4,6,0
105,106,3,17.7,21.3,89.0,22.8,121,674,795,2018-04-16,,0,2018,primavera,4,0,1
106,107,1,18.7,22.3,48.0,20.3,1558,2186,3744,2018-04-17,,0,2018,primavera,4,1,1
107,108,1,21.0,25.2,54.0,11.0,669,2760,3429,2018-04-18,,0,2018,primavera,4,2,1
108,109,2,20.7,24.5,67.0,10.6,409,2795,3204,2018-04-19,,0,2018,primavera,4,3,1
109,110,1,24.4,28.2,61.0,16.2,613,3331,3944,2018-04-20,,0,2018,primavera,4,4,1
110,111,1,18.8,22.7,41.0,21.8,745,3444,4189,2018-04-21,,0,2018,primavera,4,5,0
111,112,2,13.8,16.1,73.0,14.7,177,1506,1683,2018-04-22,,0,2018,primavera,4,6,0
112,113,2,18.9,22.5,89.0,15.5,1462,2574,4036,2018-04-23,,0,2018,primavera,4,0,1
113,114,2,23.8,27.6,81.0,12.9,1710,2481,4191,2018-04-24,,0,2018,primavera,4,1,1
114,115,1,24.9,28.7,78.0,12.4,773,3300,4073,2018-04-25,,0,2018,primavera,4,2,1
115,116,1,25.9,29.7,73.0,21.9,678,3722,4400,2018-04-26,,0,2018,primavera,4,3,1
116,117,2,25.4,28.8,84.0,20.9,547,3325,3872,2018-04-27,,0,2018,primavera,4,4,1
117,118,2,25.3,28.9,70.0,21.5,569,3489,4058,2018-04-28,,0,2018,primavera,4,5,0
118,119,1,20.9,24.9,46.0,16.1,878,3717,4595,2018-04-29,,0,2018,primavera,4,6,0
119,120,1,19.4,23.2,50.0,15.8,1965,3347,5312,2018-04-30,,0,2018,primavera,4,0,1
120,121,2,18.5,22.4,76.0,7.1,1138,2213,3351,2018-05-01,,0,2018,primavera,5,1,1
121,122,2,22.5,26.6,73.0,12.3,847,3554,4401,2018-05-02,,0,2018,primavera,5,2,1
122,123,2,25.3,29.1,70.0,23.0,603,3848,4451,2018-05-03,,0,2018,primavera,5,3,1
123,124,2,17.0,20.2,74.0,22.0,255,2378,2633,2018-05-04,,0,2018,primavera,5,4,1
124,125,1,18.8,22.1,44.0,19.8,614,3819,4433,2018-05-05,,0,2018,primavera,5,5,0
125,126,1,19.6,23.7,59.0,15.3,894,3714,4608,2018-05-06,,0,2018,primavera,5,6,0
126,127,1,21.3,25.6,54.0,10.8,1612,3102,4714,2018-05-07,,0,2018,primavera,5,0,1
127,128,1,21.7,25.9,63.0,5.0,1401,2932,4333,2018-05-08,,0,2018,primavera,5,1,1
128,129,1,21.8,26.3,59.0,11.8,664,3698,4362,2018-05-09,,0,2018,primavera,5,2,1
129,130,1,21.8,26.1,49.0,7.7,694,4109,4803,2018-05-10,,0,2018,primavera,5,3,1
130,131,1,22.2,26.4,63.0,8.1,550,3632,4182,2018-05-11,,0,2018,primavera,5,4,1
131,132,1,21.9,26.2,75.0,12.7,695,4169,4864,2018-05-12,,0,2018,primavera,5,5,0
132,133,2,21.0,24.7,86.0,12.0,692,3413,4105,2018-05-13,,0,2018,primavera,5,6,0
133,134,2,21.4,25.0,92.0,9.0,902,2507,3409,2018-05-14,,0,2018,primavera,5,0,1
134,135,2,23.1,26.8,87.0,10.2,1582,2971,4553,2018-05-15,,0,2018,primavera,5,1,1
135,136,1,23.7,27.5,79.0,8.5,773,3185,3958,2018-05-16,,0,2018,primavera,5,2,1
136,137,2,23.0,26.9,84.0,18.6,678,3445,4123,2018-05-17,,0,2018,primavera,5,3,1
137,138,2,22.6,26.4,87.0,13.5,536,3319,3855,2018-05-18,,0,2018,primavera,5,4,1
138,139,2,21.8,25.5,83.0,7.3,735,3840,4575,2018-05-19,,0,2018,primavera,5,5,0
139,140,1,22.0,26.5,72.0,8.4,909,4008,4917,2018-05-20,,0,2018,primavera,5,6,0
140,141,1,24.7,28.6,63.0,8.1,2258,3547,5805,2018-05-21,,0,2018,primavera,5,0,1
141,142,1,24.8,28.7,75.0,9.9,1576,3084,4660,2018-05-22,,0,2018,primavera,5,1,1
142,143,2,25.9,29.5,81.0,15.7,836,3438,4274,2018-05-23,,0,2018,primavera,5,2,1
143,144,2,27.1,30.2,74.0,13.9,659,3833,4492,2018-05-24,,0,2018,primavera,5,3,1
144,145,1,27.1,30.8,70.0,10.3,740,4238,4978,2018-05-25,,0,2018,primavera,5,4,1
145,146,1,29.0,32.7,68.0,13.4,758,3919,4677,2018-05-26,,0,2018,primavera,5,5,0
146,147,1,28.0,31.9,65.0,16.1,871,3808,4679,2018-05-27,,0,2018,primavera,5,6,0
147,148,1,26.9,30.6,73.0,15.4,2001,2757,4758,2018-05-28,Memorial Day,1,2018,primavera,5,0,0
148,149,1,27.4,30.8,82.0,14.3,2355,2433,4788,2018-05-29,,0,2018,primavera,5,1,1
149,150,1,30.1,33.6,68.0,8.8,1549,2549,4098,2018-05-30,,0,2018,primavera,5,2,1
150,151,1,31.8,36.3,64.0,7.5,673,3309,3982,2018-05-31,,0,2018,primavera,5,3,1
151,152,2,31.3,36.0,68.0,13.9,513,3461,3974,2018-06-01,,0,2018,primavera,6,4,1
152,153,1,29.3,32.2,30.0,19.6,736,4232,4968,2018-06-02,,0,2018,primavera,6,5,0
153,154,1,25.4,29.4,35.0,17.0,898,4414,5312,2018-06-03,,0,2018,primavera,6,6,0
154,155,1,26.0,29.7,46.0,8.3,1869,3473,5342,2018-06-04,,0,2018,primavera,6,0,1
155,156,2,26.6,30.8,65.0,9.3,1685,3221,4906,2018-06-05,,0,2018,primavera,6,1,1
156,157,1,27.8,31.1,60.0,8.2,673,3875,4548,2018-06-06,,0,2018,primavera,6,2,1
157,158,1,29.0,32.8,60.0,12.6,763,4070,4833,2018-06-07,,0,2018,primavera,6,3,1
158,159,1,31.8,36.4,62.0,9.2,676,3725,4401,2018-06-08,,0,2018,primavera,6,4,1
159,160,2,33.1,37.9,57.0,10.0,563,3352,3915,2018-06-09,,0,2018,primavera,6,5,0
160,161,1,31.0,35.2,60.0,9.4,815,3771,4586,2018-06-10,,0,2018,primavera,6,6,0
161,162,1,29.7,33.9,65.0,10.4,1729,3237,4966,2018-06-11,,0,2018,primavera,6,0,1
162,163,1,28.4,32.2,75.0,11.0,1467,2993,4460,2018-06-12,,0,2018,primavera,6,1,1
163,164,1,26.0,30.1,49.0,20.5,863,4157,5020,2018-06-13,,0,2018,primavera,6,2,1
164,165,1,24.8,29.6,51.0,18.0,727,4164,4891,2018-06-14,,0,2018,primavera,6,3,1
165,166,1,25.7,29.4,47.0,11.3,769,4411,5180,2018-06-15,,0,2018,primavera,6,4,1
166,167,2,25.8,29.8,69.0,13.8,545,3222,3767,2018-06-16,,0,2018,primavera,6,5,0
167,168,1,26.6,30.0,74.0,9.6,863,3981,4844,2018-06-17,,0,2018,primavera,6,6,0
168,169,1,28.6,32.2,67.0,8.0,1807,3312,5119,2018-06-18,,0,2018,primavera,6,0,1
169,170,2,28.7,32.3,67.0,6.8,1639,3105,4744,2018-06-19,,0,2018,primavera,6,1,1
170,171,2,26.0,29.8,75.0,10.4,699,3311,4010,2018-06-20,,0,2018,primavera,6,2,1
171,172,2,27.9,31.9,77.0,11.5,774,4061,4835,2018-06-21,,0,2018,verano,6,3,1
172,173,1,30.1,34.7,71.0,11.5,661,3846,4507,2018-06-22,,0,2018,verano,6,4,1
173,174,2,29.9,34.7,70.0,16.0,746,4044,4790,2018-06-23,,0,2018,verano,6,5,0
174,175,1,29.7,32.8,57.0,14.9,969,4022,4991,2018-06-24,,0,2018,verano,6,6,0
175,176,1,28.5,32.2,48.0,14.0,1782,3420,5202,2018-06-25,,0,2018,verano,6,0,1
176,177,1,27.9,31.9,51.0,6.3,1920,3385,5305,2018-06-26,,0,2018,verano,6,1,1
177,178,2,28.0,31.9,66.0,7.2,854,3854,4708,2018-06-27,,0,2018,verano,6,2,1
178,179,1,30.5,34.6,63.0,9.7,732,3916,4648,2018-06-28,,0,2018,verano,6,3,1
179,180,1,29.9,32.7,50.0,17.5,848,4377,5225,2018-06-29,,0,2018,verano,6,4,1
180,181,1,28.6,31.9,43.0,12.4,1027,4488,5515,2018-06-30,,0,2018,verano,6,5,0
181,182,1,29.6,32.6,40.0,6.9,1246,4116,5362,2018-07-01,,0,2018,verano,7,6,0
182,183,1,30.3,33.4,44.0,7.7,2204,2915,5119,2018-07-02,,0,2018,verano,7,0,1
183,184,2,29.4,33.4,68.0,15.3,2282,2367,4649,2018-07-03,,0,2018,verano,7,1,1
184,185,2,29.8,33.3,64.0,5.5,3065,2978,6043,2018-07-04,Independence Day,1,2018,verano,7,2,0
185,186,1,30.6,34.8,59.0,8.5,1031,3634,4665,2018-07-05,,0,2018,verano,7,3,1
186,187,1,29.5,34.3,74.0,10.0,784,3845,4629,2018-07-06,,0,2018,verano,7,4,1
187,188,1,30.8,34.3,65.0,10.7,754,3838,4592,2018-07-07,,0,2018,verano,7,5,0
188,189,2,29.1,33.5,76.0,15.1,692,3348,4040,2018-07-08,,0,2018,verano,7,6,0
189,190,1,30.1,33.2,61.0,11.3,1988,3348,5336,2018-07-09,,0,2018,verano,7,0,1
190,191,1,30.6,34.5,58.0,12.3,1743,3138,4881,2018-07-10,,0,2018,verano,7,1,1
191,192,1,31.3,36.5,64.0,18.9,723,3363,4086,2018-07-11,,0,2018,verano,7,2,1
192,193,1,32.6,37.0,56.0,13.4,662,3596,4258,2018-07-12,,0,2018,verano,7,3,1
193,194,1,30.6,34.5,63.0,9.8,748,3594,4342,2018-07-13,,0,2018,verano,7,4,1
194,195,1,27.9,31.8,48.0,16.1,888,4196,5084,2018-07-14,,0,2018,verano,7,5,0
195,196,1,27.2,31.2,59.0,12.2,1318,4220,5538,2018-07-15,,0,2018,verano,7,6,0
196,197,1,28.2,31.9,58.0,14.0,2418,3505,5923,2018-07-16,,0,2018,verano,7,0,1
197,198,1,29.5,33.5,60.0,16.4,2006,3296,5302,2018-07-17,,0,2018,verano,7,1,1
198,199,1,30.6,35.2,65.0,14.5,841,3617,4458,2018-07-18,,0,2018,verano,7,2,1
199,200,1,31.8,37.4,65.0,8.8,752,3789,4541,2018-07-19,,0,2018,verano,7,3,1
200,201,1,31.5,37.3,71.0,7.6,644,3688,4332,2018-07-20,,0,2018,verano,7,4,1
201,202,2,33.4,41.3,69.0,14.9,632,3152,3784,2018-07-21,,0,2018,verano,7,5,0
202,203,1,34.8,42.0,58.0,8.9,562,2825,3387,2018-07-22,,0,2018,verano,7,6,0
203,204,1,34.8,40.2,50.0,8.8,987,2298,3285,2018-07-23,,0,2018,verano,7,0,1
204,205,1,34.0,39.7,55.0,11.3,1050,2556,3606,2018-07-24,,0,2018,verano,7,1,1
205,206,1,30.5,36.0,76.0,6.1,568,3272,3840,2018-07-25,,0,2018,verano,7,2,1
206,207,1,31.6,34.8,54.0,13.4,750,3840,4590,2018-07-26,,0,2018,verano,7,3,1
207,208,1,31.8,34.5,40.0,12.3,755,3901,4656,2018-07-27,,0,2018,verano,7,4,1
208,209,1,32.0,37.0,58.0,12.0,606,3784,4390,2018-07-28,,0,2018,verano,7,5,0
209,210,1,34.4,39.3,54.0,11.7,670,3176,3846,2018-07-29,,0,2018,verano,7,6,0
210,211,1,33.0,36.4,47.0,11.3,1559,2916,4475,2018-07-30,,0,2018,verano,7,0,1
211,212,1,33.0,36.5,48.0,11.0,1524,2778,4302,2018-07-31,,0,2018,verano,7,1,1
212,213,1,31.6,35.2,55.0,10.5,729,3537,4266,2018-08-01,,0,2018,verano,8,2,1
213,214,1,32.1,35.4,49.0,13.8,801,4044,4845,2018-08-02,,0,2018,verano,8,3,1
214,215,2,30.0,34.0,66.0,9.1,467,3107,3574,2018-08-03,,0,2018,verano,8,4,1
215,216,2,29.1,33.2,76.0,13.2,799,3777,4576,2018-08-04,,0,2018,verano,8,5,0
216,217,1,29.1,32.8,63.0,12.4,1023,3843,4866,2018-08-05,,0,2018,verano,8,6,0
217,218,2,29.4,33.8,76.0,15.3,1521,2773,4294,2018-08-06,,0,2018,verano,8,0,1
218,219,1,30.4,35.8,75.0,13.5,1298,2487,3785,2018-08-07,,0,2018,verano,8,1,1
219,220,1,31.4,35.2,59.0,12.9,846,3480,4326,2018-08-08,,0,2018,verano,8,2,1
220,221,1,31.8,36.2,57.0,10.1,907,3695,4602,2018-08-09,,0,2018,verano,8,3,1
221,222,1,31.4,34.2,42.0,13.4,884,3896,4780,2018-08-10,,0,2018,verano,8,4,1
222,223,1,29.4,32.6,42.0,11.0,812,3980,4792,2018-08-11,,0,2018,verano,8,5,0
223,224,1,29.0,32.7,42.0,8.4,1051,3854,4905,2018-08-12,,0,2018,verano,8,6,0
224,225,2,28.1,32.3,73.0,14.2,1504,2646,4150,2018-08-13,,0,2018,verano,8,0,1
225,226,2,27.7,31.2,82.0,14.9,1338,2482,3820,2018-08-14,,0,2018,verano,8,1,1
226,227,1,27.3,30.8,71.0,14.0,775,3563,4338,2018-08-15,,0,2018,verano,8,2,1
227,228,1,28.7,32.3,58.0,15.8,721,4004,4725,2018-08-16,,0,2018,verano,8,3,1
228,229,1,29.7,33.3,58.0,9.6,668,4026,4694,2018-08-17,,0,2018,verano,8,4,1
229,230,1,29.2,33.1,65.0,15.6,639,3166,3805,2018-08-18,,0,2018,verano,8,5,0
230,231,2,28.1,31.7,72.0,9.3,797,3356,4153,2018-08-19,,0,2018,verano,8,6,0
231,232,1,28.6,32.4,67.0,7.0,1914,3277,5191,2018-08-20,,0,2018,verano,8,0,1
232,233,1,29.1,33.8,77.0,16.7,1249,2624,3873,2018-08-21,,0,2018,verano,8,1,1
233,234,1,28.4,31.9,47.0,18.5,833,3925,4758,2018-08-22,,0,2018,verano,8,2,1
234,235,1,26.3,30.3,46.0,9.8,1281,4614,5895,2018-08-23,,0,2018,verano,8,3,1
235,236,1,27.6,31.5,60.0,17.0,949,4181,5130,2018-08-24,,0,2018,verano,8,4,1
236,237,2,28.0,32.3,77.0,14.1,435,3107,3542,2018-08-25,,0,2018,verano,8,5,0
237,238,1,28.7,33.0,76.0,5.6,768,3893,4661,2018-08-26,,0,2018,verano,8,6,0
238,239,2,27.9,31.8,85.0,25.2,226,889,1115,2018-08-27,,0,2018,verano,8,0,1
239,240,1,29.0,32.4,56.0,20.4,1415,2919,4334,2018-08-28,,0,2018,verano,8,1,1
240,241,1,26.1,30.4,55.0,10.7,729,3905,4634,2018-08-29,,0,2018,verano,8,2,1
241,242,1,26.2,29.7,55.0,8.4,775,4429,5204,2018-08-30,,0,2018,verano,8,3,1
242,243,1,26.9,30.6,60.0,5.6,688,4370,5058,2018-08-31,,0,2018,verano,8,4,1
243,244,1,26.9,30.7,64.0,9.5,783,4332,5115,2018-09-01,,0,2018,verano,9,5,0
244,245,2,26.4,30.2,73.0,9.4,875,3852,4727,2018-09-02,,0,2018,verano,9,6,0
245,246,1,27.4,31.7,72.0,12.4,1935,2549,4484,2018-09-03,Labor Day,1,2018,verano,9,0,0
246,247,1,29.1,33.3,74.0,13.8,2521,2419,4940,2018-09-04,,0,2018,verano,9,1,1
247,248,2,27.6,31.3,79.0,14.3,1236,2115,3351,2018-09-05,,0,2018,verano,9,2,1
248,249,3,22.1,25.8,89.0,23.0,204,2506,2710,2018-09-06,,0,2018,verano,9,3,1
249,250,3,24.6,27.2,92.0,6.5,118,1878,1996,2018-09-07,,0,2018,verano,9,4,1
250,251,3,26.0,27.8,94.0,12.9,153,1689,1842,2018-09-08,,0,2018,verano,9,5,0
251,252,2,26.6,28.9,90.0,8.3,417,3127,3544,2018-09-09,,0,2018,verano,9,6,0
252,253,1,27.1,30.4,75.0,10.3,1750,3595,5345,2018-09-10,,0,2018,verano,9,0,1
253,254,1,26.8,30.5,71.0,7.7,1633,3413,5046,2018-09-11,,0,2018,verano,9,1,1
254,255,1,26.4,30.1,69.0,6.0,690,4023,4713,2018-09-12,,0,2018,verano,9,2,1
255,256,1,26.7,30.2,71.0,9.5,701,4062,4763,2018-09-13,,0,2018,verano,9,3,1
256,257,1,27.6,31.3,70.0,11.2,647,4138,4785,2018-09-14,,0,2018,verano,9,4,1
257,258,2,23.7,27.7,71.0,18.2,428,3231,3659,2018-09-15,,0,2018,verano,9,5,0
258,259,2,19.2,23.1,59.0,11.0,742,4018,4760,2018-09-16,,0,2018,verano,9,6,0
259,260,2,20.2,23.9,72.0,12.7,1434,3077,4511,2018-09-17,,0,2018,verano,9,0,1
260,261,1,20.8,24.5,70.0,12.0,1353,2921,4274,2018-09-18,,0,2018,verano,9,1,1
261,262,2,22.5,26.5,69.0,10.2,691,3848,4539,2018-09-19,,0,2018,verano,9,2,1
262,263,2,23.0,26.6,88.0,9.0,438,3203,3641,2018-09-20,,0,2018,verano,9,3,1
263,264,2,24.4,27.5,90.0,6.5,539,3813,4352,2018-09-21,,0,2018,verano,9,4,1
264,265,2,25.8,27.7,90.0,8.6,555,4240,4795,2018-09-22,,0,2018,verano,9,5,0
265,266,2,25.0,26.1,97.0,5.3,258,2137,2395,2018-09-23,,0,2018,otoño,9,6,0
266,267,2,24.9,28.2,86.0,5.3,1776,3647,5423,2018-09-24,,0,2018,otoño,9,0,1
267,268,2,26.0,28.6,84.0,3.4,1544,3466,5010,2018-09-25,,0,2018,otoño,9,1,1
268,269,2,26.6,29.5,85.0,7.4,684,3946,4630,2018-09-26,,0,2018,otoño,9,2,1
269,270,2,26.1,28.7,89.0,7.9,477,3643,4120,2018-09-27,,0,2018,otoño,9,3,1
270,271,2,26.0,28.8,85.0,10.0,480,3427,3907,2018-09-28,,0,2018,otoño,9,4,1
271,272,1,25.3,28.7,70.0,11.6,653,4186,4839,2018-09-29,,0,2018,otoño,9,5,0
272,273,1,23.1,27.2,65.0,13.8,830,4372,5202,2018-09-30,,0,2018,otoño,9,6,0
273,274,2,16.8,20.6,75.0,19.6,480,1949,2429,2018-10-01,,0,2018,otoño,10,0,1
274,275,2,14.6,17.3,79.0,14.9,616,2302,2918,2018-10-02,,0,2018,otoño,10,1,1
275,276,2,15.8,19.6,76.0,5.6,330,3240,3570,2018-10-03,,0,2018,otoño,10,2,1
276,277,1,19.8,23.6,71.0,13.8,486,3970,4456,2018-10-04,,0,2018,otoño,10,3,1
277,278,1,22.1,26.4,65.0,11.9,559,4267,4826,2018-10-05,,0,2018,otoño,10,4,1
278,279,1,20.3,24.0,62.0,9.0,639,4126,4765,2018-10-06,,0,2018,otoño,10,5,0
279,280,1,20.9,25.2,68.0,1.5,949,4036,4985,2018-10-07,,0,2018,otoño,10,6,0
280,281,1,21.4,25.7,70.0,3.0,2235,3174,5409,2018-10-08,Columbus Day,1,2018,otoño,10,0,0
281,282,1,22.2,26.2,73.0,4.3,2397,3114,5511,2018-10-09,,0,2018,otoño,10,1,1
282,283,1,23.4,27.1,73.0,2.8,1514,3603,5117,2018-10-10,,0,2018,otoño,10,2,1
283,284,2,23.2,27.3,81.0,9.6,667,3896,4563,2018-10-11,,0,2018,otoño,10,3,1
284,285,3,22.3,25.9,91.0,16.6,217,2199,2416,2018-10-12,,0,2018,otoño,10,4,1
285,286,2,24.2,27.6,90.0,9.5,290,2623,2913,2018-10-13,,0,2018,otoño,10,5,0
286,287,2,22.6,26.5,72.0,15.0,529,3115,3644,2018-10-14,,0,2018,otoño,10,6,0
287,288,1,20.8,24.9,48.0,17.3,1899,3318,5217,2018-10-15,,0,2018,otoño,10,0,1
288,289,1,21.0,25.2,49.0,18.9,1748,3293,5041,2018-10-16,,0,2018,otoño,10,1,1
289,290,1,21.9,25.5,58.0,11.8,713,3857,4570,2018-10-17,,0,2018,otoño,10,2,1
290,291,2,21.8,26.1,70.0,7.4,637,4111,4748,2018-10-18,,0,2018,otoño,10,3,1
291,292,3,22.2,25.7,90.0,16.3,254,2170,2424,2018-10-19,,0,2018,otoño,10,4,1
292,293,1,19.5,23.3,64.0,28.3,471,3724,4195,2018-10-20,,0,2018,otoño,10,5,0
293,294,1,17.5,21.2,57.0,14.8,676,3628,4304,2018-10-21,,0,2018,otoño,10,6,0
294,295,1,17.3,21.3,63.0,6.2,1499,2809,4308,2018-10-22,,0,2018,otoño,10,0,1
295,296,1,17.3,21.1,74.0,6.7,1619,2762,4381,2018-10-23,,0,2018,otoño,10,1,1
296,297,1,19.0,22.9,77.0,8.0,699,3488,4187,2018-10-24,,0,2018,otoño,10,2,1
297,298,1,19.3,23.2,62.0,11.2,695,3992,4687,2018-10-25,,0,2018,otoño,10,3,1
298,299,2,19.8,23.6,72.0,10.0,404,3490,3894,2018-10-26,,0,2018,otoño,10,4,1
299,300,2,19.3,22.9,81.0,13.3,240,2419,2659,2018-10-27,,0,2018,otoño,10,5,0
300,301,2,13.6,15.9,59.0,15.4,456,3291,3747,2018-10-28,,0,2018,otoño,10,6,0
301,302,3,10.4,11.4,88.0,23.5,57,570,627,2018-10-29,,0,2018,otoño,10,0,1
302,303,1,13.1,16.1,62.0,11.8,885,2446,3331,2018-10-30,,0,2018,otoño,10,1,1
303,304,1,13.9,17.8,70.0,7.1,362,3307,3669,2018-10-31,,0,2018,otoño,10,2,1
304,305,1,16.4,19.9,68.0,9.1,410,3658,4068,2018-11-01,,0,2018,otoño,11,3,1
305,306,1,15.5,19.5,72.0,5.5,370,3816,4186,2018-11-02,,0,2018,otoño,11,4,1
306,307,1,16.7,20.3,70.0,9.2,318,3656,3974,2018-11-03,,0,2018,otoño,11,5,0
307,308,2,16.5,20.2,62.0,18.2,470,3576,4046,2018-11-04,,0,2018,otoño,11,6,0
308,309,1,13.4,16.2,52.0,12.7,1156,2770,3926,2018-11-05,,0,2018,otoño,11,0,1
309,310,1,14.3,18.1,73.0,6.2,952,2697,3649,2018-11-06,,0,2018,otoño,11,1,1
310,311,1,16.2,20.0,76.0,3.8,373,3662,4035,2018-11-07,,0,2018,otoño,11,2,1
311,312,1,16.7,20.6,72.0,4.6,376,3829,4205,2018-11-08,,0,2018,otoño,11,3,1
312,313,1,16.4,20.5,76.0,4.2,305,3804,4109,2018-11-09,,0,2018,otoño,11,4,1
313,314,2,15.6,18.7,81.0,12.7,190,2743,2933,2018-11-10,,0,2018,otoño,11,5,0
314,315,1,13.3,15.3,45.0,21.1,440,2928,3368,2018-11-11,Veterans Day,1,2018,otoño,11,6,0
315,316,1,14.6,17.9,55.0,14.2,1275,2792,4067,2018-11-12,Veterans Day (Observed),1,2018,otoño,11,0,0
316,317,1,18.1,21.5,46.0,18.9,1004,2713,3717,2018-11-13,,0,2018,otoño,11,1,1
317,318,1,21.7,26.2,59.0,20.5,595,3891,4486,2018-11-14,,0,2018,otoño,11,2,1
318,319,2,21.7,25.4,69.0,13.4,449,3746,4195,2018-11-15,,0,2018,otoño,11,3,1
319,320,3,18.7,22.6,93.0,9.2,145,1672,1817,2018-11-16,,0,2018,otoño,11,4,1
320,321,2,14.0,16.2,58.0,20.5,139,2914,3053,2018-11-17,,0,2018,otoño,11,5,0
321,322,1,11.2,13.6,41.0,11.3,245,3147,3392,2018-11-18,,0,2018,otoño,11,6,0
322,323,1,13.5,16.2,50.0,15.0,943,2720,3663,2018-11-19,,0,2018,otoño,11,0,1
323,324,2,19.0,22.9,68.0,12.5,787,2733,3520,2018-11-20,,0,2018,otoño,11,1,1
324,325,3,18.4,22.3,91.0,9.2,220,2545,2765,2018-11-21,,0,2018,otoño,11,2,1
325,326,3,17.1,21.1,96.0,8.0,69,1538,1607,2018-11-22,Thanksgiving,1,2018,otoño,11,3,0
326,327,2,18.1,21.5,76.0,22.5,112,2454,2566,2018-11-23,,0,2018,otoño,11,4,1
327,328,1,15.3,18.6,55.0,11.2,560,935,1495,2018-11-24,,0,2018,otoño,11,5,0
328,329,1,15.4,19.0,64.0,6.6,1095,1697,2792,2018-11-25,,0,2018,otoño,11,6,0
329,330,1,15.4,19.3,68.0,4.6,1249,1819,3068,2018-11-26,,0,2018,otoño,11,0,1
330,331,1,18.8,22.8,70.0,14.0,810,2261,3071,2018-11-27,,0,2018,otoño,11,1,1
331,332,1,20.6,24.5,74.0,9.5,253,3614,3867,2018-11-28,,0,2018,otoño,11,2,1
332,333,2,18.8,22.6,83.0,17.3,96,2818,2914,2018-11-29,,0,2018,otoño,11,3,1
333,334,1,13.3,15.6,61.0,18.2,188,3425,3613,2018-11-30,,0,2018,otoño,11,4,1
334,335,1,12.8,15.3,52.0,14.8,182,3545,3727,2018-12-01,,0,2018,otoño,12,5,0
335,336,1,12.9,16.6,63.0,6.8,268,3672,3940,2018-12-02,,0,2018,otoño,12,6,0
336,337,1,12.3,15.5,61.0,6.4,706,2908,3614,2018-12-03,,0,2018,otoño,12,0,1
337,338,1,13.6,17.5,78.0,5.6,634,2851,3485,2018-12-04,,0,2018,otoño,12,1,1
338,339,2,15.8,19.7,83.0,4.2,233,3578,3811,2018-12-05,,0,2018,otoño,12,2,1
339,340,3,19.0,22.8,95.0,15.6,126,2468,2594,2018-12-06,,0,2018,otoño,12,3,1
340,341,3,16.8,20.0,97.0,17.8,50,655,705,2018-12-07,,0,2018,otoño,12,4,1
341,342,1,10.9,12.8,58.0,16.1,150,3172,3322,2018-12-08,,0,2018,otoño,12,5,0
342,343,1,11.9,15.9,70.0,5.5,261,3359,3620,2018-12-09,,0,2018,otoño,12,6,0
343,344,1,11.3,13.3,51.0,15.6,502,2688,3190,2018-12-10,,0,2018,otoño,12,0,1
344,345,1,9.0,12.7,49.0,4.5,377,2366,2743,2018-12-11,,0,2018,otoño,12,1,1
345,346,1,9.8,13.5,67.0,4.3,143,3167,3310,2018-12-12,,0,2018,otoño,12,2,1
346,347,1,11.6,15.1,59.0,9.4,155,3368,3523,2018-12-13,,0,2018,otoño,12,3,1
347,348,2,13.0,16.9,66.0,4.1,178,3562,3740,2018-12-14,,0,2018,otoño,12,4,1
348,349,2,17.3,20.6,63.0,18.0,181,3528,3709,2018-12-15,,0,2018,otoño,12,5,0
349,350,2,15.4,18.0,50.0,17.5,178,3399,3577,2018-12-16,,0,2018,otoño,12,6,0
350,351,2,10.6,12.5,56.0,16.3,275,2464,2739,2018-12-17,,0,2018,otoño,12,0,1
351,352,1,9.8,12.3,59.0,11.4,220,2211,2431,2018-12-18,,0,2018,otoño,12,1,1
352,353,1,11.3,14.0,64.0,11.6,260,3143,3403,2018-12-19,,0,2018,otoño,12,2,1
353,354,2,15.8,19.8,60.0,4.1,216,3534,3750,2018-12-20,,0,2018,otoño,12,3,1
354,355,2,17.6,21.4,86.0,14.8,107,2553,2660,2018-12-21,,0,2018,invierno,12,4,1
355,356,2,17.4,21.3,76.0,3.2,227,2841,3068,2018-12-22,,0,2018,invierno,12,5,0
356,357,1,15.3,18.9,69.0,18.4,163,2046,2209,2018-12-23,,0,2018,invierno,12,6,0
357,358,1,12.4,15.0,54.0,12.8,155,856,1011,2018-12-24,,0,2018,invierno,12,0,1
358,359,1,11.3,14.0,68.0,10.4,303,451,754,2018-12-25,Christmas Day,1,2018,invierno,12,1,0
359,360,1,13.2,15.8,51.0,16.0,430,887,1317,2018-12-26,,0,2018,invierno,12,2,1
360,361,2,13.3,16.4,76.0,12.6,103,1059,1162,2018-12-27,,0,2018,invierno,12,3,1
361,362,1,12.3,14.0,50.0,19.7,255,2047,2302,2018-12-28,,0,2018,invierno,12,4,1
362,363,1,10.2,13.2,57.0,8.0,254,2169,2423,2018-12-29,,0,2018,invierno,12,5,0
363,364,1,12.8,15.9,64.0,9.0,491,2508,2999,2018-12-30,,0,2018,invierno,12,6,0
364,365,1,16.8,20.7,62.0,14.8,665,1820,2485,2018-12-31,,0,2018,invierno,12,0,1
365,366,1,15.2,18.8,69.0,12.9,686,1608,2294,2019-01-01,New Year's Day,1,2019,invierno,1,1,0
366,367,1,11.2,12.6,38.0,22.1,244,1707,1951,2019-01-02,,0,2019,invierno,1,2,1
367,368,1,6.2,6.3,44.0,24.5,89,2147,2236,2019-01-03,,0,2019,invierno,1,3,1
368,369,2,4.4,6.0,41.0,12.4,95,2273,2368,2019-01-04,,0,2019,invierno,1,4,1
369,370,1,10.9,13.9,52.0,8.7,140,3132,3272,2019-01-05,,0,2019,invierno,1,5,0
370,371,1,13.7,17.0,54.0,11.2,307,3791,4098,2019-01-06,,0,2019,invierno,1,6,0
371,372,1,16.1,19.5,53.0,11.7,1070,3451,4521,2019-01-07,,0,2019,invierno,1,0,1
372,373,1,13.8,17.0,46.0,12.8,599,2826,3425,2019-01-08,,0,2019,invierno,1,1,1
373,374,2,9.2,12.4,70.0,6.6,106,2270,2376,2019-01-09,,0,2019,invierno,1,2,1
374,375,1,12.7,15.9,65.0,12.6,173,3425,3598,2019-01-10,,0,2019,invierno,1,3,1
375,376,2,11.2,14.1,85.0,8.8,92,2085,2177,2019-01-11,,0,2019,invierno,1,4,1
376,377,2,15.7,19.1,80.0,12.1,269,3828,4097,2019-01-12,,0,2019,invierno,1,5,0
377,378,1,11.2,12.5,51.0,25.3,174,3040,3214,2019-01-13,,0,2019,invierno,1,6,0
378,379,1,7.4,9.2,46.0,12.5,333,2160,2493,2019-01-14,,0,2019,invierno,1,0,1
379,380,1,6.8,8.1,42.0,16.8,284,2027,2311,2019-01-15,,0,2019,invierno,1,1,1
380,381,1,7.8,9.5,52.0,15.5,217,2081,2298,2019-01-16,,0,2019,invierno,1,2,1
381,382,2,15.3,18.2,72.0,23.4,127,2808,2935,2019-01-17,,0,2019,invierno,1,3,1
382,383,1,12.4,13.8,44.0,27.8,109,3267,3376,2019-01-18,,0,2019,invierno,1,4,1
383,384,1,7.8,9.5,50.0,14.8,130,3162,3292,2019-01-19,,0,2019,invierno,1,5,0
384,385,2,8.9,11.0,45.0,13.6,115,3048,3163,2019-01-20,,0,2019,invierno,1,6,0
385,386,2,7.1,8.7,83.0,14.9,67,1234,1301,2019-01-21,Martin Luther King Jr. Day,1,2019,invierno,1,0,0
386,387,2,6.7,8.1,80.0,13.4,196,1781,1977,2019-01-22,,0,2019,invierno,1,1,1
387,388,2,9.0,12.2,91.0,7.4,145,2287,2432,2019-01-23,,0,2019,invierno,1,2,1
388,389,1,14.0,17.5,84.0,8.3,439,3900,4339,2019-01-24,,0,2019,invierno,1,3,1
389,390,1,12.1,14.7,64.0,10.8,467,3803,4270,2019-01-25,,0,2019,invierno,1,4,1
390,391,2,14.0,17.8,77.0,4.9,244,3831,4075,2019-01-26,,0,2019,invierno,1,5,0
391,392,2,17.4,20.8,74.0,23.0,269,3187,3456,2019-01-27,,0,2019,invierno,1,6,0
392,393,1,13.0,16.3,54.0,14.1,775,3248,4023,2019-01-28,,0,2019,invierno,1,0,1
393,394,1,11.6,13.6,31.0,16.1,558,2685,3243,2019-01-29,,0,2019,invierno,1,1,1
394,395,1,11.0,13.1,40.0,14.5,126,3498,3624,2019-01-30,,0,2019,invierno,1,2,1
395,396,1,16.0,19.1,42.0,17.5,324,4185,4509,2019-01-31,,0,2019,invierno,1,3,1
396,397,1,19.2,23.3,51.0,12.7,304,4275,4579,2019-02-01,,0,2019,invierno,2,4,1
397,398,2,16.4,19.9,67.0,12.5,190,3571,3761,2019-02-02,,0,2019,invierno,2,5,0
398,399,1,12.8,15.5,53.0,12.0,310,3841,4151,2019-02-03,,0,2019,invierno,2,6,0
399,400,2,10.8,13.6,78.0,8.2,384,2448,2832,2019-02-04,,0,2019,invierno,2,0,1
400,401,2,10.9,13.2,69.0,11.8,318,2629,2947,2019-02-05,,0,2019,invierno,2,1,1
401,402,1,11.6,14.8,62.0,10.3,206,3578,3784,2019-02-06,,0,2019,invierno,2,2,1
402,403,1,14.5,18.1,50.0,9.9,199,4176,4375,2019-02-07,,0,2019,invierno,2,3,1
403,404,2,10.5,13.3,72.0,9.0,109,2693,2802,2019-02-08,,0,2019,invierno,2,4,1
404,405,1,10.9,13.1,56.0,13.0,163,3667,3830,2019-02-09,,0,2019,invierno,2,5,0
405,406,2,11.5,14.7,54.0,7.8,227,3604,3831,2019-02-10,,0,2019,invierno,2,6,0
406,407,3,9.2,10.5,73.0,19.4,192,1977,2169,2019-02-11,,0,2019,invierno,2,0,1
407,408,1,5.2,5.1,46.0,27.4,73,1456,1529,2019-02-12,,0,2019,invierno,2,1,1
408,409,1,9.1,11.4,41.0,11.2,94,3328,3422,2019-02-13,,0,2019,invierno,2,2,1
409,410,2,13.1,16.7,51.0,9.5,135,3787,3922,2019-02-14,,0,2019,invierno,2,3,1
410,411,1,14.3,17.6,53.0,12.2,141,4028,4169,2019-02-15,,0,2019,invierno,2,4,1
411,412,2,13.0,16.5,75.0,6.1,74,2931,3005,2019-02-16,,0,2019,invierno,2,5,0
412,413,1,14.1,17.6,63.0,13.8,349,3805,4154,2019-02-17,,0,2019,invierno,2,6,0
413,414,1,14.2,17.8,53.0,12.8,1435,2883,4318,2019-02-18,Washington's Birthday,1,2019,invierno,2,0,0
414,415,2,11.5,13.3,52.0,17.0,618,2071,2689,2019-02-19,,0,2019,invierno,2,1,1
415,416,1,11.5,13.7,51.0,15.3,502,2627,3129,2019-02-20,,0,2019,invierno,2,2,1
416,417,1,11.8,14.8,59.0,13.8,163,3614,3777,2019-02-21,,0,2019,invierno,2,3,1
417,418,1,16.2,19.6,57.0,15.7,394,4379,4773,2019-02-22,,0,2019,invierno,2,4,1
418,419,1,18.6,22.2,55.0,12.8,516,4546,5062,2019-02-23,,0,2019,invierno,2,5,0
419,420,2,16.7,20.5,74.0,15.9,246,3241,3487,2019-02-24,,0,2019,invierno,2,6,0
420,421,1,11.9,12.8,40.0,28.3,317,2415,2732,2019-02-25,,0,2019,invierno,2,0,1
421,422,1,11.4,13.4,41.0,13.8,515,2874,3389,2019-02-26,,0,2019,invierno,2,1,1
422,423,1,15.0,17.9,49.0,18.0,253,4069,4322,2019-02-27,,0,2019,invierno,2,2,1
423,424,1,14.7,17.7,40.0,13.0,229,4134,4363,2019-02-28,,0,2019,invierno,2,3,1
424,425,1,19.9,23.8,62.0,15.2,325,4665,4990,2019-03-01,,0,2019,invierno,3,4,1
425,426,2,14.5,18.0,66.0,9.7,246,2948,3194,2019-03-02,,0,2019,invierno,3,5,0
426,427,2,17.0,20.7,62.0,10.8,956,3110,4066,2019-03-03,,0,2019,invierno,3,6,0
427,428,1,13.4,15.2,40.0,22.4,710,2713,3423,2019-03-04,,0,2019,invierno,3,0,1
428,429,1,10.0,12.1,51.0,15.3,203,3130,3333,2019-03-05,,0,2019,invierno,3,1,1
429,430,1,10.6,12.8,46.0,13.5,221,3735,3956,2019-03-06,,0,2019,invierno,3,2,1
430,431,1,16.6,19.3,51.0,23.2,432,4484,4916,2019-03-07,,0,2019,invierno,3,3,1
431,432,1,21.6,26.2,57.0,29.6,486,4896,5382,2019-03-08,,0,2019,invierno,3,4,1
432,433,2,16.8,19.9,41.0,27.8,447,4122,4569,2019-03-09,,0,2019,invierno,3,5,0
433,434,1,11.8,13.9,35.0,15.1,968,3150,4118,2019-03-10,,0,2019,invierno,3,6,0
434,435,1,14.8,18.0,48.0,14.9,1658,3253,4911,2019-03-11,,0,2019,invierno,3,0,1
435,436,1,19.1,23.0,49.0,13.9,838,4460,5298,2019-03-12,,0,2019,invierno,3,1,1
436,437,1,23.2,27.1,62.0,15.9,762,5085,5847,2019-03-13,,0,2019,invierno,3,2,1
437,438,1,23.5,27.4,51.0,7.7,997,5315,6312,2019-03-14,,0,2019,invierno,3,3,1
438,439,1,22.9,26.6,58.0,10.0,1005,5187,6192,2019-03-15,,0,2019,invierno,3,4,1
439,440,2,17.9,21.8,84.0,7.6,548,3830,4378,2019-03-16,,0,2019,invierno,3,5,0
440,441,2,21.1,25.3,76.0,7.4,3155,4681,7836,2019-03-17,,0,2019,invierno,3,6,0
441,442,2,19.4,23.2,81.0,8.5,2207,3685,5892,2019-03-18,,0,2019,invierno,3,0,1
442,443,1,22.3,26.6,73.0,10.9,982,5171,6153,2019-03-19,,0,2019,invierno,3,1,1
443,444,1,23.0,26.9,81.0,8.1,1051,5042,6093,2019-03-20,,0,2019,invierno,3,2,1
444,445,2,21.8,25.7,82.0,6.0,1122,5108,6230,2019-03-21,,0,2019,primavera,3,3,1
445,446,1,22.7,26.6,83.0,7.9,1334,5537,6871,2019-03-22,,0,2019,primavera,3,4,1
446,447,2,24.7,28.5,69.0,7.8,2469,5893,8362,2019-03-23,,0,2019,primavera,3,5,0
447,448,2,20.6,24.3,89.0,12.9,1033,2339,3372,2019-03-24,,0,2019,primavera,3,6,0
448,449,2,17.9,21.9,88.0,14.8,1532,3464,4996,2019-03-25,,0,2019,primavera,3,0,1
449,450,1,18.3,21.9,48.0,25.9,795,4763,5558,2019-03-26,,0,2019,primavera,3,1,1
450,451,1,13.3,15.8,29.0,12.5,531,4571,5102,2019-03-27,,0,2019,primavera,3,2,1
451,452,1,19.8,23.5,48.0,19.5,674,5024,5698,2019-03-28,,0,2019,primavera,3,3,1
452,453,1,20.3,24.1,44.0,21.4,834,5299,6133,2019-03-29,,0,2019,primavera,3,4,1
453,454,2,15.2,18.8,58.0,9.3,796,4663,5459,2019-03-30,,0,2019,primavera,3,5,0
454,455,2,17.4,21.1,74.0,16.8,2301,3934,6235,2019-03-31,,0,2019,primavera,3,6,0
455,456,2,17.5,20.9,68.0,11.5,2347,3694,6041,2019-04-01,,0,2019,primavera,4,0,1
456,457,1,17.8,21.4,50.0,20.9,1208,4728,5936,2019-04-02,,0,2019,primavera,4,1,1
457,458,1,19.1,23.1,40.0,6.7,1348,5424,6772,2019-04-03,,0,2019,primavera,4,2,1
458,459,1,22.2,26.7,47.0,12.1,1058,5378,6436,2019-04-04,,0,2019,primavera,4,3,1
459,460,1,17.8,21.6,37.0,14.7,1192,5265,6457,2019-04-05,,0,2019,primavera,4,4,1
460,461,1,16.5,19.5,38.0,20.1,1807,4653,6460,2019-04-06,,0,2019,primavera,4,5,0
461,462,1,17.9,21.3,25.0,18.4,3252,3605,6857,2019-04-07,,0,2019,primavera,4,6,0
462,463,1,20.5,24.6,28.0,15.6,2230,2939,5169,2019-04-08,,0,2019,primavera,4,0,1
463,464,1,20.1,23.8,32.0,24.0,905,4680,5585,2019-04-09,,0,2019,primavera,4,1,1
464,465,1,18.3,21.8,44.0,16.7,819,5099,5918,2019-04-10,,0,2019,primavera,4,2,1
465,466,1,14.3,16.9,47.0,19.8,482,4380,4862,2019-04-11,,0,2019,primavera,4,3,1
466,467,1,16.3,19.4,47.0,19.5,663,4746,5409,2019-04-12,,0,2019,primavera,4,4,1
467,468,1,18.1,21.6,41.0,10.4,1252,5146,6398,2019-04-13,,0,2019,primavera,4,5,0
468,469,1,20.3,24.4,50.0,12.8,2795,4665,7460,2019-04-14,,0,2019,primavera,4,6,0
469,470,1,24.9,28.7,51.0,15.1,2846,4286,7132,2019-04-15,,0,2019,primavera,4,0,1
470,471,1,27.2,30.7,56.0,19.1,1198,5172,6370,2019-04-16,,0,2019,primavera,4,1,1
471,472,1,24.9,29.9,39.0,18.3,989,5702,6691,2019-04-17,,0,2019,primavera,4,2,1
472,473,2,19.0,22.9,57.0,11.3,347,4020,4367,2019-04-18,,0,2019,primavera,4,3,1
473,474,1,20.4,24.7,61.0,4.4,846,5719,6565,2019-04-19,,0,2019,primavera,4,4,1
474,475,1,21.6,25.8,69.0,10.0,1340,5950,7290,2019-04-20,,0,2019,primavera,4,5,0
475,476,1,23.4,27.1,68.0,19.0,2541,4083,6624,2019-04-21,,0,2019,primavera,4,6,0
476,477,3,16.3,19.5,84.0,23.1,120,907,1027,2019-04-22,,0,2019,primavera,4,0,1
477,478,2,13.2,15.1,77.0,20.3,195,3019,3214,2019-04-23,,0,2019,primavera,4,1,1
478,479,1,17.0,20.3,45.0,16.7,518,5115,5633,2019-04-24,,0,2019,primavera,4,2,1
479,480,1,19.5,23.5,43.0,8.0,655,5541,6196,2019-04-25,,0,2019,primavera,4,3,1
480,481,2,20.4,24.2,76.0,11.8,475,4551,5026,2019-04-26,,0,2019,primavera,4,4,1
481,482,1,18.8,22.6,40.0,23.3,1014,5219,6233,2019-04-27,,0,2019,primavera,4,5,0
482,483,2,15.4,18.9,49.0,8.7,1120,3100,4220,2019-04-28,,0,2019,primavera,4,6,0
483,484,1,18.8,22.5,59.0,7.8,2229,4075,6304,2019-04-29,,0,2019,primavera,4,0,1
484,485,2,19.0,22.9,57.0,11.5,665,4907,5572,2019-04-30,,0,2019,primavera,4,1,1
485,486,2,25.2,28.9,66.0,10.5,653,5087,5740,2019-05-01,,0,2019,primavera,5,2,1
486,487,1,23.1,26.9,80.0,9.2,667,5502,6169,2019-05-02,,0,2019,primavera,5,3,1
487,488,2,23.0,26.9,77.0,9.0,764,5657,6421,2019-05-03,,0,2019,primavera,5,4,1
488,489,1,25.7,29.5,74.0,10.9,1069,5227,6296,2019-05-04,,0,2019,primavera,5,5,0
489,490,2,25.5,29.2,76.0,10.3,2496,4387,6883,2019-05-05,,0,2019,primavera,5,6,0
490,491,2,23.1,27.3,74.0,10.0,2135,4224,6359,2019-05-06,,0,2019,primavera,5,0,1
491,492,2,22.0,26.4,66.0,15.5,1008,5265,6273,2019-05-07,,0,2019,primavera,5,1,1
492,493,2,23.8,27.9,69.0,19.8,738,4990,5728,2019-05-08,,0,2019,primavera,5,2,1
493,494,2,23.6,27.7,74.0,14.5,620,4097,4717,2019-05-09,,0,2019,primavera,5,3,1
494,495,1,20.7,24.6,55.0,21.0,1026,5546,6572,2019-05-10,,0,2019,primavera,5,4,1
495,496,1,21.9,26.0,36.0,15.9,1319,5711,7030,2019-05-11,,0,2019,primavera,5,5,0
496,497,1,23.1,27.2,48.0,8.2,2622,4807,7429,2019-05-12,,0,2019,primavera,5,6,0
497,498,1,25.1,29.3,58.0,15.1,2172,3946,6118,2019-05-13,,0,2019,primavera,5,0,1
498,499,2,23.5,27.5,79.0,14.3,342,2501,2843,2019-05-14,,0,2019,primavera,5,1,1
499,500,2,25.1,28.8,79.0,9.9,625,4490,5115,2019-05-15,,0,2019,primavera,5,2,1
500,501,1,26.1,29.8,70.0,8.2,991,6433,7424,2019-05-16,,0,2019,primavera,5,3,1
501,502,1,24.3,28.6,52.0,15.4,1242,6142,7384,2019-05-17,,0,2019,primavera,5,4,1
502,503,1,23.1,27.6,52.0,9.2,1521,6118,7639,2019-05-18,,0,2019,primavera,5,5,0
503,504,1,24.6,28.3,46.0,5.6,3410,4884,8294,2019-05-19,,0,2019,primavera,5,6,0
504,505,1,25.4,29.2,53.0,17.0,2704,4425,7129,2019-05-20,,0,2019,primavera,5,0,1
505,506,2,24.5,28.3,81.0,15.6,630,3729,4359,2019-05-21,,0,2019,primavera,5,1,1
506,507,2,25.2,29.0,77.0,7.9,819,5254,6073,2019-05-22,,0,2019,primavera,5,2,1
507,508,2,25.5,29.2,77.0,6.8,766,4494,5260,2019-05-23,,0,2019,primavera,5,3,1
508,509,1,26.9,30.3,72.0,11.6,1059,5711,6770,2019-05-24,,0,2019,primavera,5,4,1
509,510,1,27.9,31.4,75.0,9.4,1417,5317,6734,2019-05-25,,0,2019,primavera,5,5,0
510,511,1,28.4,32.1,73.0,13.3,2855,3681,6536,2019-05-26,,0,2019,primavera,5,6,0
511,512,1,28.3,32.1,70.0,14.4,3283,3308,6591,2019-05-27,Memorial Day,1,2019,primavera,5,0,0
512,513,1,29.2,34.0,68.0,13.2,2557,3486,6043,2019-05-28,,0,2019,primavera,5,1,1
513,514,1,29.6,33.6,68.0,19.8,880,4863,5743,2019-05-29,,0,2019,primavera,5,2,1
514,515,2,26.9,30.6,67.0,9.0,745,6110,6855,2019-05-30,,0,2019,primavera,5,3,1
515,516,1,27.9,31.6,49.0,13.1,1100,6238,7338,2019-05-31,,0,2019,primavera,5,4,1
516,517,2,26.8,30.4,76.0,15.9,533,3594,4127,2019-06-01,,0,2019,primavera,6,5,0
517,518,1,23.9,28.3,55.0,12.5,2795,5325,8120,2019-06-02,,0,2019,primavera,6,6,0
518,519,1,24.7,28.8,49.0,12.3,2494,5147,7641,2019-06-03,,0,2019,primavera,6,0,1
519,520,1,24.5,28.9,49.0,19.1,1071,5927,6998,2019-06-04,,0,2019,primavera,6,1,1
520,521,2,22.2,26.3,61.0,14.0,968,6033,7001,2019-06-05,,0,2019,primavera,6,2,1
521,522,1,22.7,27.1,61.0,5.2,1027,6028,7055,2019-06-06,,0,2019,primavera,6,3,1
522,523,1,24.7,28.5,57.0,10.5,1038,6456,7494,2019-06-07,,0,2019,primavera,6,4,1
523,524,1,26.6,29.9,47.0,11.8,1488,6248,7736,2019-06-08,,0,2019,primavera,6,5,0
524,525,1,29.1,32.4,44.0,9.7,2708,4790,7498,2019-06-09,,0,2019,primavera,6,6,0
525,526,1,29.8,33.2,54.0,9.0,2224,4374,6598,2019-06-10,,0,2019,primavera,6,0,1
526,527,2,29.6,33.0,59.0,13.9,1017,5647,6664,2019-06-11,,0,2019,primavera,6,1,1
527,528,2,26.8,29.9,83.0,14.4,477,4495,4972,2019-06-12,,0,2019,primavera,6,2,1
528,529,1,26.9,30.6,58.0,23.0,1173,6248,7421,2019-06-13,,0,2019,primavera,6,3,1
529,530,1,26.6,31.2,57.0,17.0,1180,6183,7363,2019-06-14,,0,2019,primavera,6,4,1
530,531,1,26.2,30.0,59.0,11.8,1563,6102,7665,2019-06-15,,0,2019,primavera,6,5,0
531,532,1,25.9,29.7,50.0,11.2,2963,4739,7702,2019-06-16,,0,2019,primavera,6,6,0
532,533,1,24.3,28.6,60.0,9.7,2634,4344,6978,2019-06-17,,0,2019,primavera,6,0,1
533,534,2,23.3,27.2,78.0,11.7,653,4446,5099,2019-06-18,,0,2019,primavera,6,1,1
534,535,1,28.2,32.7,69.0,9.9,968,5857,6825,2019-06-19,,0,2019,primavera,6,2,1
535,536,1,32.1,36.0,59.0,7.6,872,5339,6211,2019-06-20,,0,2019,primavera,6,3,1
536,537,1,33.0,37.6,57.0,8.0,778,5127,5905,2019-06-21,,0,2019,verano,6,4,1
537,538,1,31.9,36.2,57.0,12.3,964,4859,5823,2019-06-22,,0,2019,verano,6,5,0
538,539,1,30.0,32.6,53.0,12.0,2657,4801,7458,2019-06-23,,0,2019,verano,6,6,0
539,540,1,30.5,33.7,48.0,9.8,2551,4340,6891,2019-06-24,,0,2019,verano,6,0,1
540,541,1,29.4,32.7,50.0,20.1,1139,5640,6779,2019-06-25,,0,2019,verano,6,1,1
541,542,1,25.9,29.7,37.0,23.3,1077,6365,7442,2019-06-26,,0,2019,verano,6,2,1
542,543,1,28.6,32.0,36.0,18.2,1077,6258,7335,2019-06-27,,0,2019,verano,6,3,1
543,544,1,30.7,33.8,42.0,11.5,921,5958,6879,2019-06-28,,0,2019,verano,6,4,1
544,545,1,34.2,39.3,49.0,11.1,829,4634,5463,2019-06-29,,0,2019,verano,6,5,0
545,546,1,31.4,34.4,60.0,10.8,1455,4232,5687,2019-06-30,,0,2019,verano,6,6,0
546,547,1,33.4,37.5,52.0,11.3,1421,4110,5531,2019-07-01,,0,2019,verano,7,0,1
547,548,1,32.0,35.1,45.0,13.1,904,5323,6227,2019-07-02,,0,2019,verano,7,1,1
548,549,1,32.0,35.1,49.0,8.5,1052,5608,6660,2019-07-03,,0,2019,verano,7,2,1
549,550,1,32.4,36.6,54.0,9.0,2562,4841,7403,2019-07-04,Independence Day,1,2019,verano,7,3,0
550,551,1,33.9,38.1,46.0,13.0,1405,4836,6241,2019-07-05,,0,2019,verano,7,4,1
551,552,1,34.0,37.6,45.0,9.8,1366,4841,6207,2019-07-06,,0,2019,verano,7,5,0
552,553,1,35.3,40.2,49.0,11.0,1448,3392,4840,2019-07-07,,0,2019,verano,7,6,0
553,554,1,33.7,39.5,57.0,8.4,1203,3469,4672,2019-07-08,,0,2019,verano,7,0,1
554,555,2,29.1,32.7,68.0,12.1,998,5571,6569,2019-07-09,,0,2019,verano,7,1,1
555,556,2,29.6,33.2,67.0,10.2,954,5336,6290,2019-07-10,,0,2019,verano,7,2,1
556,557,1,29.4,32.5,63.0,10.2,975,6289,7264,2019-07-11,,0,2019,verano,7,3,1
557,558,1,29.4,32.7,53.0,9.8,1032,6414,7446,2019-07-12,,0,2019,verano,7,4,1
558,559,2,30.0,33.4,49.0,5.4,1511,5988,7499,2019-07-13,,0,2019,verano,7,5,0
559,560,2,28.8,33.3,70.0,9.6,2355,4614,6969,2019-07-14,,0,2019,verano,7,6,0
560,561,1,30.6,35.3,72.0,11.2,1920,4111,6031,2019-07-15,,0,2019,verano,7,0,1
561,562,1,31.3,36.2,64.0,11.0,1088,5742,6830,2019-07-16,,0,2019,verano,7,1,1
562,563,1,33.6,37.8,51.0,7.7,921,5865,6786,2019-07-17,,0,2019,verano,7,2,1
563,564,1,32.5,37.3,58.0,9.2,799,4914,5713,2019-07-18,,0,2019,verano,7,3,1
564,565,1,31.6,35.7,60.0,11.1,888,5703,6591,2019-07-19,,0,2019,verano,7,4,1
565,566,2,27.3,30.7,84.0,14.0,747,5123,5870,2019-07-20,,0,2019,verano,7,5,0
566,567,3,24.4,27.5,87.0,14.3,1264,3195,4459,2019-07-21,,0,2019,verano,7,6,0
567,568,2,27.4,31.2,76.0,6.3,2544,4866,7410,2019-07-22,,0,2019,verano,7,0,1
568,569,1,30.4,34.5,69.0,9.3,1135,5831,6966,2019-07-23,,0,2019,verano,7,1,1
569,570,1,30.8,35.3,66.0,14.2,1140,6452,7592,2019-07-24,,0,2019,verano,7,2,1
570,571,1,29.7,32.7,45.0,11.0,1383,6790,8173,2019-07-25,,0,2019,verano,7,3,1
571,572,1,31.8,37.0,60.0,19.1,1036,5825,6861,2019-07-26,,0,2019,verano,7,4,1
572,573,1,32.0,36.7,59.0,10.3,1259,5645,6904,2019-07-27,,0,2019,verano,7,5,0
573,574,1,31.0,34.9,61.0,10.5,2234,4451,6685,2019-07-28,,0,2019,verano,7,6,0
574,575,1,29.6,33.4,62.0,11.4,2153,4444,6597,2019-07-29,,0,2019,verano,7,0,1
575,576,1,30.0,34.2,67.0,10.3,1040,6065,7105,2019-07-30,,0,2019,verano,7,1,1
576,577,1,29.2,33.1,70.0,11.1,968,6248,7216,2019-07-31,,0,2019,verano,7,2,1
577,578,1,29.4,33.4,68.0,9.5,1074,6506,7580,2019-08-01,,0,2019,verano,8,3,1
578,579,1,30.8,35.4,66.0,8.7,983,6278,7261,2019-08-02,,0,2019,verano,8,4,1
579,580,2,31.4,36.1,64.0,14.5,1328,5847,7175,2019-08-03,,0,2019,verano,8,5,0
580,581,1,32.5,37.6,61.0,17.2,2345,4479,6824,2019-08-04,,0,2019,verano,8,6,0
581,582,1,31.5,36.6,65.0,19.5,1707,3757,5464,2019-08-05,,0,2019,verano,8,0,1
582,583,2,30.8,35.5,65.0,8.7,1233,5780,7013,2019-08-06,,0,2019,verano,8,1,1
583,584,2,30.2,34.9,70.0,7.8,1278,5995,7273,2019-08-07,,0,2019,verano,8,2,1
584,585,2,30.8,35.4,67.0,7.4,1263,6271,7534,2019-08-08,,0,2019,verano,8,3,1
585,586,1,31.0,35.0,62.0,10.5,1196,6090,7286,2019-08-09,,0,2019,verano,8,4,1
586,587,2,29.4,33.4,72.0,16.0,1065,4721,5786,2019-08-10,,0,2019,verano,8,5,0
587,588,2,28.4,31.9,73.0,13.8,2247,4052,6299,2019-08-11,,0,2019,verano,8,6,0
588,589,1,28.7,32.2,53.0,8.2,2182,4362,6544,2019-08-12,,0,2019,verano,8,0,1
589,590,1,29.6,33.1,55.0,9.1,1207,5676,6883,2019-08-13,,0,2019,verano,8,1,1
590,591,1,29.8,33.8,69.0,11.3,1128,5656,6784,2019-08-14,,0,2019,verano,8,2,1
591,592,1,29.0,32.7,62.0,11.4,1198,6149,7347,2019-08-15,,0,2019,verano,8,3,1
592,593,1,29.5,32.7,52.0,9.5,1338,6267,7605,2019-08-16,,0,2019,verano,8,4,1
593,594,1,29.7,12.1,57.0,15.5,1483,5665,7148,2019-08-17,,0,2019,verano,8,5,0
594,595,1,27.8,30.9,60.0,11.9,2827,5038,7865,2019-08-18,,0,2019,verano,8,6,0
595,596,2,26.1,30.2,71.0,5.8,1208,3341,4549,2019-08-19,,0,2019,verano,8,0,1
596,597,2,26.1,29.8,73.0,8.7,1026,5504,6530,2019-08-20,,0,2019,verano,8,1,1
597,598,1,26.6,30.1,67.0,4.9,1081,5925,7006,2019-08-21,,0,2019,verano,8,2,1
598,599,1,27.4,31.1,68.0,4.7,1094,6281,7375,2019-08-22,,0,2019,verano,8,3,1
599,600,1,28.5,31.9,64.0,5.7,1363,6402,7765,2019-08-23,,0,2019,verano,8,4,1
600,601,2,28.8,32.4,62.0,4.8,1325,6257,7582,2019-08-24,,0,2019,verano,8,5,0
601,602,2,27.1,30.9,71.0,16.4,1829,4224,6053,2019-08-25,,0,2019,verano,8,6,0
602,603,2,26.8,29.8,85.0,15.3,1483,3772,5255,2019-08-26,,0,2019,verano,8,0,1
603,604,1,28.8,32.7,73.0,8.6,989,5928,6917,2019-08-27,,0,2019,verano,8,1,1
604,605,1,29.9,33.3,62.0,12.8,935,6105,7040,2019-08-28,,0,2019,verano,8,2,1
605,606,1,28.1,31.8,55.0,7.5,1177,6520,7697,2019-08-29,,0,2019,verano,8,3,1
606,607,1,29.0,32.6,59.0,5.2,1172,6541,7713,2019-08-30,,0,2019,verano,8,4,1
607,608,1,31.3,34.5,59.0,11.3,1433,5917,7350,2019-08-31,,0,2019,verano,8,5,0
608,609,2,30.9,35.1,64.0,7.6,2352,3788,6140,2019-09-01,,0,2019,verano,9,6,0
609,610,2,28.6,32.4,82.0,4.3,2613,3197,5810,2019-09-02,Labor Day,1,2019,verano,9,0,0
610,611,1,29.0,33.1,79.0,10.1,1965,4069,6034,2019-09-03,,0,2019,verano,9,1,1
611,612,1,29.8,34.3,76.0,15.8,867,5997,6864,2019-09-04,,0,2019,verano,9,2,1
612,613,1,30.2,35.4,74.0,12.6,832,6280,7112,2019-09-05,,0,2019,verano,9,3,1
613,614,2,28.6,32.8,81.0,9.5,611,5592,6203,2019-09-06,,0,2019,verano,9,4,1
614,615,1,28.8,32.9,74.0,11.5,1045,6459,7504,2019-09-07,,0,2019,verano,9,5,0
615,616,2,27.0,30.6,80.0,18.8,1557,4419,5976,2019-09-08,,0,2019,verano,9,6,0
616,617,1,25.0,28.9,55.0,15.0,2570,5657,8227,2019-09-09,,0,2019,verano,9,0,1
617,618,1,23.9,28.3,50.0,17.3,1118,6407,7525,2019-09-10,,0,2019,verano,9,1,1
618,619,1,23.7,27.7,52.0,6.2,1070,6697,7767,2019-09-11,,0,2019,verano,9,2,1
619,620,1,24.6,28.5,58.0,8.8,1050,6820,7870,2019-09-12,,0,2019,verano,9,3,1
620,621,1,25.1,29.0,64.0,5.5,1054,6750,7804,2019-09-13,,0,2019,verano,9,4,1
621,622,1,26.0,29.7,67.0,7.0,1379,6630,8009,2019-09-14,,0,2019,verano,9,5,0
622,623,1,24.9,29.3,50.0,16.6,3160,5554,8714,2019-09-15,,0,2019,verano,9,6,0
623,624,1,23.8,28.2,57.0,6.0,2166,5167,7333,2019-09-16,,0,2019,verano,9,0,1
624,625,2,23.8,27.7,73.0,10.2,1022,5847,6869,2019-09-17,,0,2019,verano,9,1,1
625,626,2,25.6,28.3,87.0,24.0,371,3702,4073,2019-09-18,,0,2019,verano,9,2,1
626,627,1,22.6,27.0,54.0,14.4,788,6803,7591,2019-09-19,,0,2019,verano,9,3,1
627,628,1,22.4,26.6,62.0,7.9,939,6781,7720,2019-09-20,,0,2019,verano,9,4,1
628,629,1,24.6,28.6,67.0,10.3,1250,6917,8167,2019-09-21,,0,2019,verano,9,5,0
629,630,1,26.6,30.5,65.0,19.0,2512,5883,8395,2019-09-22,,0,2019,verano,9,6,0
630,631,1,21.7,25.9,47.0,15.0,2454,5453,7907,2019-09-23,,0,2019,otoño,9,0,1
631,632,1,21.1,25.1,49.0,9.5,1001,6435,7436,2019-09-24,,0,2019,otoño,9,1,1
632,633,1,22.6,27.2,57.0,15.8,845,6693,7538,2019-09-25,,0,2019,otoño,9,2,1
633,634,1,26.0,29.8,63.0,16.4,787,6946,7733,2019-09-26,,0,2019,otoño,9,3,1
634,635,2,26.6,30.4,69.0,9.0,751,6642,7393,2019-09-27,,0,2019,otoño,9,4,1
635,636,2,25.4,29.3,69.0,11.0,1045,6370,7415,2019-09-28,,0,2019,otoño,9,5,0
636,637,1,22.2,26.5,54.0,15.2,2589,5966,8555,2019-09-29,,0,2019,otoño,9,6,0
637,638,1,21.6,25.9,58.0,9.0,2015,4874,6889,2019-09-30,,0,2019,otoño,9,0,1
638,639,2,21.4,25.6,65.0,6.1,763,6015,6778,2019-10-01,,0,2019,otoño,10,1,1
639,640,3,24.2,27.1,87.0,7.0,315,4324,4639,2019-10-02,,0,2019,otoño,10,2,1
640,641,2,27.0,30.0,79.0,4.5,728,6844,7572,2019-10-03,,0,2019,otoño,10,3,1
641,642,2,27.0,30.4,72.0,7.9,891,6437,7328,2019-10-04,,0,2019,otoño,10,4,1
642,643,1,25.2,29.0,63.0,7.1,1516,6640,8156,2019-10-05,,0,2019,otoño,10,5,0
643,644,1,22.7,26.9,66.0,18.0,3031,4934,7965,2019-10-06,,0,2019,otoño,10,6,0
644,645,2,17.0,21.0,71.0,9.5,781,2729,3510,2019-10-07,,0,2019,otoño,10,0,1
645,646,2,15.7,19.4,71.0,12.7,874,4604,5478,2019-10-08,,0,2019,otoño,10,1,1
646,647,2,18.3,21.9,76.0,12.8,601,5791,6392,2019-10-09,,0,2019,otoño,10,2,1
647,648,1,21.1,25.2,63.0,12.6,780,6911,7691,2019-10-10,,0,2019,otoño,10,3,1
648,649,1,17.8,21.6,46.0,12.2,834,6736,7570,2019-10-11,,0,2019,otoño,10,4,1
649,650,1,17.9,21.7,54.0,15.8,1060,6222,7282,2019-10-12,,0,2019,otoño,10,5,0
650,651,1,16.1,19.6,49.0,9.8,2252,4857,7109,2019-10-13,,0,2019,otoño,10,6,0
651,652,1,21.4,25.4,64.0,18.7,2080,4559,6639,2019-10-14,Columbus Day,1,2019,otoño,10,0,0
652,653,2,23.0,27.0,71.0,19.8,760,5115,5875,2019-10-15,,0,2019,otoño,10,1,1
653,654,1,19.2,23.0,56.0,12.2,922,6612,7534,2019-10-16,,0,2019,otoño,10,2,1
654,655,1,18.7,22.5,69.0,6.8,979,6482,7461,2019-10-17,,0,2019,otoño,10,3,1
655,656,2,21.4,25.6,73.0,15.9,1008,6501,7509,2019-10-18,,0,2019,otoño,10,4,1
656,657,2,23.1,26.9,82.0,9.0,753,4671,5424,2019-10-19,,0,2019,otoño,10,5,0
657,658,1,19.8,23.6,57.0,7.9,2806,5284,8090,2019-10-20,,0,2019,otoño,10,6,0
658,659,1,19.0,22.8,51.0,11.1,2132,4692,6824,2019-10-21,,0,2019,otoño,10,0,1
659,660,1,20.0,24.1,57.0,5.5,830,6228,7058,2019-10-22,,0,2019,otoño,10,1,1
660,661,1,22.3,26.5,64.0,6.3,841,6625,7466,2019-10-23,,0,2019,otoño,10,2,1
661,662,1,24.1,27.9,64.0,4.9,795,6898,7693,2019-10-24,,0,2019,otoño,10,3,1
662,663,2,22.6,26.5,80.0,8.3,875,6484,7359,2019-10-25,,0,2019,otoño,10,4,1
663,664,2,22.4,26.1,81.0,8.9,1182,6262,7444,2019-10-26,,0,2019,otoño,10,5,0
664,665,2,21.7,25.8,72.0,15.8,2643,5209,7852,2019-10-27,,0,2019,otoño,10,6,0
665,666,2,19.6,23.4,69.0,26.7,998,3461,4459,2019-10-28,,0,2019,otoño,10,0,1
666,667,3,18.0,22.0,88.0,24.0,2,20,22,2019-10-29,,0,2019,otoño,10,1,1
667,668,2,13.0,15.5,83.0,14.3,87,1009,1096,2019-10-30,,0,2019,otoño,10,2,1
668,669,2,14.7,18.1,67.0,11.2,419,5147,5566,2019-10-31,,0,2019,otoño,10,3,1
669,670,2,15.0,18.5,58.0,10.5,466,5520,5986,2019-11-01,,0,2019,otoño,11,4,1
670,671,1,14.6,17.8,52.0,17.8,618,5229,5847,2019-11-02,,0,2019,otoño,11,5,0
671,672,2,14.1,16.2,49.0,18.1,1029,4109,5138,2019-11-03,,0,2019,otoño,11,6,0
672,673,1,13.4,16.5,53.0,12.0,1201,3906,5107,2019-11-04,,0,2019,otoño,11,0,1
673,674,1,13.1,15.4,49.0,15.8,378,4881,5259,2019-11-05,,0,2019,otoño,11,1,1
674,675,1,11.5,14.1,57.0,11.6,466,5220,5686,2019-11-06,,0,2019,otoño,11,2,1
675,676,2,12.1,13.7,55.0,20.4,326,4709,5035,2019-11-07,,0,2019,otoño,11,3,1
676,677,1,14.4,17.1,33.0,23.3,340,4975,5315,2019-11-08,,0,2019,otoño,11,4,1
677,678,1,14.8,17.8,54.0,14.4,709,5283,5992,2019-11-09,,0,2019,otoño,11,5,0
678,679,1,16.0,19.7,65.0,3.9,2090,4446,6536,2019-11-10,,0,2019,otoño,11,6,0
679,680,1,17.2,21.1,66.0,8.5,2290,4562,6852,2019-11-11,Veterans Day,1,2019,otoño,11,0,0
680,681,1,19.9,23.8,74.0,11.6,1097,5172,6269,2019-11-12,,0,2019,otoño,11,1,1
681,682,2,14.1,16.2,66.0,22.9,327,3767,4094,2019-11-13,,0,2019,otoño,11,2,1
682,683,1,11.9,14.1,55.0,13.4,373,5122,5495,2019-11-14,,0,2019,otoño,11,3,1
683,684,2,13.2,16.2,62.0,10.3,320,5125,5445,2019-11-15,,0,2019,otoño,11,4,1
684,685,1,14.1,17.4,52.0,11.5,484,5214,5698,2019-11-16,,0,2019,otoño,11,5,0
685,686,1,13.3,16.3,55.0,12.0,1313,4316,5629,2019-11-17,,0,2019,otoño,11,6,0
686,687,1,14.0,16.9,69.0,15.3,922,3747,4669,2019-11-18,,0,2019,otoño,11,0,1
687,688,2,15.6,18.8,62.0,15.7,449,5050,5499,2019-11-19,,0,2019,otoño,11,1,1
688,689,2,15.3,19.0,68.0,5.5,534,5100,5634,2019-11-20,,0,2019,otoño,11,2,1
689,690,1,14.5,18.2,61.0,6.9,615,4531,5146,2019-11-21,,0,2019,otoño,11,3,1
690,691,1,13.9,17.5,58.0,3.5,955,1470,2425,2019-11-22,,0,2019,otoño,11,4,1
691,692,1,15.1,18.9,57.0,9.9,1603,2307,3910,2019-11-23,,0,2019,otoño,11,5,0
692,693,1,11.4,12.4,40.0,25.3,532,1745,2277,2019-11-24,,0,2019,otoño,11,6,0
693,694,1,10.1,12.9,47.0,10.1,309,2115,2424,2019-11-25,,0,2019,otoño,11,0,1
694,695,1,12.8,17.0,54.0,3.1,337,4750,5087,2019-11-26,,0,2019,otoño,11,1,1
695,696,2,12.0,14.1,79.0,15.9,123,3836,3959,2019-11-27,,0,2019,otoño,11,2,1
696,697,1,12.2,14.5,51.0,14.1,198,5062,5260,2019-11-28,Thanksgiving,1,2019,otoño,11,3,0
697,698,1,11.5,14.9,56.0,7.7,243,5080,5323,2019-11-29,,0,2019,otoño,11,4,1
698,699,1,12.2,16.2,65.0,3.9,362,5306,5668,2019-11-30,,0,2019,otoño,11,5,0
699,700,2,12.2,15.8,81.0,4.0,951,4240,5191,2019-12-01,,0,2019,otoño,12,6,0
700,701,2,14.2,18.0,82.0,8.3,892,3757,4649,2019-12-02,,0,2019,otoño,12,0,1
701,702,1,18.6,22.8,77.0,5.5,555,5679,6234,2019-12-03,,0,2019,otoño,12,1,1
702,703,1,19.5,23.5,73.0,11.7,551,6055,6606,2019-12-04,,0,2019,otoño,12,2,1
703,704,1,18.0,21.4,48.0,21.7,331,5398,5729,2019-12-05,,0,2019,otoño,12,3,1
704,705,1,10.5,12.9,51.0,11.7,340,5035,5375,2019-12-06,,0,2019,otoño,12,4,1
705,706,2,13.2,16.1,76.0,8.8,349,4659,5008,2019-12-07,,0,2019,otoño,12,5,0
706,707,2,15.6,19.5,91.0,6.8,1153,4429,5582,2019-12-08,,0,2019,otoño,12,6,0
707,708,2,15.8,19.5,91.0,10.6,441,2787,3228,2019-12-09,,0,2019,otoño,12,0,1
708,709,2,17.9,21.8,92.0,12.8,329,4841,5170,2019-12-10,,0,2019,otoño,12,1,1
709,710,2,14.5,16.9,60.0,19.8,282,5219,5501,2019-12-11,,0,2019,otoño,12,2,1
710,711,2,12.2,14.9,54.0,10.9,310,5009,5319,2019-12-12,,0,2019,otoño,12,3,1
711,712,1,12.1,14.7,49.0,11.7,425,5107,5532,2019-12-13,,0,2019,otoño,12,4,1
712,713,1,11.6,14.7,64.0,8.8,429,5182,5611,2019-12-14,,0,2019,otoño,12,5,0
713,714,1,13.3,16.9,65.0,7.1,767,4280,5047,2019-12-15,,0,2019,otoño,12,6,0
714,715,2,14.9,18.5,84.0,6.7,538,3248,3786,2019-12-16,,0,2019,otoño,12,0,1
715,716,2,16.1,20.1,91.0,6.6,212,4373,4585,2019-12-17,,0,2019,otoño,12,1,1
716,717,1,16.8,20.5,67.0,14.8,433,5124,5557,2019-12-18,,0,2019,otoño,12,2,1
717,718,1,13.6,17.1,63.0,12.3,333,4934,5267,2019-12-19,,0,2019,otoño,12,3,1
718,719,2,13.5,16.8,67.0,8.9,314,3814,4128,2019-12-20,,0,2019,otoño,12,4,1
719,720,2,13.4,15.1,56.0,25.1,221,3402,3623,2019-12-21,,0,2019,invierno,12,5,0
720,721,1,10.9,11.8,44.0,27.3,205,1544,1749,2019-12-22,,0,2019,invierno,12,6,0
721,722,1,10.1,13.0,52.0,8.9,408,1379,1787,2019-12-23,,0,2019,invierno,12,0,1
722,723,2,9.5,12.9,79.0,5.2,174,746,920,2019-12-24,,0,2019,invierno,12,1,1
723,724,2,11.9,14.7,73.0,11.3,440,573,1013,2019-12-25,Christmas Day,1,2019,invierno,12,2,0
724,725,3,10.0,11.0,82.0,21.2,9,432,441,2019-12-26,,0,2019,invierno,12,3,1
725,726,2,10.4,11.3,65.0,23.5,247,1867,2114,2019-12-27,,0,2019,invierno,12,4,1
726,727,2,10.4,12.8,59.0,10.4,644,2451,3095,2019-12-28,,0,2019,invierno,12,5,0
727,728,2,10.4,12.1,75.0,8.3,159,1182,1341,2019-12-29,,0,2019,invierno,12,6,0
728,729,1,10.5,11.6,48.0,23.5,364,1432,1796,2019-12-30,,0,2019,invierno,12,0,1
729,730,2,8.8,11.2,58.0,10.4,439,2290,2729,2019-12-31,,0,2019,invierno,12,1,1
