,registro,clima,temperatura,sens_termica,humedad,viento,ocasionales,fecha_nueva,festividad,festividad_1,año_bueno,estacion_correcta,mes_bueno,dia_semana_nuevo,no_laboral_nuevo,ocasionales_BOX
0,1,2,14.1,18.2,81.0,10.7,331,2018-01-01,New Year's Day,1,2018,invierno,1,0,0,16.39782015107092
1,2,2,14.9,17.7,70.0,16.7,131,2018-01-02,,0,2018,invierno,1,1,1,11.472436698466694
2,3,1,8.0,9.5,44.0,16.6,120,2018-01-03,,0,2018,invierno,1,2,1,11.076034853721117
3,4,1,8.2,10.6,59.0,10.7,108,2018-01-04,,0,2018,invierno,1,3,1,10.613969754365213
4,5,1,9.3,11.5,44.0,12.5,82,2018-01-05,,0,2018,invierno,1,4,1,9.475537124796562
5,6,1,8.4,11.7,52.0,6.0,88,2018-01-06,,0,2018,invierno,1,5,0,9.758173437422366
6,7,2,8.1,10.4,50.0,11.3,148,2018-01-07,,0,2018,invierno,1,6,0,12.042276083494743
7,8,2,6.8,8.1,54.0,17.9,68,2018-01-08,,0,2018,invierno,1,0,1,8.755721974567901
8,9,1,5.7,5.8,43.0,24.3,54,2018-01-09,,0,2018,invierno,1,1,1,7.925269345882742
9,10,1,6.2,7.5,48.0,15.0,41,2018-01-10,,0,2018,invierno,1,2,1,7.008370000202964
10,11,2,6.9,9.6,69.0,8.2,43,2018-01-11,,0,2018,invierno,1,3,1,7.161347981641865
11,12,1,7.1,8.0,60.0,20.4,25,2018-01-12,,0,2018,invierno,1,4,1,5.546984704734687
12,13,1,6.8,7.5,47.0,20.2,38,2018-01-13,,0,2018,invierno,1,5,0,6.7689696416534595
13,14,1,6.6,9.4,54.0,8.5,54,2018-01-14,,0,2018,invierno,1,6,0,7.925269345882742
14,15,2,9.6,12.4,50.0,10.6,222,2018-01-15,Martin Luther King Jr. Day,1,2018,invierno,1,0,0,14.099671681576467
15,16,1,9.5,11.7,48.0,12.6,251,2018-01-16,,0,2018,invierno,1,1,1,14.775794586930813
16,17,2,7.2,8.8,54.0,13.0,117,2018-01-17,,0,2018,invierno,1,2,1,10.963610724399118
17,18,2,8.9,11.6,86.0,9.8,9,2018-01-18,,0,2018,invierno,1,3,1,3.157336502299259
18,19,2,12.0,14.9,74.0,14.0,78,2018-01-19,,0,2018,invierno,1,4,1,9.27911373862353
19,20,2,10.7,12.8,54.0,13.1,83,2018-01-20,,0,2018,invierno,1,5,0,9.523609126904327
20,21,1,7.3,7.9,46.0,23.7,75,2018-01-21,,0,2018,invierno,1,6,0,9.127200042226876
21,22,1,2.4,4.0,40.0,11.5,93,2018-01-22,,0,2018,invierno,1,0,1,9.983741675926243
22,23,1,4.0,4.9,44.0,16.5,150,2018-01-23,,0,2018,invierno,1,1,1,12.106300542521547
23,24,1,4.0,5.9,49.0,10.6,86,2018-01-24,,0,2018,invierno,1,2,1,9.665476322044512
24,25,2,9.2,11.7,62.0,8.7,186,2018-01-25,,0,2018,invierno,1,3,1,13.169792352153566
25,26,3,8.9,10.2,86.0,19.7,34,2018-01-26,,0,2018,invierno,1,4,1,6.428627270494731
26,27,1,8.0,11.0,69.0,7.6,15,2018-01-27,,0,2018,invierno,1,5,0,4.257082757297649
27,28,2,8.3,11.2,79.0,8.3,38,2018-01-28,,0,2018,invierno,1,6,0,6.7689696416534595
28,29,1,8.1,10.6,65.0,9.7,123,2018-01-29,,0,2018,invierno,1,0,1,11.18654214701248
29,30,1,8.9,12.5,72.0,5.0,140,2018-01-30,,0,2018,invierno,1,1,1,11.78005804240976
30,31,2,7.4,9.3,60.0,12.5,42,2018-01-31,,0,2018,invierno,1,2,1,7.085485343182041
31,32,2,7.9,11.7,83.0,3.6,47,2018-02-01,,0,2018,invierno,2,3,1,7.453204291142461
32,33,2,10.7,12.7,78.0,17.7,72,2018-02-02,,0,2018,invierno,2,4,1,8.971047417268762
33,34,1,7.7,8.9,44.0,18.6,61,2018-02-03,,0,2018,invierno,2,5,0,8.356921871079736
34,35,2,8.7,11.4,59.0,8.6,88,2018-02-04,,0,2018,invierno,2,6,0,9.758173437422366
35,36,2,9.6,12.2,93.0,10.8,100,2018-02-05,,0,2018,invierno,2,0,1,10.285930098515184
36,37,1,11.7,14.6,57.0,9.5,354,2018-02-06,,0,2018,invierno,2,1,1,16.813269083628796
37,38,1,11.1,15.2,74.0,3.0,120,2018-02-07,,0,2018,invierno,2,2,1,11.076034853721117
38,39,1,9.0,9.9,54.0,24.3,64,2018-02-08,,0,2018,invierno,2,3,1,8.531499219198887
39,40,2,5.5,7.2,49.0,12.7,53,2018-02-09,,0,2018,invierno,2,4,1,7.860514959708835
40,41,1,5.9,7.5,44.0,14.9,47,2018-02-10,,0,2018,invierno,2,5,0,7.453204291142461
41,42,1,7.8,10.7,51.0,7.3,149,2018-02-11,,0,2018,invierno,2,6,0,12.074362198101104
42,43,1,9.1,11.6,54.0,13.6,288,2018-02-12,,0,2018,invierno,2,0,1,15.56446083223579
43,44,1,13.0,16.2,46.0,17.5,397,2018-02-13,,0,2018,invierno,2,1,1,17.542663929866496
44,45,1,17.0,19.9,38.0,12.76479452054794,208,2018-02-14,,0,2018,invierno,2,2,1,13.75133613553182
45,46,1,10.9,12.7,31.0,19.5,140,2018-02-15,,0,2018,invierno,2,3,1,11.78005804240976
46,47,1,13.0,15.8,42.0,16.9,218,2018-02-16,,0,2018,invierno,2,4,1,14.001727063387264
47,48,1,17.9,21.4,50.0,15.4,259,2018-02-17,,0,2018,invierno,2,5,0,14.952774983724149
48,49,1,21.4,25.6,52.0,17.7,579,2018-02-18,,0,2018,invierno,2,6,0,20.136700271347188
49,50,1,16.4,19.6,62.76849315068493,12.76479452054794,532,2018-02-19,Washington's Birthday,1,2018,invierno,2,0,0,19.527875813336856
50,51,1,11.7,13.9,41.0,15.0,639,2018-02-20,,0,2018,invierno,2,1,1,20.866382160464436
51,52,2,12.4,14.2,60.0,20.6,195,2018-02-21,,0,2018,invierno,2,2,1,13.413129686804043
52,53,1,7.5,9.3,58.0,13.1,74,2018-02-22,,0,2018,invierno,2,3,1,9.075634422036053
53,54,1,9.1,12.3,42.0,6.3,139,2018-02-23,,0,2018,invierno,2,4,1,11.746562099967337
54,55,2,12.1,14.5,70.0,16.8,100,2018-02-24,,0,2018,invierno,2,5,0,10.285930098515184
55,56,2,14.9,17.5,71.0,23.2,120,2018-02-25,,0,2018,invierno,2,6,0,11.076034853721117
56,57,1,11.6,14.1,54.0,12.5,424,2018-02-26,,0,2018,invierno,2,0,1,17.973243623206308
57,58,1,14.1,17.6,68.0,8.4,694,2018-02-27,,0,2018,invierno,2,1,1,21.494924611628708
58,59,2,16.7,20.0,88.0,19.4,81,2018-02-28,,0,2018,invierno,2,2,1,9.427060202838744
59,60,1,10.9,13.2,54.0,14.5,137,2018-03-01,,0,2018,invierno,3,3,1,11.679069715724536
60,61,1,13.7,16.0,45.0,20.6,231,2018-03-02,,0,2018,invierno,3,4,1,14.315690657359912
61,62,1,8.1,10.0,32.0,15.1,123,2018-03-03,,0,2018,invierno,3,5,0,11.18654214701248
62,63,2,10.7,12.8,61.0,13.6,214,2018-03-04,,0,2018,invierno,3,6,0,13.902538463881976
63,64,2,15.8,18.9,79.0,16.9,640,2018-03-05,,0,2018,invierno,3,0,1,20.878136039229112
64,65,2,15.4,18.3,95.0,23.0,114,2018-03-06,,0,2018,invierno,3,1,1,10.849186050854563
65,66,1,10.7,11.9,55.0,22.9,244,2018-03-07,,0,2018,invierno,3,2,1,14.617725669338434
66,67,1,12.0,15.1,42.0,8.1,316,2018-03-08,,0,2018,invierno,3,3,1,16.11606027693521
67,68,2,12.1,14.3,78.0,14.8,191,2018-03-09,,0,2018,invierno,3,4,1,13.305954590260024
68,69,3,16.0,19.3,62.76849315068493,17.5,46,2018-03-10,,0,2018,invierno,3,5,0,7.381892995634633
69,70,2,13.0,15.2,65.0,15.6,247,2018-03-11,,0,2018,invierno,3,6,0,14.685846444919225
70,71,1,13.5,16.3,59.0,14.8,724,2018-03-12,,0,2018,invierno,3,0,1,21.823415468803315
71,72,1,15.8,19.0,53.0,18.1,982,2018-03-13,,0,2018,invierno,3,1,1,24.321990640981856
72,73,1,13.3,16.6,50.0,9.2,359,2018-03-14,,0,2018,invierno,3,2,1,16.9011111232223
73,74,2,13.0,15.9,66.0,12.3,289,2018-03-15,,0,2018,invierno,3,3,1,15.58478185335383
74,75,2,15.0,18.3,78.0,13.6,321,2018-03-16,,0,2018,invierno,3,4,1,16.210983104181313
75,76,1,17.0,20.5,60.0,14.0,424,2018-03-17,,0,2018,invierno,3,5,0,17.973243623206308
76,77,1,22.1,26.4,53.0,15.5,884,2018-03-18,,0,2018,invierno,3,6,0,23.433170234919448
77,78,1,19.4,23.3,38.0,24.7,1424,2018-03-19,,0,2018,invierno,3,0,1,27.708343554187053
78,79,1,13.6,16.3,47.0,13.9,1047,2018-03-20,,0,2018,invierno,3,1,1,24.878330892130574
79,80,2,17.6,20.5,74.0,19.3,401,2018-03-21,,0,2018,primavera,3,2,1,17.607699123024148
80,81,1,18.1,22.0,62.0,15.1,460,2018-03-22,,0,2018,primavera,3,3,1,18.518946950150156
81,82,2,14.2,16.9,84.0,15.7,203,2018-03-23,,0,2018,primavera,3,4,1,13.62302568669851
82,83,2,11.7,13.5,81.0,16.3,166,2018-03-24,,0,2018,primavera,3,5,0,12.598486559209865
83,84,1,10.8,12.8,50.0,15.5,300,2018-03-25,,0,2018,primavera,3,6,0,15.805185520768887
84,85,1,10.9,12.9,39.0,14.0,981,2018-03-26,,0,2018,primavera,3,0,1,24.313236396031318
85,86,2,10.4,12.5,49.0,12.3,472,2018-03-27,,0,2018,primavera,3,1,1,18.69430098058313
86,87,1,10.8,12.9,30.0,14.2,222,2018-03-28,,0,2018,primavera,3,2,1,14.099671681576467
87,88,1,12.4,14.6,31.0,15.2,317,2018-03-29,,0,2018,primavera,3,3,1,16.13512705387941
88,89,2,12.3,14.9,65.0,11.6,168,2018-03-30,,0,2018,primavera,3,4,1,12.657680730933635
89,90,3,11.0,12.9,92.0,14.6,179,2018-03-31,,0,2018,primavera,3,5,0,12.974869300592166
90,91,2,12.3,14.2,69.0,17.3,307,2018-04-01,,0,2018,primavera,4,6,0,15.94256261710444
91,92,2,12.9,15.8,65.0,13.2,898,2018-04-02,,0,2018,primavera,4,0,1,23.564163083803322
92,93,1,15.5,18.9,48.0,12.2,1651,2018-04-03,,0,2018,primavera,4,1,1,29.16929839228544
93,94,1,23.5,27.1,43.0,12.76479452054794,734,2018-04-04,,0,2018,primavera,4,2,1,21.93082900637837
94,95,2,17.0,19.9,64.0,12.76479452054794,167,2018-04-05,,0,2018,primavera,4,3,1,12.628144592995481
95,96,1,16.0,19.4,47.0,17.6,413,2018-04-06,,0,2018,primavera,4,4,1,17.80016603614257
96,97,1,17.9,21.7,60.0,10.9,571,2018-04-07,,0,2018,primavera,4,5,0,20.035534833697966
97,98,2,13.8,16.2,84.0,15.2,172,2018-04-08,,0,2018,primavera,4,6,0,12.774630478140502
98,99,2,14.0,17.1,88.0,8.9,879,2018-04-09,,0,2018,primavera,4,0,1,23.386041372438253
99,100,2,17.5,21.3,86.0,9.8,1188,2018-04-10,,0,2018,primavera,4,1,1,26.008155426024892
100,101,2,24.4,28.3,72.0,21.7,855,2018-04-11,,0,2018,primavera,4,2,1,23.157219311629966
101,102,2,20.6,24.7,74.0,18.4,257,2018-04-12,,0,2018,primavera,4,3,1,14.908886343035926
102,103,2,16.9,20.9,82.0,16.8,209,2018-04-13,,0,2018,primavera,4,4,1,13.776742994638964
103,104,1,19.2,23.1,54.0,7.4,529,2018-04-14,,0,2018,primavera,4,5,0,19.487778018067797
104,105,1,18.3,22.1,67.0,15.2,642,2018-04-15,,0,2018,primavera,4,6,0,20.901605955828177
105,106,3,17.7,21.3,89.0,22.8,121,2018-04-16,,0,2018,primavera,4,0,1,11.113079627784426
106,107,1,18.7,22.3,48.0,20.3,1558,2018-04-17,,0,2018,primavera,4,1,1,28.58858128567913
107,108,1,21.0,25.2,54.0,11.0,669,2018-04-18,,0,2018,primavera,4,2,1,21.213637959840895
108,109,2,20.7,24.5,67.0,10.6,409,2018-04-19,,0,2018,primavera,4,3,1,17.736442885382758
109,110,1,24.4,28.2,61.0,16.2,613,2018-04-20,,0,2018,primavera,4,4,1,20.556237775730427
110,111,1,18.8,22.7,41.0,21.8,745,2018-04-21,,0,2018,primavera,4,5,0,22.04782764273909
111,112,2,13.8,16.1,73.0,14.7,177,2018-04-22,,0,2018,primavera,4,6,0,12.918216096564484
112,113,2,18.9,22.5,89.0,15.5,1462,2018-04-23,,0,2018,primavera,4,0,1,27.963553673036312
113,114,2,23.8,27.6,81.0,12.9,1710,2018-04-24,,0,2018,primavera,4,1,1,29.526131634148914
114,115,1,24.9,28.7,78.0,12.4,773,2018-04-25,,0,2018,primavera,4,2,1,22.340374629654924
115,116,1,25.9,29.7,73.0,21.9,678,2018-04-26,,0,2018,primavera,4,3,1,21.315721154148726
116,117,2,25.4,28.8,84.0,20.9,547,2018-04-27,,0,2018,primavera,4,4,1,19.72606550290835
117,118,2,25.3,28.9,70.0,21.5,569,2018-04-28,,0,2018,primavera,4,5,0,20.010091317337185
118,119,1,20.9,24.9,46.0,16.1,878,2018-04-29,,0,2018,primavera,4,6,0,23.37659348724463
119,120,1,19.4,23.2,50.0,15.8,1965,2018-04-30,,0,2018,primavera,4,0,1,30.977756760975808
120,121,2,18.5,22.4,76.0,7.1,1138,2018-05-01,,0,2018,primavera,5,1,1,25.618621813127508
121,122,2,22.5,26.6,73.0,12.3,847,2018-05-02,,0,2018,primavera,5,2,1,23.07996436975643
122,123,2,25.3,29.1,70.0,23.0,603,2018-05-03,,0,2018,primavera,5,3,1,20.43454220089376
123,124,2,17.0,20.2,74.0,22.0,255,2018-05-04,,0,2018,primavera,5,4,1,14.86476215878075
124,125,1,18.8,22.1,44.0,19.8,614,2018-05-05,,0,2018,primavera,5,5,0,20.568332033916427
125,126,1,19.6,23.7,59.0,15.3,894,2018-05-06,,0,2018,primavera,5,6,0,23.526880736789884
126,127,1,21.3,25.6,54.0,10.8,1612,2018-05-07,,0,2018,primavera,5,0,1,28.928583447893377
127,128,1,21.7,25.9,63.0,5.0,1401,2018-05-08,,0,2018,primavera,5,1,1,27.5515911082642
128,129,1,21.8,26.3,59.0,11.8,664,2018-05-09,,0,2018,primavera,5,2,1,21.156516411517668
129,130,1,21.8,26.1,49.0,7.7,694,2018-05-10,,0,2018,primavera,5,3,1,21.494924611628708
130,131,1,22.2,26.4,63.0,8.1,550,2018-05-11,,0,2018,primavera,5,4,1,19.76525354547011
131,132,1,21.9,26.2,75.0,12.7,695,2018-05-12,,0,2018,primavera,5,5,0,21.506030073972326
132,133,2,21.0,24.7,86.0,12.0,692,2018-05-13,,0,2018,primavera,5,6,0,21.47268062563507
133,134,2,21.4,25.0,92.0,9.0,902,2018-05-14,,0,2018,primavera,5,0,1,23.60133138554311
134,135,2,23.1,26.8,87.0,10.2,1582,2018-05-15,,0,2018,primavera,5,1,1,28.74067805063033
135,136,1,23.7,27.5,79.0,8.5,773,2018-05-16,,0,2018,primavera,5,2,1,22.340374629654924
136,137,2,23.0,26.9,84.0,18.6,678,2018-05-17,,0,2018,primavera,5,3,1,21.315721154148726
137,138,2,22.6,26.4,87.0,13.5,536,2018-05-18,,0,2018,primavera,5,4,1,19.581098342670106
138,139,2,21.8,25.5,83.0,7.3,735,2018-05-19,,0,2018,primavera,5,5,0,21.9415148787925
139,140,1,22.0,26.5,72.0,8.4,909,2018-05-20,,0,2018,primavera,5,6,0,23.666104049985695
140,141,1,24.7,28.6,63.0,8.1,2258,2018-05-21,,0,2018,primavera,5,0,1,32.493635611282336
141,142,1,24.8,28.7,75.0,9.9,1576,2018-05-22,,0,2018,primavera,5,1,1,28.702803458400076
142,143,2,25.9,29.5,81.0,15.7,836,2018-05-23,,0,2018,primavera,5,2,1,22.97291503758539
143,144,2,27.1,30.2,74.0,13.9,659,2018-05-24,,0,2018,primavera,5,3,1,21.099098252983737
144,145,1,27.1,30.8,70.0,10.3,740,2018-05-25,,0,2018,primavera,5,4,1,21.99479477611133
145,146,1,29.0,32.7,68.0,13.4,758,2018-05-26,,0,2018,primavera,5,5,0,22.18457688355613
146,147,1,28.0,31.9,65.0,16.1,871,2018-05-27,,0,2018,primavera,5,6,0,23.31025017876754
147,148,1,26.9,30.6,73.0,15.4,2001,2018-05-28,Memorial Day,1,2018,primavera,5,0,0,31.17204917865058
148,149,1,27.4,30.8,82.0,14.3,2355,2018-05-29,,0,2018,primavera,5,1,1,32.96549803081797
149,150,1,30.1,33.6,68.0,8.8,1549,2018-05-30,,0,2018,primavera,5,2,1,28.531129586722557
150,151,1,31.8,36.3,64.0,7.5,673,2018-05-31,,0,2018,primavera,5,3,1,21.259124149551536
151,152,2,31.3,36.0,68.0,13.9,513,2018-06-01,,0,2018,primavera,6,4,1,19.27123914108854
152,153,1,29.3,32.2,30.0,19.6,736,2018-06-02,,0,2018,primavera,6,5,0,21.95219075642757
153,154,1,25.4,29.4,35.0,17.0,898,2018-06-03,,0,2018,primavera,6,6,0,23.564163083803322
154,155,1,26.0,29.7,46.0,8.3,1869,2018-06-04,,0,2018,primavera,6,0,1,30.447383980762666
155,156,2,26.6,30.8,65.0,9.3,1685,2018-06-05,,0,2018,primavera,6,1,1,29.375981589315845
156,157,1,27.8,31.1,60.0,8.2,673,2018-06-06,,0,2018,primavera,6,2,1,21.259124149551536
157,158,1,29.0,32.8,60.0,12.6,763,2018-06-07,,0,2018,primavera,6,3,1,22.23674320123708
158,159,1,31.8,36.4,62.0,9.2,676,2018-06-08,,0,2018,primavera,6,4,1,21.293116913858686
159,160,2,33.1,37.9,57.0,10.0,563,2018-06-09,,0,2018,primavera,6,5,0,19.93338978663585
160,161,1,31.0,35.2,60.0,9.4,815,2018-06-10,,0,2018,primavera,6,6,0,22.76582715788465
161,162,1,29.7,33.9,65.0,10.4,1729,2018-06-11,,0,2018,primavera,6,0,1,29.639238949011897
162,163,1,28.4,32.2,75.0,11.0,1467,2018-06-12,,0,2018,primavera,6,1,1,27.99679300534768
163,164,1,26.0,30.1,49.0,20.5,863,2018-06-13,,0,2018,primavera,6,2,1,23.23397867152947
164,165,1,24.8,29.6,51.0,18.0,727,2018-06-14,,0,2018,primavera,6,3,1,21.855746103559362
165,166,1,25.7,29.4,47.0,11.3,769,2018-06-15,,0,2018,primavera,6,4,1,22.299033346837522
166,167,2,25.8,29.8,69.0,13.8,545,2018-06-16,,0,2018,primavera,6,5,0,19.69985794668522
167,168,1,26.6,30.0,74.0,9.6,863,2018-06-17,,0,2018,primavera,6,6,0,23.23397867152947
168,169,1,28.6,32.2,67.0,8.0,1807,2018-06-18,,0,2018,primavera,6,0,1,30.094815653023783
169,170,2,28.7,32.3,67.0,6.8,1639,2018-06-19,,0,2018,primavera,6,1,1,29.095652701514325
170,171,2,26.0,29.8,75.0,10.4,699,2018-06-20,,0,2018,primavera,6,2,1,21.550342341443788
171,172,2,27.9,31.9,77.0,11.5,774,2018-06-21,,0,2018,verano,6,3,1,22.350686951070003
172,173,1,30.1,34.7,71.0,11.5,661,2018-06-22,,0,2018,verano,6,4,1,21.12210135161918
173,174,2,29.9,34.7,70.0,16.0,746,2018-06-23,,0,2018,verano,6,5,0,22.058404818947725
174,175,1,29.7,32.8,57.0,14.9,969,2018-06-24,,0,2018,verano,6,6,0,24.207703504518356
175,176,1,28.5,32.2,48.0,14.0,1782,2018-06-25,,0,2018,verano,6,0,1,29.950296245874263
176,177,1,27.9,31.9,51.0,6.3,1920,2018-06-26,,0,2018,verano,6,1,1,30.73141732555984
177,178,2,28.0,31.9,66.0,7.2,854,2018-06-27,,0,2018,verano,6,2,1,23.147589706663297
178,179,1,30.5,34.6,63.0,9.7,732,2018-06-28,,0,2018,verano,6,3,1,21.909427185155987
179,180,1,29.9,32.7,50.0,17.5,848,2018-06-29,,0,2018,verano,6,4,1,23.089648608613867
180,181,1,28.6,31.9,43.0,12.4,1027,2018-06-30,,0,2018,verano,6,5,0,24.709743019528393
181,182,1,29.6,32.6,40.0,6.9,1246,2018-07-01,,0,2018,verano,7,6,0,26.446136106214603
182,183,1,30.3,33.4,44.0,7.7,2204,2018-07-02,,0,2018,verano,7,0,1,32.22488234448447
183,184,2,29.4,33.4,68.0,15.3,2282,2018-07-03,,0,2018,verano,7,1,1,32.61166354316713
184,185,2,29.8,33.3,64.0,5.5,3065,2018-07-04,Independence Day,1,2018,verano,7,2,0,36.066919133878656
185,186,1,30.6,34.8,59.0,8.5,1031,2018-07-05,,0,2018,verano,7,3,1,24.74364008620471
186,187,1,29.5,34.3,74.0,10.0,784,2018-07-06,,0,2018,verano,7,4,1,22.453309654794126
187,188,1,30.8,34.3,65.0,10.7,754,2018-07-07,,0,2018,verano,7,5,0,22.14267316490687
188,189,2,29.1,33.5,76.0,15.1,692,2018-07-08,,0,2018,verano,7,6,0,21.47268062563507
189,190,1,30.1,33.2,61.0,11.3,1988,2018-07-09,,0,2018,verano,7,0,1,31.102167485808735
190,191,1,30.6,34.5,58.0,12.3,1743,2018-07-10,,0,2018,verano,7,1,1,29.722035320925922
191,192,1,31.3,36.5,64.0,18.9,723,2018-07-11,,0,2018,verano,7,2,1,21.812618117501934
192,193,1,32.6,37.0,56.0,13.4,662,2018-07-12,,0,2018,verano,7,3,1,21.133584952861575
193,194,1,30.6,34.5,63.0,9.8,748,2018-07-13,,0,2018,verano,7,4,1,22.079529951469855
194,195,1,27.9,31.8,48.0,16.1,888,2018-07-14,,0,2018,verano,7,5,0,23.470741491686198
195,196,1,27.2,31.2,59.0,12.2,1318,2018-07-15,,0,2018,verano,7,6,0,26.970745178912516
196,197,1,28.2,31.9,58.0,14.0,2418,2018-07-16,,0,2018,verano,7,0,1,33.264846443993484
197,198,1,29.5,33.5,60.0,16.4,2006,2018-07-17,,0,2018,verano,7,1,1,31.198843605679237
198,199,1,30.6,35.2,65.0,14.5,841,2018-07-18,,0,2018,verano,7,2,1,23.021693177184783
199,200,1,31.8,37.4,65.0,8.8,752,2018-07-19,,0,2018,verano,7,3,1,22.121663950541958
200,201,1,31.5,37.3,71.0,7.6,644,2018-07-20,,0,2018,verano,7,4,1,20.925025638650855
201,202,2,33.4,41.3,69.0,14.9,632,2018-07-21,,0,2018,verano,7,5,0,20.783748696645866
202,203,1,34.8,42.0,58.0,8.9,562,2018-07-22,,0,2018,verano,7,6,0,19.92055161087199
203,204,1,34.8,40.2,50.0,8.8,987,2018-07-23,,0,2018,verano,7,0,1,24.365670136650444
204,205,1,34.0,39.7,55.0,11.3,1050,2018-07-24,,0,2018,verano,7,1,1,24.903427537398773
205,206,1,30.5,36.0,76.0,6.1,568,2018-07-25,,0,2018,verano,7,2,1,19.997346487657108
206,207,1,31.6,34.8,54.0,13.4,750,2018-07-26,,0,2018,verano,7,3,1,22.100616270491027
207,208,1,31.8,34.5,40.0,12.3,755,2018-07-27,,0,2018,verano,7,4,1,22.15316340127055
208,209,1,32.0,37.0,58.0,12.0,606,2018-07-28,,0,2018,verano,7,5,0,20.471195691912516
209,210,1,34.4,39.3,54.0,11.7,670,2018-07-29,,0,2018,verano,7,6,0,21.22502700601416
210,211,1,33.0,36.4,47.0,11.3,1559,2018-07-30,,0,2018,verano,7,0,1,28.594950704850454
211,212,1,33.0,36.5,48.0,11.0,1524,2018-07-31,,0,2018,verano,7,1,1,28.37032739961215
212,213,1,31.6,35.2,55.0,10.5,729,2018-08-01,,0,2018,verano,8,2,1,21.877248914900424
213,214,1,32.1,35.4,49.0,13.8,801,2018-08-02,,0,2018,verano,8,3,1,22.625721240169963
214,215,2,30.0,34.0,66.0,9.1,467,2018-08-03,,0,2018,verano,8,4,1,18.62161379103075
215,216,2,29.1,33.2,76.0,13.2,799,2018-08-04,,0,2018,verano,8,5,0,22.60556894823919
216,217,1,29.1,32.8,63.0,12.4,1023,2018-08-05,,0,2018,verano,8,6,0,24.675755026759898
217,218,2,29.4,33.8,76.0,15.3,1521,2018-08-06,,0,2018,verano,8,0,1,28.350909517968855
218,219,1,30.4,35.8,75.0,13.5,1298,2018-08-07,,0,2018,verano,8,1,1,26.827039269954902
219,220,1,31.4,35.2,59.0,12.9,846,2018-08-08,,0,2018,verano,8,2,1,23.070272263845283
220,221,1,31.8,36.2,57.0,10.1,907,2018-08-09,,0,2018,verano,8,3,1,23.647632684003003
221,222,1,31.4,34.2,42.0,13.4,884,2018-08-10,,0,2018,verano,8,4,1,23.433170234919448
222,223,1,29.4,32.6,42.0,11.0,812,2018-08-11,,0,2018,verano,8,5,0,22.73594463067716
223,224,1,29.0,32.7,42.0,8.4,1051,2018-08-12,,0,2018,verano,8,6,0,24.9117821253897
224,225,2,28.1,32.3,73.0,14.2,1504,2018-08-13,,0,2018,verano,8,0,1,28.24037434972934
225,226,2,27.7,31.2,82.0,14.9,1338,2018-08-14,,0,2018,verano,8,1,1,27.112958978368034
226,227,1,27.3,30.8,71.0,14.0,775,2018-08-15,,0,2018,verano,8,2,1,22.36099011289047
227,228,1,28.7,32.3,58.0,15.8,721,2018-08-16,,0,2018,verano,8,3,1,21.790992561788407
228,229,1,29.7,33.3,58.0,9.6,668,2018-08-17,,0,2018,verano,8,4,1,21.202237198776047
229,230,1,29.2,33.1,65.0,15.6,639,2018-08-18,,0,2018,verano,8,5,0,20.866382160464436
230,231,2,28.1,31.7,72.0,9.3,797,2018-08-19,,0,2018,verano,8,6,0,22.58538193183041
231,232,1,28.6,32.4,67.0,7.0,1914,2018-08-20,,0,2018,verano,8,0,1,30.698273032716752
232,233,1,29.1,33.8,77.0,16.7,1249,2018-08-21,,0,2018,verano,8,1,1,26.46840542476412
233,234,1,28.4,31.9,47.0,18.5,833,2018-08-22,,0,2018,verano,8,2,1,22.943551772154095
234,235,1,26.3,30.3,46.0,9.8,1281,2018-08-23,,0,2018,verano,8,3,1,26.703686981463523
235,236,1,27.6,31.5,60.0,17.0,949,2018-08-24,,0,2018,verano,8,4,1,24.029799804559193
236,237,2,28.0,32.3,77.0,14.1,435,2018-08-25,,0,2018,verano,8,5,0,18.143259830460796
237,238,1,28.7,33.0,76.0,5.6,768,2018-08-26,,0,2018,verano,8,6,0,22.28867492592782
238,239,2,27.9,31.8,85.0,25.2,226,2018-08-27,,0,2018,verano,8,0,1,14.196409919260486
239,240,1,29.0,32.4,56.0,20.4,1415,2018-08-28,,0,2018,verano,8,1,1,27.64721450538754
240,241,1,26.1,30.4,55.0,10.7,729,2018-08-29,,0,2018,verano,8,2,1,21.877248914900424
241,242,1,26.2,29.7,55.0,8.4,775,2018-08-30,,0,2018,verano,8,3,1,22.36099011289047
242,243,1,26.9,30.6,60.0,5.6,688,2018-08-31,,0,2018,verano,8,4,1,21.428059653476943
243,244,1,26.9,30.7,64.0,9.5,783,2018-09-01,,0,2018,verano,9,5,0,22.443088040293315
244,245,2,26.4,30.2,73.0,9.4,875,2018-09-02,,0,2018,verano,9,6,0,23.34820535085994
245,246,1,27.4,31.7,72.0,12.4,1935,2018-09-03,Labor Day,1,2018,verano,9,0,0,30.81396754174408
246,247,1,29.1,33.3,74.0,13.8,2521,2018-09-04,,0,2018,verano,9,1,1,33.74290772827341
247,248,2,27.6,31.3,79.0,14.3,1236,2018-09-05,,0,2018,verano,9,2,1,26.371637637450757
248,249,3,22.1,25.8,89.0,23.0,204,2018-09-06,,0,2018,verano,9,3,1,13.648860266572404
249,250,3,24.6,27.2,92.0,6.5,118,2018-09-07,,0,2018,verano,9,4,1,11.001303465544996
250,251,3,26.0,27.8,94.0,12.9,153,2018-09-08,,0,2018,verano,9,5,0,12.201245397222467
251,252,2,26.6,28.9,90.0,8.3,417,2018-09-09,,0,2018,verano,9,6,0,17.863466105304152
252,253,1,27.1,30.4,75.0,10.3,1750,2018-09-10,,0,2018,verano,9,0,1,29.76326206714132
253,254,1,26.8,30.5,71.0,7.7,1633,2018-09-11,,0,2018,verano,9,1,1,29.058690721242034
254,255,1,26.4,30.1,69.0,6.0,690,2018-09-12,,0,2018,verano,9,2,1,21.4503923785005
255,256,1,26.7,30.2,71.0,9.5,701,2018-09-13,,0,2018,verano,9,3,1,21.572433096279518
256,257,1,27.6,31.3,70.0,11.2,647,2018-09-14,,0,2018,verano,9,4,1,20.96006154932019
257,258,2,23.7,27.7,71.0,18.2,428,2018-09-15,,0,2018,verano,9,5,0,18.035414901758596
258,259,2,19.2,23.1,59.0,11.0,742,2018-09-16,,0,2018,verano,9,6,0,22.016037408971247
259,260,2,20.2,23.9,72.0,12.7,1434,2018-09-17,,0,2018,verano,9,0,1,27.77595386171366
260,261,1,20.8,24.5,70.0,12.0,1353,2018-09-18,,0,2018,verano,9,1,1,27.2186627180214
261,262,2,22.5,26.5,69.0,10.2,691,2018-09-19,,0,2018,verano,9,2,1,21.46154204821764
262,263,2,23.0,26.6,88.0,9.0,438,2018-09-20,,0,2018,verano,9,3,1,18.189113817415077
263,264,2,24.4,27.5,90.0,6.5,539,2018-09-21,,0,2018,verano,9,4,1,19.6208362372894
264,265,2,25.8,27.7,90.0,8.6,555,2018-09-22,,0,2018,verano,9,5,0,19.83024151966261
265,266,2,25.0,26.1,97.0,5.3,258,2018-09-23,,0,2018,otoño,9,6,0,14.930859913469101
266,267,2,24.9,28.2,86.0,5.3,1776,2018-09-24,,0,2018,otoño,9,0,1,29.91540432973025
267,268,2,26.0,28.6,84.0,3.4,1544,2018-09-25,,0,2018,otoño,9,1,1,28.499112717370515
268,269,2,26.6,29.5,85.0,7.4,684,2018-09-26,,0,2018,otoño,9,2,1,21.38325989427638
269,270,2,26.1,28.7,89.0,7.9,477,2018-09-27,,0,2018,otoño,9,3,1,18.7664604919159
270,271,2,26.0,28.8,85.0,10.0,480,2018-09-28,,0,2018,otoño,9,4,1,18.8095067937878
271,272,1,25.3,28.7,70.0,11.6,653,2018-09-29,,0,2018,otoño,9,5,0,21.029799569692006
272,273,1,23.1,27.2,65.0,13.8,830,2018-09-30,,0,2018,otoño,9,6,0,22.914115682910097
273,274,2,16.8,20.6,75.0,19.6,480,2018-10-01,,0,2018,otoño,10,0,1,18.8095067937878
274,275,2,14.6,17.3,79.0,14.9,616,2018-10-02,,0,2018,otoño,10,1,1,20.59247996716535
275,276,2,15.8,19.6,76.0,5.6,330,2018-10-03,,0,2018,otoño,10,2,1,16.37931262231017
276,277,1,19.8,23.6,71.0,13.8,486,2018-10-04,,0,2018,otoño,10,3,1,18.895047390845665
277,278,1,22.1,26.4,65.0,11.9,559,2018-10-05,,0,2018,otoño,10,4,1,19.88194256663946
278,279,1,20.3,24.0,62.0,9.0,639,2018-10-06,,0,2018,otoño,10,5,0,20.866382160464436
279,280,1,20.9,25.2,68.0,1.5,949,2018-10-07,,0,2018,otoño,10,6,0,24.029799804559193
280,281,1,21.4,25.7,70.0,3.0,2235,2018-10-08,Columbus Day,1,2018,otoño,10,0,0,32.37971307356818
281,282,1,22.2,26.2,73.0,4.3,2397,2018-10-09,,0,2018,otoño,10,1,1,33.16566607142315
282,283,1,23.4,27.1,73.0,2.8,1514,2018-10-10,,0,2018,otoño,10,2,1,28.30549846491878
283,284,2,23.2,27.3,81.0,9.6,667,2018-10-11,,0,2018,otoño,10,3,1,21.190824693205215
284,285,3,22.3,25.9,91.0,16.6,217,2018-10-12,,0,2018,otoño,10,4,1,13.977048046329125
285,286,2,24.2,27.6,90.0,9.5,290,2018-10-13,,0,2018,otoño,10,5,0,15.60505457017989
286,287,2,22.6,26.5,72.0,15.0,529,2018-10-14,,0,2018,otoño,10,6,0,19.487778018067797
287,288,1,20.8,24.9,48.0,17.3,1899,2018-10-15,,0,2018,otoño,10,0,1,30.615098486573412
288,289,1,21.0,25.2,49.0,18.9,1748,2018-10-16,,0,2018,otoño,10,1,1,29.751494587944297
289,290,1,21.9,25.5,58.0,11.8,713,2018-10-17,,0,2018,otoño,10,2,1,21.704075409338074
290,291,2,21.8,26.1,70.0,7.4,637,2018-10-18,,0,2018,otoño,10,3,1,20.84283639518621
291,292,3,22.2,25.7,90.0,16.3,254,2018-10-19,,0,2018,otoño,10,4,1,14.84261076336168
292,293,1,19.5,23.3,64.0,12.76479452054794,471,2018-10-20,,0,2018,otoño,10,5,0,18.679806059265733
293,294,1,17.5,21.2,57.0,14.8,676,2018-10-21,,0,2018,otoño,10,6,0,21.293116913858686
294,295,1,17.3,21.3,63.0,6.2,1499,2018-10-22,,0,2018,otoño,10,0,1,28.207700564224606
295,296,1,17.3,21.1,74.0,6.7,1619,2018-10-23,,0,2018,otoño,10,1,1,28.972081387127727
296,297,1,19.0,22.9,77.0,8.0,699,2018-10-24,,0,2018,otoño,10,2,1,21.550342341443788
297,298,1,19.3,23.2,62.0,11.2,695,2018-10-25,,0,2018,otoño,10,3,1,21.506030073972326
298,299,2,19.8,23.6,72.0,10.0,404,2018-10-26,,0,2018,otoño,10,4,1,17.656183295505553
299,300,2,19.3,22.9,81.0,13.3,240,2018-10-27,,0,2018,otoño,10,5,0,14.525995953471437
300,301,2,13.6,15.9,59.0,15.4,456,2018-10-28,,0,2018,otoño,10,6,0,18.45979696707945
301,302,3,10.4,11.4,88.0,23.5,57,2018-10-29,,0,2018,otoño,10,0,1,8.114713729979519
302,303,1,13.1,16.1,62.0,11.8,885,2018-10-30,,0,2018,otoño,10,1,1,23.442573993288537
303,304,1,13.9,17.8,70.0,7.1,362,2018-10-31,,0,2018,otoño,10,2,1,16.953413106041463
304,305,1,16.4,19.9,68.0,9.1,410,2018-11-01,,0,2018,otoño,11,3,1,17.752413717048515
305,306,1,15.5,19.5,72.0,5.5,370,2018-11-02,,0,2018,otoño,11,4,1,17.091442859100543
306,307,1,16.7,20.3,70.0,9.2,318,2018-11-03,,0,2018,otoño,11,5,0,16.154152506905422
307,308,2,16.5,20.2,62.0,18.2,470,2018-11-04,,0,2018,otoño,11,6,0,18.665289955991366
308,309,1,13.4,16.2,52.0,12.7,1156,2018-11-05,,0,2018,otoño,11,0,1,25.760185448419776
309,310,1,14.3,18.1,73.0,6.2,952,2018-11-06,,0,2018,otoño,11,1,1,24.056648712662287
310,311,1,16.2,20.0,76.0,3.8,373,2018-11-07,,0,2018,otoño,11,2,1,17.142674706414564
311,312,1,16.7,20.6,72.0,4.6,376,2018-11-08,,0,2018,otoño,11,3,1,17.193623928055374
312,313,1,16.4,20.5,76.0,4.2,305,2018-11-09,,0,2018,otoño,11,4,1,15.90353377985618
313,314,2,15.6,18.7,81.0,12.7,190,2018-11-10,,0,2018,otoño,11,5,0,13.27891999200478
314,315,1,13.3,15.3,45.0,21.1,440,2018-11-11,Veterans Day,1,2018,otoño,11,6,0,18.21956326306046
315,316,1,14.6,17.9,55.0,14.2,1275,2018-11-12,Veterans Day (Observed),1,2018,otoño,11,0,0,26.659882133235868
316,317,1,18.1,21.5,46.0,18.9,1004,2018-11-13,,0,2018,otoño,11,1,1,24.51305170482015
317,318,1,21.7,26.2,59.0,20.5,595,2018-11-14,,0,2018,otoño,11,2,1,20.33618244034791
318,319,2,21.7,25.4,69.0,13.4,449,2018-11-15,,0,2018,otoño,11,3,1,18.355419959790797
319,320,3,18.7,22.6,93.0,9.2,145,2018-11-16,,0,2018,otoño,11,4,1,11.945114071860695
320,321,2,14.0,16.2,58.0,20.5,139,2018-11-17,,0,2018,otoño,11,5,0,11.746562099967337
321,322,1,11.2,13.6,41.0,11.3,245,2018-11-18,,0,2018,otoño,11,6,0,14.640496283087804
322,323,1,13.5,16.2,50.0,15.0,943,2018-11-19,,0,2018,otoño,11,0,1,23.97592635594118
323,324,2,19.0,22.9,68.0,12.5,787,2018-11-20,,0,2018,otoño,11,1,1,22.483920795639833
324,325,3,18.4,22.3,91.0,9.2,220,2018-11-21,,0,2018,otoño,11,2,1,14.050852477026229
325,326,3,17.1,21.1,96.0,8.0,69,2018-11-22,Thanksgiving,1,2018,otoño,11,3,0,8.810353276360255
326,327,2,18.1,21.5,76.0,22.5,112,2018-11-23,,0,2018,otoño,11,4,1,10.771747496560778
327,328,1,15.3,18.6,55.0,11.2,560,2018-11-24,,0,2018,otoño,11,5,0,19.894828048314327
328,329,1,15.4,19.0,64.0,6.6,1095,2018-11-25,,0,2018,otoño,11,6,0,25.274094250038676
329,330,1,15.4,19.3,68.0,4.6,1249,2018-11-26,,0,2018,otoño,11,0,1,26.46840542476412
330,331,1,18.8,22.8,70.0,14.0,810,2018-11-27,,0,2018,otoño,11,1,1,22.71598073587438
331,332,1,20.6,24.5,74.0,9.5,253,2018-11-28,,0,2018,otoño,11,2,1,14.820399304452108
332,333,2,18.8,22.6,83.0,17.3,96,2018-11-29,,0,2018,otoño,11,3,1,10.115102959468718
333,334,1,13.3,15.6,61.0,18.2,188,2018-11-30,,0,2018,otoño,11,4,1,13.224555794604415
334,335,1,12.8,15.3,52.0,14.8,182,2018-12-01,,0,2018,otoño,12,5,0,13.05903842788398
335,336,1,12.9,16.6,63.0,6.8,268,2018-12-02,,0,2018,otoño,12,6,0,15.147439654158662
336,337,1,12.3,15.5,61.0,6.4,706,2018-12-03,,0,2018,otoño,12,0,1,21.627470972407515
337,338,1,13.6,17.5,78.0,5.6,634,2018-12-04,,0,2018,otoño,12,1,1,20.807422223207166
338,339,2,15.8,19.7,83.0,4.2,233,2018-12-05,,0,2018,otoño,12,2,1,14.362905788170039
339,340,3,19.0,22.8,95.0,15.6,126,2018-12-06,,0,2018,otoño,12,3,1,11.29521086922712
340,341,3,16.8,20.0,97.0,17.8,50,2018-12-07,,0,2018,otoño,12,4,1,7.6610645629261285
341,342,1,10.9,12.8,58.0,16.1,150,2018-12-08,,0,2018,otoño,12,5,0,12.106300542521547
342,343,1,11.9,15.9,70.0,5.5,261,2018-12-09,,0,2018,otoño,12,6,0,14.996431142631277
343,344,1,11.3,13.3,51.0,15.6,502,2018-12-10,,0,2018,otoño,12,0,1,19.11965961098823
344,345,1,9.0,12.7,49.0,4.5,377,2018-12-11,,0,2018,otoño,12,1,1,17.210544854603064
345,346,1,9.8,13.5,67.0,4.3,143,2018-12-12,,0,2018,otoño,12,2,1,11.879568738579978
346,347,1,11.6,15.1,59.0,9.4,155,2018-12-13,,0,2018,otoño,12,3,1,12.263832757522577
347,348,2,13.0,16.9,66.0,4.1,178,2018-12-14,,0,2018,otoño,12,4,1,12.946597425443061
348,349,2,17.3,20.6,63.0,18.0,181,2018-12-15,,0,2018,otoño,12,5,0,13.031088794617592
349,350,2,15.4,18.0,50.0,17.5,178,2018-12-16,,0,2018,otoño,12,6,0,12.946597425443061
350,351,2,10.6,12.5,56.0,16.3,275,2018-12-17,,0,2018,otoño,12,0,1,15.295759177479805
351,352,1,9.8,12.3,59.0,11.4,220,2018-12-18,,0,2018,otoño,12,1,1,14.050852477026229
352,353,1,11.3,14.0,64.0,11.6,260,2018-12-19,,0,2018,otoño,12,2,1,14.974631934516553
353,354,2,15.8,19.8,60.0,4.1,216,2018-12-20,,0,2018,otoño,12,3,1,13.9522906841088
354,355,2,17.6,21.4,86.0,14.8,107,2018-12-21,,0,2018,invierno,12,4,1,10.573899066836365
355,356,2,17.4,21.3,76.0,3.2,227,2018-12-22,,0,2018,invierno,12,5,0,14.220410217109695
356,357,1,15.3,18.9,69.0,18.4,163,2018-12-23,,0,2018,invierno,12,6,0,12.508768561460084
357,358,1,12.4,15.0,54.0,12.8,155,2018-12-24,,0,2018,invierno,12,0,1,12.263832757522577
358,359,1,11.3,14.0,68.0,10.4,303,2018-12-25,Christmas Day,1,2018,invierno,12,1,0,15.864328520407078
359,360,1,13.2,15.8,51.0,16.0,430,2018-12-26,,0,2018,invierno,12,2,1,18.066350765476297
360,361,2,13.3,16.4,76.0,12.6,103,2018-12-27,,0,2018,invierno,12,3,1,10.410990448853742
361,362,1,12.3,14.0,50.0,19.7,255,2018-12-28,,0,2018,invierno,12,4,1,14.86476215878075
362,363,1,10.2,13.2,57.0,8.0,254,2018-12-29,,0,2018,invierno,12,5,0,14.84261076336168
363,364,1,12.8,15.9,64.0,9.0,491,2018-12-30,,0,2018,invierno,12,6,0,18.96577807257468
364,365,1,16.8,20.7,62.0,14.8,665,2018-12-31,,0,2018,invierno,12,0,1,21.167964329490268
365,366,1,15.2,18.8,69.0,12.9,686,2019-01-01,New Year's Day,1,2019,invierno,1,1,0,21.405682232121144
366,367,1,11.2,12.6,38.0,22.1,244,2019-01-02,,0,2019,invierno,1,2,1,14.617725669338434
367,368,1,6.2,6.3,44.0,24.5,89,2019-01-03,,0,2019,invierno,1,3,1,9.803979363300463
368,369,2,4.4,6.0,41.0,12.4,95,2019-01-04,,0,2019,invierno,1,4,1,10.071633624010222
369,370,1,10.9,13.9,52.0,8.7,140,2019-01-05,,0,2019,invierno,1,5,0,11.78005804240976
370,371,1,13.7,17.0,54.0,11.2,307,2019-01-06,,0,2019,invierno,1,6,0,15.94256261710444
371,372,1,16.1,19.5,53.0,11.7,1070,2019-01-07,,0,2019,invierno,1,0,1,25.069490728614646
372,373,1,13.8,17.0,46.0,12.8,599,2019-01-08,,0,2019,invierno,1,1,1,20.385475260617483
373,374,2,9.2,12.4,70.0,6.6,106,2019-01-09,,0,2019,invierno,1,2,1,10.533569973870867
374,375,1,12.7,15.9,65.0,12.6,173,2019-01-10,,0,2019,invierno,1,3,1,12.80357508690969
375,376,2,11.2,14.1,85.0,8.8,92,2019-01-11,,0,2019,invierno,1,4,1,9.93930751344088
376,377,2,15.7,19.1,80.0,12.1,269,2019-01-12,,0,2019,invierno,1,5,0,15.168790031302237
377,378,1,11.2,12.5,51.0,25.3,174,2019-01-13,,0,2019,invierno,1,6,0,12.832404849813082
378,379,1,7.4,9.2,46.0,12.5,333,2019-01-14,,0,2019,invierno,1,0,1,16.434720152611323
379,380,1,6.8,8.1,42.0,16.8,284,2019-01-15,,0,2019,invierno,1,1,1,15.482687996367208
380,381,1,7.8,9.5,52.0,15.5,217,2019-01-16,,0,2019,invierno,1,2,1,13.977048046329125
381,382,2,15.3,18.2,72.0,23.4,127,2019-01-17,,0,2019,invierno,1,3,1,11.331038008480384
382,383,1,12.4,13.8,44.0,12.76479452054794,109,2019-01-18,,0,2019,invierno,1,4,1,10.653786062011257
383,384,1,7.8,9.5,50.0,14.8,130,2019-01-19,,0,2019,invierno,1,5,0,11.437368521418728
384,385,2,8.9,11.0,45.0,13.6,115,2019-01-20,,0,2019,invierno,1,6,0,10.88755529822592
385,386,2,7.1,8.7,83.0,14.9,67,2019-01-21,Martin Luther King Jr. Day,1,2019,invierno,1,0,0,8.700535273222862
386,387,2,6.7,8.1,80.0,13.4,196,2019-01-22,,0,2019,invierno,1,1,1,13.439686812493086
387,388,2,9.0,12.2,91.0,7.4,145,2019-01-23,,0,2019,invierno,1,2,1,11.945114071860695
388,389,1,14.0,17.5,84.0,8.3,439,2019-01-24,,0,2019,invierno,1,3,1,18.204350466623477
389,390,1,12.1,14.7,64.0,10.8,467,2019-01-25,,0,2019,invierno,1,4,1,18.62161379103075
390,391,2,14.0,17.8,77.0,4.9,244,2019-01-26,,0,2019,invierno,1,5,0,14.617725669338434
391,392,2,17.4,20.8,74.0,23.0,269,2019-01-27,,0,2019,invierno,1,6,0,15.168790031302237
392,393,1,13.0,16.3,54.0,14.1,775,2019-01-28,,0,2019,invierno,1,0,1,22.36099011289047
393,394,1,11.6,13.6,31.0,16.1,558,2019-01-29,,0,2019,invierno,1,1,1,19.869041221066194
394,395,1,11.0,13.1,40.0,14.5,126,2019-01-30,,0,2019,invierno,1,2,1,11.29521086922712
395,396,1,16.0,19.1,42.0,17.5,324,2019-01-31,,0,2019,invierno,1,3,1,16.267449563951885
396,397,1,19.2,23.3,51.0,12.7,304,2019-02-01,,0,2019,invierno,2,4,1,15.88395332521087
397,398,2,16.4,19.9,67.0,12.5,190,2019-02-02,,0,2019,invierno,2,5,0,13.27891999200478
398,399,1,12.8,15.5,53.0,12.0,310,2019-02-03,,0,2019,invierno,2,6,0,16.00077930607412
399,400,2,10.8,13.6,78.0,8.2,384,2019-02-04,,0,2019,invierno,2,0,1,17.328135404690276
400,401,2,10.9,13.2,69.0,11.8,318,2019-02-05,,0,2019,invierno,2,1,1,16.154152506905422
401,402,1,11.6,14.8,62.0,10.3,206,2019-02-06,,0,2019,invierno,2,2,1,13.700269275640977
402,403,1,14.5,18.1,50.0,9.9,199,2019-02-07,,0,2019,invierno,2,3,1,13.518803186106753
403,404,2,10.5,13.3,72.0,9.0,109,2019-02-08,,0,2019,invierno,2,4,1,10.653786062011257
404,405,1,10.9,13.1,56.0,13.0,163,2019-02-09,,0,2019,invierno,2,5,0,12.508768561460084
405,406,2,11.5,14.7,54.0,7.8,227,2019-02-10,,0,2019,invierno,2,6,0,14.220410217109695
406,407,3,9.2,10.5,73.0,19.4,192,2019-02-11,,0,2019,invierno,2,0,1,13.332892012057785
407,408,1,5.2,5.1,46.0,12.76479452054794,73,2019-02-12,,0,2019,invierno,2,1,1,9.023587275838487
408,409,1,9.1,11.4,41.0,11.2,94,2019-02-13,,0,2019,invierno,2,2,1,10.027848426950573
409,410,2,13.1,16.7,51.0,9.5,135,2019-02-14,,0,2019,invierno,2,3,1,11.610896216048529
410,411,1,14.3,17.6,53.0,12.2,141,2019-02-15,,0,2019,invierno,2,4,1,11.813389829019998
411,412,2,13.0,16.5,75.0,6.1,74,2019-02-16,,0,2019,invierno,2,5,0,9.075634422036053
412,413,1,14.1,17.6,63.0,13.8,349,2019-02-17,,0,2019,invierno,2,6,0,16.724569505994513
413,414,1,14.2,17.8,53.0,12.8,1435,2019-02-18,Washington's Birthday,1,2019,invierno,2,0,0,27.782697036897115
414,415,2,11.5,13.3,52.0,17.0,618,2019-02-19,,0,2019,invierno,2,1,1,20.616574036363005
415,416,1,11.5,13.7,51.0,15.3,502,2019-02-20,,0,2019,invierno,2,2,1,19.11965961098823
416,417,1,11.8,14.8,59.0,13.8,163,2019-02-21,,0,2019,invierno,2,3,1,12.508768561460084
417,418,1,16.2,19.6,57.0,15.7,394,2019-02-22,,0,2019,invierno,2,4,1,17.49359116289115
418,419,1,18.6,22.2,55.0,12.8,516,2019-02-23,,0,2019,invierno,2,5,0,19.31219047959194
419,420,2,16.7,20.5,74.0,15.9,246,2019-02-24,,0,2019,invierno,2,6,0,14.663203062497052
420,421,1,11.9,12.8,40.0,12.76479452054794,317,2019-02-25,,0,2019,invierno,2,0,1,16.13512705387941
421,422,1,11.4,13.4,41.0,13.8,515,2019-02-26,,0,2019,invierno,2,1,1,19.298558271471887
422,423,1,15.0,17.9,49.0,18.0,253,2019-02-27,,0,2019,invierno,2,2,1,14.820399304452108
423,424,1,14.7,17.7,40.0,13.0,229,2019-02-28,,0,2019,invierno,2,3,1,14.26819352349966
424,425,1,19.9,23.8,62.0,15.2,325,2019-03-01,,0,2019,invierno,3,4,1,16.28619178229141
425,426,2,14.5,18.0,66.0,9.7,246,2019-03-02,,0,2019,invierno,3,5,0,14.663203062497052
426,427,2,17.0,20.7,62.0,10.8,956,2019-03-03,,0,2019,invierno,3,6,0,24.09235688677145
427,428,1,13.4,15.2,40.0,22.4,710,2019-03-04,,0,2019,invierno,3,0,1,21.67130856287786
428,429,1,10.0,12.1,51.0,15.3,203,2019-03-05,,0,2019,invierno,3,1,1,13.62302568669851
429,430,1,10.6,12.8,46.0,13.5,221,2019-03-06,,0,2019,invierno,3,2,1,14.075300062683299
430,431,1,16.6,19.3,51.0,23.2,432,2019-03-07,,0,2019,invierno,3,3,1,18.09718782281757
431,432,1,21.6,26.2,57.0,12.76479452054794,486,2019-03-08,,0,2019,invierno,3,4,1,18.895047390845665
432,433,2,16.8,19.9,41.0,12.76479452054794,447,2019-03-09,,0,2019,invierno,3,5,0,18.325392570647033
433,434,1,11.8,13.9,35.0,15.1,968,2019-03-10,,0,2019,invierno,3,6,0,24.198868608451622
434,435,1,14.8,18.0,48.0,14.9,1658,2019-03-11,,0,2019,invierno,3,0,1,29.212088494951814
435,436,1,19.1,23.0,49.0,13.9,838,2019-03-12,,0,2019,invierno,3,1,1,22.9924503079177
436,437,1,23.2,27.1,62.0,15.9,762,2019-03-13,,0,2019,invierno,3,2,1,22.226328788242366
437,438,1,23.5,27.4,51.0,7.7,997,2019-03-14,,0,2019,invierno,3,3,1,24.45257464224404
438,439,1,22.9,26.6,58.0,10.0,1005,2019-03-15,,0,2019,invierno,3,4,1,24.521667588204817
439,440,2,17.9,21.8,84.0,7.6,548,2019-03-16,,0,2019,invierno,3,5,0,19.739144572014773
440,441,2,21.1,25.3,76.0,7.4,3155,2019-03-17,,0,2019,invierno,3,6,0,36.42335973292572
441,442,2,19.4,23.2,81.0,8.5,2207,2019-03-18,,0,2019,invierno,3,0,1,32.23993117522535
442,443,1,22.3,26.6,73.0,10.9,982,2019-03-19,,0,2019,invierno,3,1,1,24.321990640981856
443,444,1,23.0,26.9,81.0,8.1,1051,2019-03-20,,0,2019,invierno,3,2,1,24.9117821253897
444,445,2,21.8,25.7,82.0,6.0,1122,2019-03-21,,0,2019,primavera,3,3,1,25.49148875343988
445,446,1,22.7,26.6,83.0,7.9,1334,2019-03-22,,0,2019,primavera,3,4,1,27.084633767702908
446,447,2,24.7,28.5,69.0,7.8,2469,2019-03-23,,0,2019,primavera,3,5,0,33.50327082627061
447,448,2,20.6,24.3,89.0,12.9,1033,2019-03-24,,0,2019,primavera,3,6,0,24.760554708315045
448,449,2,17.9,21.9,88.0,14.8,1532,2019-03-25,,0,2019,primavera,3,0,1,28.42198021121308
449,450,1,18.3,21.9,48.0,12.76479452054794,795,2019-03-26,,0,2019,primavera,3,1,1,22.565160043746044
450,451,1,13.3,15.8,29.0,12.5,531,2019-03-27,,0,2019,primavera,3,2,1,19.514527201180098
451,452,1,19.8,23.5,48.0,19.5,674,2019-03-28,,0,2019,primavera,3,3,1,21.27046662993764
452,453,1,20.3,24.1,44.0,21.4,834,2019-03-29,,0,2019,primavera,3,4,1,22.953347596990593
453,454,2,15.2,18.8,58.0,9.3,796,2019-03-30,,0,2019,primavera,3,5,0,22.575275355986328
454,455,2,17.4,21.1,74.0,16.8,2301,2019-03-31,,0,2019,primavera,3,6,0,32.704498267534206
455,456,2,17.5,20.9,68.0,11.5,2347,2019-04-01,,0,2019,primavera,4,0,1,32.92709295102222
456,457,1,17.8,21.4,50.0,20.9,1208,2019-04-02,,0,2019,primavera,4,1,1,26.160811910093877
457,458,1,19.1,23.1,40.0,6.7,1348,2019-04-03,,0,2019,primavera,4,2,1,27.183518099865907
458,459,1,22.2,26.7,47.0,12.1,1058,2019-04-04,,0,2019,primavera,4,3,1,24.970111695252918
459,460,1,17.8,21.6,37.0,14.7,1192,2019-04-05,,0,2019,primavera,4,4,1,26.03882734820673
460,461,1,16.5,19.5,38.0,20.1,1807,2019-04-06,,0,2019,primavera,4,5,0,30.094815653023783
461,462,1,17.9,21.3,25.0,18.4,3252,2019-04-07,,0,2019,primavera,4,6,0,36.7997775228126
462,463,1,20.5,24.6,28.0,15.6,2230,2019-04-08,,0,2019,primavera,4,0,1,32.35484071146578
463,464,1,20.1,23.8,32.0,24.0,905,2019-04-09,,0,2019,primavera,4,1,1,23.62913328272585
464,465,1,18.3,21.8,44.0,16.7,819,2019-04-10,,0,2019,primavera,4,2,1,22.805553072141805
465,466,1,14.3,16.9,47.0,19.8,482,2019-04-11,,0,2019,primavera,4,3,1,18.838101627313304
466,467,1,16.3,19.4,47.0,19.5,663,2019-04-12,,0,2019,primavera,4,4,1,21.145056629380793
467,468,1,18.1,21.6,41.0,10.4,1252,2019-04-13,,0,2019,primavera,4,5,0,26.490637984525883
468,469,1,20.3,24.4,50.0,12.8,2795,2019-04-14,,0,2019,primavera,4,6,0,34.95242433355225
469,470,1,24.9,28.7,51.0,15.1,2846,2019-04-15,,0,2019,primavera,4,0,1,35.16844227782097
470,471,1,27.2,30.7,56.0,19.1,1198,2019-04-16,,0,2019,primavera,4,1,1,26.08470277573263
471,472,1,24.9,29.9,39.0,18.3,989,2019-04-17,,0,2019,primavera,4,2,1,24.383099323185924
472,473,2,19.0,22.9,57.0,11.3,347,2019-04-18,,0,2019,primavera,4,3,1,16.688844923276605
473,474,1,20.4,24.7,61.0,4.4,846,2019-04-19,,0,2019,primavera,4,4,1,23.070272263845283
474,475,1,21.6,25.8,69.0,10.0,1340,2019-04-20,,0,2019,primavera,4,5,0,27.127099747302395
475,476,1,23.4,27.1,68.0,19.0,2541,2019-04-21,,0,2019,primavera,4,6,0,33.83417044797426
476,477,3,16.3,19.5,84.0,23.1,120,2019-04-22,,0,2019,primavera,4,0,1,11.076034853721117
477,478,2,13.2,15.1,77.0,20.3,195,2019-04-23,,0,2019,primavera,4,1,1,13.413129686804043
478,479,1,17.0,20.3,45.0,16.7,518,2019-04-24,,0,2019,primavera,4,2,1,19.339400479441093
479,480,1,19.5,23.5,43.0,8.0,655,2019-04-25,,0,2019,primavera,4,3,1,21.052947610251845
480,481,2,20.4,24.2,76.0,11.8,475,2019-04-26,,0,2019,primavera,4,4,1,18.737659407525854
481,482,1,18.8,22.6,40.0,23.3,1014,2019-04-27,,0,2019,primavera,4,5,0,24.598946471932145
482,483,2,15.4,18.9,49.0,8.7,1120,2019-04-28,,0,2019,primavera,4,6,0,25.47550963067842
483,484,1,18.8,22.5,59.0,7.8,2229,2019-04-29,,0,2019,primavera,4,0,1,32.34986163739344
484,485,2,19.0,22.9,57.0,11.5,665,2019-04-30,,0,2019,primavera,4,1,1,21.167964329490268
485,486,2,25.2,28.9,66.0,10.5,653,2019-05-01,,0,2019,primavera,5,2,1,21.029799569692006
486,487,1,23.1,26.9,80.0,9.2,667,2019-05-02,,0,2019,primavera,5,3,1,21.190824693205215
487,488,2,23.0,26.9,77.0,9.0,764,2019-05-03,,0,2019,primavera,5,4,1,22.247148230658432
488,489,1,25.7,29.5,74.0,10.9,1069,2019-05-04,,0,2019,primavera,5,5,0,25.061238508488632
489,490,2,25.5,29.2,76.0,10.3,2496,2019-05-05,,0,2019,primavera,5,6,0,33.628126344135325
490,491,2,23.1,27.3,74.0,10.0,2135,2019-05-06,,0,2019,primavera,5,0,1,31.87480202668813
491,492,2,22.0,26.4,66.0,15.5,1008,2019-05-07,,0,2019,primavera,5,1,1,24.547479911540727
492,493,2,23.8,27.9,69.0,19.8,738,2019-05-08,,0,2019,primavera,5,2,1,21.973512618913848
493,494,2,23.6,27.7,74.0,14.5,620,2019-05-09,,0,2019,primavera,5,3,1,20.640614535393613
494,495,1,20.7,24.6,55.0,21.0,1026,2019-05-10,,0,2019,primavera,5,4,1,24.70125456902106
495,496,1,21.9,26.0,36.0,15.9,1319,2019-05-11,,0,2019,primavera,5,5,0,26.97789098897785
496,497,1,23.1,27.2,48.0,8.2,2622,2019-05-12,,0,2019,primavera,5,6,0,34.19881237702311
497,498,1,25.1,29.3,58.0,15.1,2172,2019-05-13,,0,2019,primavera,5,0,1,32.06347789586011
498,499,2,23.5,27.5,79.0,14.3,342,2019-05-14,,0,2019,primavera,5,1,1,16.598909600257397
499,500,2,25.1,28.8,79.0,9.9,625,2019-05-15,,0,2019,primavera,5,2,1,20.70048331921915
500,501,1,26.1,29.8,70.0,8.2,991,2019-05-16,,0,2019,primavera,5,3,1,24.40050428477717
501,502,1,24.3,28.6,52.0,15.4,1242,2019-05-17,,0,2019,primavera,5,4,1,26.41638624261
502,503,1,23.1,27.6,52.0,9.2,1521,2019-05-18,,0,2019,primavera,5,5,0,28.350909517968855
503,504,1,24.6,28.3,46.0,5.6,3410,2019-05-19,,0,2019,primavera,5,6,0,37.39671052696428
504,505,1,25.4,29.2,53.0,17.0,2704,2019-05-20,,0,2019,primavera,5,0,1,34.560147535840194
505,506,2,24.5,28.3,81.0,15.6,630,2019-05-21,,0,2019,primavera,5,1,1,20.760023587497308
506,507,2,25.2,29.0,77.0,7.9,819,2019-05-22,,0,2019,primavera,5,2,1,22.805553072141805
507,508,2,25.5,29.2,77.0,6.8,766,2019-05-23,,0,2019,primavera,5,3,1,22.267930221589673
508,509,1,26.9,30.3,72.0,11.6,1059,2019-05-24,,0,2019,primavera,5,4,1,24.978422803040612
509,510,1,27.9,31.4,75.0,9.4,1417,2019-05-25,,0,2019,primavera,5,5,0,27.66082179810581
510,511,1,28.4,32.1,73.0,13.3,2855,2019-05-26,,0,2019,primavera,5,6,0,35.20628611500822
511,512,1,28.3,32.1,70.0,14.4,3283,2019-05-27,Memorial Day,1,2019,primavera,5,0,0,36.91844563898211
512,513,1,29.2,34.0,68.0,13.2,2557,2019-05-28,,0,2019,primavera,5,1,1,33.90682554992573
513,514,1,29.6,33.6,68.0,19.8,880,2019-05-29,,0,2019,primavera,5,2,1,23.395481867885813
514,515,2,26.9,30.6,67.0,9.0,745,2019-05-30,,0,2019,primavera,5,3,1,22.04782764273909
515,516,1,27.9,31.6,49.0,13.1,1100,2019-05-31,,0,2019,primavera,5,4,1,25.3146284579597
516,517,2,26.8,30.4,76.0,15.9,533,2019-06-01,,0,2019,primavera,6,5,0,19.541207179124484
517,518,1,23.9,28.3,55.0,12.5,2795,2019-06-02,,0,2019,primavera,6,6,0,34.95242433355225
518,519,1,24.7,28.8,49.0,12.3,2494,2019-06-03,,0,2019,primavera,6,0,1,33.61890973357681
519,520,1,24.5,28.9,49.0,19.1,1071,2019-06-04,,0,2019,primavera,6,1,1,25.077737645991387
520,521,2,22.2,26.3,61.0,14.0,968,2019-06-05,,0,2019,primavera,6,2,1,24.198868608451622
521,522,1,22.7,27.1,61.0,5.2,1027,2019-06-06,,0,2019,primavera,6,3,1,24.709743019528393
522,523,1,24.7,28.5,57.0,10.5,1038,2019-06-07,,0,2019,primavera,6,4,1,24.80274294696482
523,524,1,26.6,29.9,47.0,11.8,1488,2019-06-08,,0,2019,primavera,6,5,0,28.135553480540658
524,525,1,29.1,32.4,44.0,9.7,2708,2019-06-09,,0,2019,primavera,6,6,0,34.57757972038729
525,526,1,29.8,33.2,54.0,9.0,2224,2019-06-10,,0,2019,primavera,6,0,1,32.324943194818445
526,527,2,29.6,33.0,59.0,13.9,1017,2019-06-11,,0,2019,primavera,6,1,1,24.62460123505955
527,528,2,26.8,29.9,83.0,14.4,477,2019-06-12,,0,2019,primavera,6,2,1,18.7664604919159
528,529,1,26.9,30.6,58.0,23.0,1173,2019-06-13,,0,2019,primavera,6,3,1,25.892499050187762
529,530,1,26.6,31.2,57.0,17.0,1180,2019-06-14,,0,2019,primavera,6,4,1,25.9465978400667
530,531,1,26.2,30.0,59.0,11.8,1563,2019-06-15,,0,2019,primavera,6,5,0,28.620400318031457
531,532,1,25.9,29.7,50.0,11.2,2963,2019-06-16,,0,2019,primavera,6,6,0,35.65414071945312
532,533,1,24.3,28.6,60.0,9.7,2634,2019-06-17,,0,2019,primavera,6,0,1,34.252171664383866
533,534,2,23.3,27.2,78.0,11.7,653,2019-06-18,,0,2019,primavera,6,1,1,21.029799569692006
534,535,1,28.2,32.7,69.0,9.9,968,2019-06-19,,0,2019,primavera,6,2,1,24.198868608451622
535,536,1,32.1,36.0,59.0,7.6,872,2019-06-20,,0,2019,primavera,6,3,1,23.319750192542735
536,537,1,33.0,37.6,57.0,8.0,778,2019-06-21,,0,2019,verano,6,4,1,22.3918448398277
537,538,1,31.9,36.2,57.0,12.3,964,2019-06-22,,0,2019,verano,6,5,0,24.163466118090938
538,539,1,30.0,32.6,53.0,12.0,2657,2019-06-23,,0,2019,verano,6,6,0,34.35397811153608
539,540,1,30.5,33.7,48.0,9.8,2551,2019-06-24,,0,2019,verano,6,0,1,33.879616628478686
540,541,1,29.4,32.7,50.0,20.1,1139,2019-06-25,,0,2019,verano,6,1,1,25.626526703614285
541,542,1,25.9,29.7,37.0,23.3,1077,2019-06-26,,0,2019,verano,6,2,1,25.12710825887398
542,543,1,28.6,32.0,36.0,18.2,1077,2019-06-27,,0,2019,verano,6,3,1,25.12710825887398
543,544,1,30.7,33.8,42.0,11.5,921,2019-06-28,,0,2019,verano,6,4,1,23.776349287746303
544,545,1,34.2,39.3,49.0,11.1,829,2019-06-29,,0,2019,verano,6,5,0,22.904287393336155
545,546,1,31.4,34.4,60.0,10.8,1455,2019-06-30,,0,2019,verano,6,6,0,27.916886998988147
546,547,1,33.4,37.5,52.0,11.3,1421,2019-07-01,,0,2019,verano,7,0,1,27.68799680573291
547,548,1,32.0,35.1,45.0,13.1,904,2019-07-02,,0,2019,verano,7,1,1,23.619873036173338
548,549,1,32.0,35.1,49.0,8.5,1052,2019-07-03,,0,2019,verano,7,2,1,24.920131247830643
549,550,1,32.4,36.6,54.0,9.0,2562,2019-07-04,Independence Day,1,2019,verano,7,3,0,33.92946612672132
550,551,1,33.9,38.1,46.0,13.0,1405,2019-07-05,,0,2019,verano,7,4,1,27.57897888865059
551,552,1,34.0,37.6,45.0,9.8,1366,2019-07-06,,0,2019,verano,7,5,0,27.309622582638667
552,553,1,35.3,40.2,49.0,11.0,1448,2019-07-07,,0,2019,verano,7,6,0,27.87006565125508
553,554,1,33.7,39.5,57.0,8.4,1203,2019-07-08,,0,2019,verano,7,0,1,26.12281173504856
554,555,2,29.1,32.7,68.0,12.1,998,2019-07-09,,0,2019,verano,7,1,1,24.461232065389975
555,556,2,29.6,33.2,67.0,10.2,954,2019-07-10,,0,2019,verano,7,2,1,24.0745156716324
556,557,1,29.4,32.5,63.0,10.2,975,2019-07-11,,0,2019,verano,7,3,1,24.260581618875033
557,558,1,29.4,32.7,53.0,9.8,1032,2019-07-12,,0,2019,verano,7,4,1,24.752100215488632
558,559,2,30.0,33.4,49.0,5.4,1511,2019-07-13,,0,2019,verano,7,5,0,28.285992374238177
559,560,2,28.8,33.3,70.0,9.6,2355,2019-07-14,,0,2019,verano,7,6,0,32.96549803081797
560,561,1,30.6,35.3,72.0,11.2,1920,2019-07-15,,0,2019,verano,7,0,1,30.73141732555984
561,562,1,31.3,36.2,64.0,11.0,1088,2019-07-16,,0,2019,verano,7,1,1,25.217131935362787
562,563,1,33.6,37.8,51.0,7.7,921,2019-07-17,,0,2019,verano,7,2,1,23.776349287746303
563,564,1,32.5,37.3,58.0,9.2,799,2019-07-18,,0,2019,verano,7,3,1,22.60556894823919
564,565,1,31.6,35.7,60.0,11.1,888,2019-07-19,,0,2019,verano,7,4,1,23.470741491686198
565,566,2,27.3,30.7,84.0,14.0,747,2019-07-20,,0,2019,verano,7,5,0,22.06897224785361
566,567,3,24.4,27.5,87.0,14.3,1264,2019-07-21,,0,2019,verano,7,6,0,26.57920359220883
567,568,2,27.4,31.2,76.0,6.3,2544,2019-07-22,,0,2019,verano,7,0,1,33.84781719869342
568,569,1,30.4,34.5,69.0,9.3,1135,2019-07-23,,0,2019,verano,7,1,1,25.594878439170266
569,570,1,30.8,35.3,66.0,14.2,1140,2019-07-24,,0,2019,verano,7,2,1,25.634426822164684
570,571,1,29.7,32.7,45.0,11.0,1383,2019-07-25,,0,2019,verano,7,3,1,27.42767611838279
571,572,1,31.8,37.0,60.0,19.1,1036,2019-07-26,,0,2019,verano,7,4,1,24.785884459991365
572,573,1,32.0,36.7,59.0,10.3,1259,2019-07-27,,0,2019,verano,7,5,0,26.54237183905966
573,574,1,31.0,34.9,61.0,10.5,2234,2019-07-28,,0,2019,verano,7,6,0,32.37474166505126
574,575,1,29.6,33.4,62.0,11.4,2153,2019-07-29,,0,2019,verano,7,0,1,31.96686882384164
575,576,1,30.0,34.2,67.0,10.3,1040,2019-07-30,,0,2019,verano,7,1,1,24.819579107604213
576,577,1,29.2,33.1,70.0,11.1,968,2019-07-31,,0,2019,verano,7,2,1,24.198868608451622
577,578,1,29.4,33.4,68.0,9.5,1074,2019-08-01,,0,2019,verano,8,3,1,25.102446665060327
578,579,1,30.8,35.4,66.0,8.7,983,2019-08-02,,0,2019,verano,8,4,1,24.330738756661983
579,580,2,31.4,36.1,64.0,14.5,1328,2019-08-03,,0,2019,verano,8,5,0,27.042036215941554
580,581,1,32.5,37.6,61.0,17.2,2345,2019-08-04,,0,2019,verano,8,6,0,32.91747761658201
581,582,1,31.5,36.6,65.0,19.5,1707,2019-08-05,,0,2019,verano,8,0,1,29.50819368277907
582,583,2,30.8,35.5,65.0,8.7,1233,2019-08-06,,0,2019,verano,8,1,1,26.349207290733414
583,584,2,30.2,34.9,70.0,7.8,1278,2019-08-07,,0,2019,verano,8,2,1,26.681802238340037
584,585,2,30.8,35.4,67.0,7.4,1263,2019-08-08,,0,2019,verano,8,3,1,26.571845268677766
585,586,1,31.0,35.0,62.0,10.5,1196,2019-08-09,,0,2019,verano,8,4,1,26.069428560801942
586,587,2,29.4,33.4,72.0,16.0,1065,2019-08-10,,0,2019,verano,8,5,0,25.028176432676553
587,588,2,28.4,31.9,73.0,13.8,2247,2019-08-11,,0,2019,verano,8,6,0,32.43925099318194
588,589,1,28.7,32.2,53.0,8.2,2182,2019-08-12,,0,2019,verano,8,0,1,32.1140914645616
589,590,1,29.6,33.1,55.0,9.1,1207,2019-08-13,,0,2019,verano,8,1,1,26.153220541278685
590,591,1,29.8,33.8,69.0,11.3,1128,2019-08-14,,0,2019,verano,8,2,1,25.53930888594314
591,592,1,29.0,32.7,62.0,11.4,1198,2019-08-15,,0,2019,verano,8,3,1,26.08470277573263
592,593,1,29.5,32.7,52.0,9.5,1338,2019-08-16,,0,2019,verano,8,4,1,27.112958978368034
593,594,1,29.7,12.1,57.0,15.5,1483,2019-08-17,,0,2019,verano,8,5,0,28.1026380523727
594,595,1,27.8,30.9,60.0,11.9,2827,2019-08-18,,0,2019,verano,8,6,0,35.088278596241295
595,596,2,26.1,30.2,71.0,5.8,1208,2019-08-19,,0,2019,verano,8,0,1,26.160811910093877
596,597,2,26.1,29.8,73.0,8.7,1026,2019-08-20,,0,2019,verano,8,1,1,24.70125456902106
597,598,1,26.6,30.1,67.0,4.9,1081,2019-08-21,,0,2019,verano,8,2,1,25.159916996099998
598,599,1,27.4,31.1,68.0,4.7,1094,2019-08-22,,0,2019,verano,8,3,1,25.265972139737382
599,600,1,28.5,31.9,64.0,5.7,1363,2019-08-23,,0,2019,verano,8,4,1,27.288684865354206
600,601,2,28.8,32.4,62.0,4.8,1325,2019-08-24,,0,2019,verano,8,5,0,27.020687786953566
601,602,2,27.1,30.9,71.0,16.4,1829,2019-08-25,,0,2019,verano,8,6,0,30.22085947493377
602,603,2,26.8,29.8,85.0,15.3,1483,2019-08-26,,0,2019,verano,8,0,1,28.1026380523727
603,604,1,28.8,32.7,73.0,8.6,989,2019-08-27,,0,2019,verano,8,1,1,24.383099323185924
604,605,1,29.9,33.3,62.0,12.8,935,2019-08-28,,0,2019,verano,8,2,1,23.903727107194022
605,606,1,28.1,31.8,55.0,7.5,1177,2019-08-29,,0,2019,verano,8,3,1,25.923439746275267
606,607,1,29.0,32.6,59.0,5.2,1172,2019-08-30,,0,2019,verano,8,4,1,25.884752540410414
607,608,1,31.3,34.5,59.0,11.3,1433,2019-08-31,,0,2019,verano,8,5,0,27.76920745153941
608,609,2,30.9,35.1,64.0,7.6,2352,2019-09-01,,0,2019,verano,9,6,0,32.95110665659351
609,610,2,28.6,32.4,82.0,4.3,2613,2019-09-02,Labor Day,1,2019,verano,9,0,0,34.15868258320773
610,611,1,29.0,33.1,79.0,10.1,1965,2019-09-03,,0,2019,verano,9,1,1,30.977756760975808
611,612,1,29.8,34.3,76.0,15.8,867,2019-09-04,,0,2019,verano,9,2,1,23.272174931155483
612,613,1,30.2,35.4,74.0,12.6,832,2019-09-05,,0,2019,verano,9,3,1,22.933747855818122
613,614,2,28.6,32.8,81.0,9.5,611,2019-09-06,,0,2019,verano,9,4,1,20.532008489728483
614,615,1,28.8,32.9,74.0,11.5,1045,2019-09-07,,0,2019,verano,9,5,0,24.8615723058144
615,616,2,27.0,30.6,80.0,18.8,1557,2019-09-08,,0,2019,verano,9,6,0,28.582209054077072
616,617,1,25.0,28.9,55.0,15.0,2570,2019-09-09,,0,2019,verano,9,0,1,33.965627922094676
617,618,1,23.9,28.3,50.0,17.3,1118,2019-09-10,,0,2019,verano,9,1,1,25.459510870448643
618,619,1,23.7,27.7,52.0,6.2,1070,2019-09-11,,0,2019,verano,9,2,1,25.069490728614646
619,620,1,24.6,28.5,58.0,8.8,1050,2019-09-12,,0,2019,verano,9,3,1,24.903427537398773
620,621,1,25.1,29.0,64.0,5.5,1054,2019-09-13,,0,2019,verano,9,4,1,24.93681313110365
621,622,1,26.0,29.7,67.0,7.0,1379,2019-09-14,,0,2019,verano,9,5,0,27.399988997135072
622,623,1,24.9,29.3,50.0,16.6,3160,2019-09-15,,0,2019,verano,9,6,0,36.44295582368335
623,624,1,23.8,28.2,57.0,6.0,2166,2019-09-16,,0,2019,verano,9,0,1,32.03303278122349
624,625,2,23.8,27.7,73.0,10.2,1022,2019-09-17,,0,2019,verano,9,1,1,24.667243751090826
625,626,2,25.6,28.3,87.0,24.0,371,2019-09-18,,0,2019,verano,9,2,1,17.108551782074017
626,627,1,22.6,27.0,54.0,14.4,788,2019-09-19,,0,2019,verano,9,3,1,22.494106672360417
627,628,1,22.4,26.6,62.0,7.9,939,2019-09-20,,0,2019,verano,9,4,1,23.939879615299713
628,629,1,24.6,28.6,67.0,10.3,1250,2019-09-21,,0,2019,verano,9,5,0,26.475820354972843
629,630,1,26.6,30.5,65.0,19.0,2512,2019-09-22,,0,2019,verano,9,6,0,33.70167699587485
630,631,1,21.7,25.9,47.0,15.0,2454,2019-09-23,,0,2019,otoño,9,0,1,33.433500450638896
631,632,1,21.1,25.1,49.0,9.5,1001,2019-09-24,,0,2019,otoño,9,1,1,24.48716858907611
632,633,1,22.6,27.2,57.0,15.8,845,2019-09-25,,0,2019,otoño,9,2,1,23.060572275179137
633,634,1,26.0,29.8,63.0,16.4,787,2019-09-26,,0,2019,otoño,9,3,1,22.483920795639833
634,635,2,26.6,30.4,69.0,9.0,751,2019-09-27,,0,2019,otoño,9,4,1,22.111144929528436
635,636,2,25.4,29.3,69.0,11.0,1045,2019-09-28,,0,2019,otoño,9,5,0,24.8615723058144
636,637,1,22.2,26.5,54.0,15.2,2589,2019-09-29,,0,2019,otoño,9,6,0,34.05120297003666
637,638,1,21.6,25.9,58.0,9.0,2015,2019-09-30,,0,2019,otoño,9,0,1,31.246958048252107
638,639,2,21.4,25.6,65.0,6.1,763,2019-10-01,,0,2019,otoño,10,1,1,22.23674320123708
639,640,3,24.2,27.1,87.0,7.0,315,2019-10-02,,0,2019,otoño,10,2,1,16.09695195511669
640,641,2,27.0,30.0,79.0,4.5,728,2019-10-03,,0,2019,otoño,10,3,1,21.866502587988613
641,642,2,27.0,30.4,72.0,7.9,891,2019-10-04,,0,2019,otoño,10,4,1,23.498843615826907
642,643,1,25.2,29.0,63.0,7.1,1516,2019-10-05,,0,2019,otoño,10,5,0,28.318487761089763
643,644,1,22.7,26.9,66.0,18.0,3031,2019-10-06,,0,2019,otoño,10,6,0,35.93039055237249
644,645,2,17.0,21.0,71.0,9.5,781,2019-10-07,,0,2019,otoño,10,0,1,22.422617844087025
645,646,2,15.7,19.4,71.0,12.7,874,2019-10-08,,0,2019,otoño,10,1,1,23.338727764136053
646,647,2,18.3,21.9,76.0,12.8,601,2019-10-09,,0,2019,otoño,10,2,1,20.410036806996043
647,648,1,21.1,25.2,63.0,12.6,780,2019-10-10,,0,2019,otoño,10,3,1,22.412369223523484
648,649,1,17.8,21.6,46.0,12.2,834,2019-10-11,,0,2019,otoño,10,4,1,22.953347596990593
649,650,1,17.9,21.7,54.0,15.8,1060,2019-10-12,,0,2019,otoño,10,5,0,24.986728514783138
650,651,1,16.1,19.6,49.0,9.8,2252,2019-10-13,,0,2019,otoño,10,6,0,32.46399392152524
651,652,1,21.4,25.4,64.0,18.7,2080,2019-10-14,Columbus Day,1,2019,otoño,10,0,0,31.590136415848388
652,653,2,23.0,27.0,71.0,19.8,760,2019-10-15,,0,2019,otoño,10,1,1,22.20547172828547
653,654,1,19.2,23.0,56.0,12.2,922,2019-10-16,,0,2019,otoño,10,2,1,23.78549169535159
654,655,1,18.7,22.5,69.0,6.8,979,2019-10-17,,0,2019,otoño,10,3,1,24.295709476094107
655,656,2,21.4,25.6,73.0,15.9,1008,2019-10-18,,0,2019,otoño,10,4,1,24.547479911540727
656,657,2,23.1,26.9,82.0,9.0,753,2019-10-19,,0,2019,otoño,10,5,0,22.13217335515326
657,658,1,19.8,23.6,57.0,7.9,2806,2019-10-20,,0,2019,otoño,10,6,0,34.99924433427182
658,659,1,19.0,22.8,51.0,11.1,2132,2019-10-21,,0,2019,otoño,10,0,1,31.859405711326442
659,660,1,20.0,24.1,57.0,5.5,830,2019-10-22,,0,2019,otoño,10,1,1,22.914115682910097
660,661,1,22.3,26.5,64.0,6.3,841,2019-10-23,,0,2019,otoño,10,2,1,23.021693177184783
661,662,1,24.1,27.9,64.0,4.9,795,2019-10-24,,0,2019,otoño,10,3,1,22.565160043746044
662,663,2,22.6,26.5,80.0,8.3,875,2019-10-25,,0,2019,otoño,10,4,1,23.34820535085994
663,664,2,22.4,26.1,81.0,8.9,1182,2019-10-26,,0,2019,otoño,10,5,0,25.962014081259547
664,665,2,21.7,25.8,72.0,15.8,2643,2019-10-27,,0,2019,otoño,10,6,0,34.29208150790856
665,666,2,19.6,23.4,69.0,12.76479452054794,998,2019-10-28,,0,2019,otoño,10,0,1,24.461232065389975
666,667,3,18.0,22.0,88.0,24.0,2,2019-10-29,,0,2019,otoño,10,1,1,0.77386542450115
667,668,2,13.0,15.5,83.0,14.3,87,2019-10-30,,0,2019,otoño,10,2,1,9.712008090554807
668,669,2,14.7,18.1,67.0,11.2,419,2019-10-31,,0,2019,otoño,10,3,1,17.894959624667663
669,670,2,15.0,18.5,58.0,10.5,466,2019-11-01,,0,2019,otoño,11,4,1,18.607012194336203
670,671,1,14.6,17.8,52.0,17.8,618,2019-11-02,,0,2019,otoño,11,5,0,20.616574036363005
671,672,2,14.1,16.2,49.0,18.1,1029,2019-11-03,,0,2019,otoño,11,6,0,24.72670288131952
672,673,1,13.4,16.5,53.0,12.0,1201,2019-11-04,,0,2019,otoño,11,0,1,26.107581248216785
673,674,1,13.1,15.4,49.0,15.8,378,2019-11-05,,0,2019,otoño,11,1,1,17.227434939264338
674,675,1,11.5,14.1,57.0,11.6,466,2019-11-06,,0,2019,otoño,11,2,1,18.607012194336203
675,676,2,12.1,13.7,55.0,20.4,326,2019-11-07,,0,2019,otoño,11,3,1,16.304894378972723
676,677,1,14.4,17.1,33.0,23.3,340,2019-11-08,,0,2019,otoño,11,4,1,16.562682229548383
677,678,1,14.8,17.8,54.0,14.4,709,2019-11-09,,0,2019,otoño,11,5,0,21.660365122360346
678,679,1,16.0,19.7,65.0,3.9,2090,2019-11-10,,0,2019,otoño,11,6,0,31.64227564714752
679,680,1,17.2,21.1,66.0,8.5,2290,2019-11-11,Veterans Day,1,2019,otoño,11,0,0,32.65081639940226
680,681,1,19.9,23.8,74.0,11.6,1097,2019-11-12,,0,2019,otoño,11,1,1,25.290323178427812
681,682,2,14.1,16.2,66.0,22.9,327,2019-11-13,,0,2019,otoño,11,2,1,16.32355755891178
682,683,1,11.9,14.1,55.0,13.4,373,2019-11-14,,0,2019,otoño,11,3,1,17.142674706414564
683,684,2,13.2,16.2,62.0,10.3,320,2019-11-15,,0,2019,otoño,11,4,1,16.192080315721185
684,685,1,14.1,17.4,52.0,11.5,484,2019-11-16,,0,2019,otoño,11,5,0,18.866614970487117
685,686,1,13.3,16.3,55.0,12.0,1313,2019-11-17,,0,2019,otoño,11,6,0,26.934960083565056
686,687,1,14.0,16.9,69.0,15.3,922,2019-11-18,,0,2019,otoño,11,0,1,23.78549169535159
687,688,2,15.6,18.8,62.0,15.7,449,2019-11-19,,0,2019,otoño,11,1,1,18.355419959790797
688,689,2,15.3,19.0,68.0,5.5,534,2019-11-20,,0,2019,otoño,11,2,1,19.55452135311981
689,690,1,14.5,18.2,61.0,6.9,615,2019-11-21,,0,2019,otoño,11,3,1,20.58041275201532
690,691,1,13.9,17.5,58.0,3.5,955,2019-11-22,,0,2019,otoño,11,4,1,24.083439491491674
691,692,1,15.1,18.9,57.0,9.9,1603,2019-11-23,,0,2019,otoño,11,5,0,28.8724662121849
692,693,1,11.4,12.4,40.0,25.3,532,2019-11-24,,0,2019,otoño,11,6,0,19.527875813336856
693,694,1,10.1,12.9,47.0,10.1,309,2019-11-25,,0,2019,otoño,11,0,1,15.981416967663872
694,695,1,12.8,17.0,54.0,3.1,337,2019-11-26,,0,2019,otoño,11,1,1,16.508065339839053
695,696,2,12.0,14.1,79.0,15.9,123,2019-11-27,,0,2019,otoño,11,2,1,11.18654214701248
696,697,1,12.2,14.5,51.0,14.1,198,2019-11-28,Thanksgiving,1,2019,otoño,11,3,0,13.492522771895828
697,698,1,11.5,14.9,56.0,7.7,243,2019-11-29,,0,2019,otoño,11,4,1,14.594890779071381
698,699,1,12.2,16.2,65.0,3.9,362,2019-11-30,,0,2019,otoño,11,5,0,16.953413106041463
699,700,2,12.2,15.8,81.0,4.0,951,2019-12-01,,0,2019,otoño,12,6,0,24.04770555071455
700,701,2,14.2,18.0,82.0,8.3,892,2019-12-02,,0,2019,otoño,12,0,1,23.508196527161665
701,702,1,18.6,22.8,77.0,5.5,555,2019-12-03,,0,2019,otoño,12,1,1,19.83024151966261
702,703,1,19.5,23.5,73.0,11.7,551,2019-12-04,,0,2019,otoño,12,2,1,19.778283550377676
703,704,1,18.0,21.4,48.0,21.7,331,2019-12-05,,0,2019,otoño,12,3,1,16.39782015107092
704,705,1,10.5,12.9,51.0,11.7,340,2019-12-06,,0,2019,otoño,12,4,1,16.562682229548383
705,706,2,13.2,16.1,76.0,8.8,349,2019-12-07,,0,2019,otoño,12,5,0,16.724569505994513
706,707,2,15.6,19.5,91.0,6.8,1153,2019-12-08,,0,2019,otoño,12,6,0,25.73669730813477
707,708,2,15.8,19.5,91.0,10.6,441,2019-12-09,,0,2019,otoño,12,0,1,18.234752298151058
708,709,2,17.9,21.8,92.0,12.8,329,2019-12-10,,0,2019,otoño,12,1,1,16.360766479833238
709,710,2,14.5,16.9,60.0,19.8,282,2019-12-11,,0,2019,otoño,12,2,1,15.441504255893323
710,711,2,12.2,14.9,54.0,10.9,310,2019-12-12,,0,2019,otoño,12,3,1,16.00077930607412
711,712,1,12.1,14.7,49.0,11.7,425,2019-12-13,,0,2019,otoño,12,4,1,17.988824134122748
712,713,1,11.6,14.7,64.0,8.8,429,2019-12-14,,0,2019,otoño,12,5,0,18.050895232968436
713,714,1,13.3,16.9,65.0,7.1,767,2019-12-15,,0,2019,otoño,12,6,0,22.27830722432233
714,715,2,14.9,18.5,84.0,6.7,538,2019-12-16,,0,2019,otoño,12,0,1,19.60760721314577
715,716,2,16.1,20.1,91.0,6.6,212,2019-12-17,,0,2019,otoño,12,1,1,13.852465404533469
716,717,1,16.8,20.5,67.0,14.8,433,2019-12-18,,0,2019,otoño,12,2,1,18.11256954035676
717,718,1,13.6,17.1,63.0,12.3,333,2019-12-19,,0,2019,otoño,12,3,1,16.434720152611323
718,719,2,13.5,16.8,67.0,8.9,314,2019-12-20,,0,2019,otoño,12,4,1,16.077801865580316
719,720,2,13.4,15.1,56.0,25.1,221,2019-12-21,,0,2019,invierno,12,5,0,14.075300062683299
720,721,1,10.9,11.8,44.0,12.76479452054794,205,2019-12-22,,0,2019,invierno,12,6,0,13.674607891314325
721,722,1,10.1,13.0,52.0,8.9,408,2019-12-23,,0,2019,invierno,12,0,1,17.720445174069173
722,723,2,9.5,12.9,79.0,5.2,174,2019-12-24,,0,2019,invierno,12,1,1,12.832404849813082
723,724,2,11.9,14.7,73.0,11.3,440,2019-12-25,Christmas Day,1,2019,invierno,12,2,0,18.21956326306046
724,725,3,10.0,11.0,82.0,21.2,9,2019-12-26,,0,2019,invierno,12,3,1,3.157336502299259
725,726,2,10.4,11.3,65.0,23.5,247,2019-12-27,,0,2019,invierno,12,4,1,14.685846444919225
726,727,2,10.4,12.8,59.0,10.4,644,2019-12-28,,0,2019,invierno,12,5,0,20.925025638650855
727,728,2,10.4,12.1,75.0,8.3,159,2019-12-29,,0,2019,invierno,12,6,0,12.387360302178706
728,729,1,10.5,11.6,48.0,23.5,364,2019-12-30,,0,2019,invierno,12,0,1,16.988115687785964
729,730,2,8.8,11.2,58.0,10.4,439,2019-12-31,,0,2019,invierno,12,1,1,18.204350466623477
