,registro,clima,temperatura,sens_termica,humedad,viento,ocasionales,fecha_nueva,festividad,festividad_1,mes_bueno,dia_semana_nuevo,no_laboral_nuevo,ocasionales_BOX,a√±o_map,estacion_map
0,1,2,-0.8289480364326732,-0.6786352886668973,1.2951307968222954,-0.3765454325302844,331,2018-01-01,New Year's Day,1,1,0,0,16.39782015107092,0,0
1,2,2,-0.7223121376537223,-0.7400342625566471,0.5074065450904565,0.8821096214008606,131,2018-01-02,,0,1,1,1,11.472436698466694,0,0
2,3,1,-1.6420467646221735,-1.7469774343485425,-1.354487140821163,0.8611320371686753,120,2018-01-03,,0,1,2,1,11.076034853721117,0,0
3,4,1,-1.6153877899274358,-1.611899691791093,-0.28031770664138256,-0.3765454325302844,108,2018-01-04,,0,1,3,1,10.613969754365211,0,0
4,5,1,-1.4687634291063782,-1.5013815387895435,-1.354487140821163,0.0010510836490592388,82,2018-01-05,,0,1,4,1,9.475537124796562,0,0
5,6,1,-1.588728815232698,-1.4768219492336438,-0.7815967759252801,-1.3624918914430144,88,2018-01-06,,0,1,5,0,9.758173437422366,0,0
6,7,2,-1.6287172772748046,-1.636459281346993,-0.9248193671492508,-0.2506799271371696,148,2018-01-07,,0,1,6,0,12.042276083494745,0,0
7,8,2,-1.8020006127905996,-1.9188945612398418,-0.6383741847013094,1.1338406321870893,68,2018-01-08,,0,1,0,1,8.755721974567901,0,0
8,9,1,-1.9486249736116572,-2.2013298411326905,-1.4260984364331484,2.4764060230469775,54,2018-01-09,,0,1,1,1,7.925269345882742,0,0
9,10,1,-1.881977536874813,-1.9925733299075414,-1.0680419583732215,0.5254906894537029,41,2018-01-10,,0,1,2,1,7.008370000202964,0,0
10,11,2,-1.7886711254432308,-1.7346976395705926,0.43579524947847104,-0.9009850383349282,43,2018-01-11,,0,1,3,1,7.161347981641865,0,0
11,12,1,-1.7620121507484932,-1.9311743560177916,-0.20870641102939722,1.6582802379917332,25,2018-01-12,,0,1,4,1,5.546984704734687,0,0
12,13,1,-1.8020006127905996,-1.9925733299075414,-1.139653253985207,1.6163250695273617,38,2018-01-13,,0,1,5,0,6.76896964165346,0,0
13,14,1,-1.8286595874853375,-1.7592572291264923,-0.6383741847013094,-0.8380522856383708,54,2018-01-14,,0,1,6,0,7.925269345882742,0,0
14,15,2,-1.4287749670642718,-1.390863385787994,-0.9248193671492508,-0.39752301676247004,222,2018-01-15,Martin Luther King Jr. Day,1,1,0,0,14.099671681576469,0,0
15,16,1,-1.4421044544116406,-1.4768219492336438,-1.0680419583732215,0.022028667881244912,251,2018-01-16,,0,1,1,1,14.775794586930813,0,0
16,17,2,-1.7486826634011243,-1.832935997794192,-0.6383741847013094,0.10593900480998798,117,2018-01-17,,0,1,2,1,10.963610724399118,0,0
17,18,2,-1.5220813784958538,-1.4891017440115937,1.6531872748822223,-0.5653436906199558,9,2018-01-18,,0,1,3,1,3.157336502299259,0,0
18,19,2,-1.1088672707274192,-1.0838685163392454,0.7938517275383978,0.3157148471318455,78,2018-01-19,,0,1,4,1,9.27911373862353,0,0
19,20,2,-1.2821506062432144,-1.3417442066761942,-0.6383741847013094,0.12691658904217365,83,2018-01-20,,0,1,5,0,9.523609126904327,0,0
20,21,1,-1.7353531760537553,-1.9434541507957415,-1.2112645495971923,2.350540517653863,75,2018-01-21,,0,1,6,0,9.127200042226876,0,0
21,22,1,-2.3884980560748295,-2.4223661471357896,-1.6409323232691044,-0.20872475867279824,93,2018-01-22,,0,1,0,1,9.983741675926243,0,0
22,23,1,-2.1752262585169277,-2.31184799413424,-1.354487140821163,0.8401544529364892,150,2018-01-23,,0,1,1,1,12.106300542521549,0,0
23,24,1,-2.1752262585169277,-2.189050046354741,-0.9964306627612363,-0.39752301676247004,86,2018-01-24,,0,1,2,1,9.665476322044512,0,0
24,25,2,-1.4820929164537473,-1.4768219492336438,-0.06548381980542649,-0.7960971171739993,186,2018-01-25,,0,1,3,1,13.169792352153566,0,0
25,26,3,-1.5220813784958538,-1.661018870902893,1.6531872748822223,1.511437148366433,34,2018-01-26,,0,1,4,1,6.428627270494731,0,0
26,27,1,-1.6420467646221735,-1.5627805126792933,0.43579524947847104,-1.0268505437280426,15,2018-01-27,,0,1,5,0,4.257082757297649,0,0
27,28,2,-1.6020583025800668,-1.5382209231233934,1.1519082055983247,-0.8800074541027421,38,2018-01-28,,0,1,6,0,6.76896964165346,0,0
28,29,1,-1.6287172772748046,-1.611899691791093,0.1493500670305296,-0.5863212748521419,123,2018-01-29,,0,1,0,1,11.18654214701248,0,0
29,30,1,-1.5220813784958538,-1.3785835910100441,0.6506291363144272,-1.5722677337648718,140,2018-01-30,,0,1,1,1,11.78005804240976,0,0
30,31,2,-1.7220236887063864,-1.7715370239044423,-0.20870641102939722,0.0010510836490592388,42,2018-01-31,,0,1,2,1,7.085485343182041,0,0
31,32,2,-1.6553762519695423,-1.4768219492336438,1.4383533880462662,-1.8659539130154725,47,2018-02-01,,0,2,3,1,7.453204291142461,0,0
32,33,2,-1.2821506062432144,-1.3540240014541443,1.0802969099863393,1.091885463722718,72,2018-02-02,,0,2,4,1,8.971047417268762,0,0
33,34,1,-1.6820352266642802,-1.820656203016242,-1.354487140821163,1.2806837218123903,61,2018-02-03,,0,2,5,0,8.356921871079736,0,0
34,35,2,-1.5487403531905914,-1.5136613335674935,-0.28031770664138256,-0.817074701406185,88,2018-02-04,,0,2,6,0,9.758173437422366,0,0
35,36,2,-1.4287749670642718,-1.415422975343894,2.15446634416612,-0.35556784829809834,100,2018-02-05,,0,2,0,1,10.285930098515184,0,0
36,37,1,-1.148855732769526,-1.1207079006730953,-0.4235402978653533,-0.6282764433165132,354,2018-02-06,,0,2,1,1,16.813269083628796,0,0
37,38,1,-1.2288326568537389,-1.0470291320053957,0.7938517275383978,-1.991819418408587,120,2018-02-07,,0,2,2,1,11.076034853721117,0,0
38,39,1,-1.508751891148485,-1.6978582552367427,-0.6383741847013094,2.4764060230469775,64,2018-02-08,,0,2,3,1,8.531499219198887,0,0
39,40,2,-1.9752839483063949,-2.029412714241391,-0.9964306627612363,0.043006252113430586,53,2018-02-09,,0,2,4,1,7.860514959708835,0,0
40,41,1,-1.9219659989169193,-1.9925733299075414,-1.354487140821163,0.5045131052215173,47,2018-02-10,,0,2,5,0,7.453204291142461,0,0
41,42,1,-1.6687057393169111,-1.5996198970131432,-0.8532080715372655,-1.0897832964245997,149,2018-02-11,,0,2,6,0,12.074362198101104,0,0
42,43,1,-1.4954224038011161,-1.4891017440115937,-0.6383741847013094,0.23180451020310242,288,2018-02-12,,0,2,0,1,15.56446083223579,0,0
43,44,1,-0.9755723972537306,-0.9242311842258962,-1.2112645495971923,1.0499302952583467,397,2018-02-13,,0,2,1,1,17.542663929866496,0,0
44,45,1,-0.44239290335897635,-0.4698787774417483,-1.7841549144930753,0.05659857723921558,208,2018-02-14,,0,2,2,1,13.75133613553182,0,0
45,46,1,-1.2554916315484765,-1.3540240014541443,-2.2854339837769726,1.4694819799020618,140,2018-02-15,,0,2,3,1,11.78005804240976,0,0
46,47,1,-0.9755723972537306,-0.9733503633376958,-1.4977097320451338,0.9240647898652319,218,2018-02-16,,0,2,4,1,14.001727063387264,0,0
47,48,1,-0.32242751723265684,-0.2856818557724991,-0.9248193671492508,0.609401026382446,259,2018-02-17,,0,2,5,0,14.952774983724147,0,0
48,49,1,0.14410453992525318,0.23006952490139898,-0.7815967759252801,1.091885463722718,579,2018-02-18,,0,2,6,0,20.136700271347188,0,0
49,50,1,-0.5223698274431897,-0.5067181617755978,-0.010451029615941779,0.05659857723921558,532,2018-02-19,Washington's Birthday,1,2,0,0,19.527875813336856,0,0
50,51,1,-1.148855732769526,-1.2066664641187448,-1.5693210276571192,0.5254906894537029,639,2018-02-20,,0,2,1,1,20.86638216046444,0,0
51,52,2,-1.0555493213379437,-1.169827079784895,-0.20870641102939722,1.7002354064561052,195,2018-02-21,,0,2,2,1,13.413129686804044,0,0
52,53,1,-1.7086942013590178,-1.7715370239044423,-0.35192900225336793,0.12691658904217365,74,2018-02-22,,0,2,3,1,9.075634422036051,0,0
53,54,1,-1.4954224038011161,-1.403143180565944,-1.4977097320451338,-1.2995591387464571,139,2018-02-23,,0,2,4,1,11.746562099967337,0,0
54,55,2,-1.0955377833800504,-1.1329876954510452,0.5074065450904565,0.9030872056330466,100,2018-02-24,,0,2,5,0,10.285930098515184,0,0
55,56,2,-0.7223121376537223,-0.7645938521125468,0.5790178407024418,2.2456525964929344,120,2018-02-25,,0,2,6,0,11.076034853721117,0,0
56,57,1,-1.1621852201168947,-1.182106874562845,-0.6383741847013094,0.0010510836490592388,424,2018-02-26,,0,2,0,1,17.973243623206308,0,0
57,58,1,-0.8289480364326732,-0.7523140573345967,0.3641839538664857,-0.8590298698705564,694,2018-02-27,,0,2,1,1,21.494924611628708,0,0
58,59,2,-0.482381365401083,-0.45759898266379817,1.796409866106193,1.4485043956698755,81,2018-02-28,,0,2,2,1,9.427060202838744,0,0
59,60,1,-1.2554916315484765,-1.2926250275643947,-0.6383741847013094,0.4206027682927742,137,2018-03-01,,0,3,3,1,11.679069715724536,0,0
60,61,1,-0.8822659858221487,-0.948790773781796,-1.2828758452091777,1.7002354064561052,231,2018-03-02,,0,3,4,1,14.315690657359912,0,0
61,62,1,-1.6287172772748046,-1.6855784604587927,-2.2138226881649876,0.5464682736858887,123,2018-03-03,,0,3,5,0,11.18654214701248,0,0
62,63,2,-1.2821506062432144,-1.3417442066761942,-0.13709511541741184,0.23180451020310242,214,2018-03-04,,0,3,6,0,13.902538463881976,0,0
63,64,2,-0.6023467515274025,-0.5926767252212477,1.1519082055983247,0.9240647898652319,640,2018-03-05,,0,3,0,1,20.878136039229112,0,0
64,65,2,-0.655664700916878,-0.6663554938889472,2.2976889353900907,2.203697428028563,114,2018-03-06,,0,3,1,1,10.849186050854565,0,0
65,66,1,-1.2821506062432144,-1.4522623596777438,-0.566762889089324,2.182719843796377,244,2018-03-07,,0,3,2,1,14.617725669338434,0,0
66,67,1,-1.1088672707274192,-1.0593089267833455,-1.4977097320451338,-0.9219626225671138,316,2018-03-08,,0,3,3,1,16.11606027693521,0,0
67,68,2,-1.0955377833800504,-1.157547285006945,1.0802969099863393,0.4835355209893316,191,2018-03-09,,0,3,4,1,13.305954590260024,0,0
68,69,3,-0.5756877768326649,-0.5435575461094477,-0.010451029615941779,1.0499302952583467,46,2018-03-10,,0,3,5,0,7.381892995634633,0,0
69,70,2,-0.9755723972537306,-1.0470291320053957,0.1493500670305296,0.6513561948468174,247,2018-03-11,,0,3,6,0,14.685846444919225,0,0
70,71,1,-0.9089249605168863,-0.9119513894479461,-0.28031770664138256,0.4835355209893316,724,2018-03-12,,0,3,0,1,21.823415468803315,0,0
71,72,1,-0.6023467515274025,-0.5803969304432977,-0.7099854803132948,1.1757958006514615,982,2018-03-13,,0,3,1,1,24.321990640981856,0,0
72,73,1,-0.935583935211624,-0.8751120051140961,-0.9248193671492508,-0.6912091960130706,359,2018-03-14,,0,3,2,1,16.9011111232223,0,0
73,74,2,-0.9755723972537306,-0.9610705685597459,0.22096136264251498,-0.04090408481531211,289,2018-03-15,,0,3,3,1,15.58478185335383,0,0
74,75,2,-0.7089826503063534,-0.6663554938889472,1.0802969099863393,0.23180451020310242,321,2018-03-16,,0,3,4,1,16.210983104181313,0,0
75,76,1,-0.44239290335897635,-0.39620000877404843,-0.20870641102939722,0.3157148471318455,424,2018-03-17,,0,3,5,0,17.973243623206308,0,0
76,77,1,0.23741095135683557,0.3283078831249982,-0.7099854803132948,0.6303786106146317,884,2018-03-18,,0,3,6,0,23.433170234919448,0,0
77,78,1,-0.12248520702212395,-0.052365754991449874,-1.7841549144930753,2.5603163599757206,1424,2018-03-19,,0,3,0,1,27.708343554187053,0,0
78,79,1,-0.8955954731695175,-0.9119513894479461,-1.139653253985207,0.2947372628996598,1047,2018-03-20,,0,3,1,1,24.87833089213057,0,0
79,80,2,-0.362415979274763,-0.39620000877404843,0.7938517275383978,1.4275268114376902,401,2018-03-21,,0,3,2,1,17.607699123024148,0,1
80,81,1,-0.29576854253791873,-0.21200308710479926,-0.06548381980542649,0.5464682736858887,460,2018-03-22,,0,3,3,1,18.51894695015016,0,1
81,82,2,-0.8156185490853044,-0.8382726207802467,1.5099646836582514,0.672333779079003,203,2018-03-23,,0,3,4,1,13.62302568669851,0,1
82,83,2,-1.148855732769526,-1.2557856432305448,1.2951307968222954,0.7981992844721179,166,2018-03-24,,0,3,5,0,12.598486559209864,0,1
83,84,1,-1.2688211188958454,-1.3417442066761942,-0.9248193671492508,0.6303786106146317,300,2018-03-25,,0,3,6,0,15.805185520768887,0,1
84,85,1,-1.2554916315484765,-1.3294644118982444,-1.7125436188810899,0.3157148471318455,981,2018-03-26,,0,3,0,1,24.31323639603132,0,1
85,86,2,-1.322139068285321,-1.3785835910100441,-0.9964306627612363,-0.04090408481531211,472,2018-03-27,,0,3,1,1,18.69430098058313,0,1
86,87,1,-1.2688211188958454,-1.3294644118982444,-2.357045279388958,0.3576700155962168,222,2018-03-28,,0,3,2,1,14.099671681576469,0,1
87,88,1,-1.0555493213379437,-1.1207079006730953,-2.2854339837769726,0.5674458579180743,317,2018-03-29,,0,3,3,1,16.13512705387941,0,1
88,89,2,-1.0688788086853125,-1.0838685163392454,0.1493500670305296,-0.18774717444061256,168,2018-03-30,,0,3,4,1,12.657680730933636,0,1
89,90,3,-1.2421621442011077,-1.3294644118982444,2.0828550485541344,0.4415803525249599,179,2018-03-31,,0,3,5,0,12.974869300592166,0,1
90,91,2,-1.0688788086853125,-1.169827079784895,0.43579524947847104,1.0079751267939754,307,2018-04-01,,0,4,6,0,15.94256261710444,0,1
91,92,2,-0.9889018846010994,-0.9733503633376958,0.1493500670305296,0.14789417327435933,898,2018-04-02,,0,4,0,1,23.56416308380332,0,1
92,93,1,-0.6423352135695092,-0.5926767252212477,-1.0680419583732215,-0.06188166904749816,1651,2018-04-03,,0,4,1,1,29.16929839228544,0,1
93,94,1,0.42402377421999937,0.41426644657064815,-1.4260984364331484,0.05659857723921558,734,2018-04-04,,0,4,2,1,21.93082900637837,0,1
94,95,2,-0.44239290335897635,-0.4698787774417483,0.07773877141854424,0.05659857723921558,167,2018-04-05,,0,4,3,1,12.62814459299548,0,1
95,96,1,-0.5756877768326649,-0.531277751331498,-1.139653253985207,1.0709078794905327,413,2018-04-06,,0,4,4,1,17.80016603614257,0,1
96,97,1,-0.32242751723265684,-0.24884247143864918,-0.20870641102939722,-0.3345902640659127,571,2018-04-07,,0,4,5,0,20.03553483369797,0,1
97,98,2,-0.8689364984747796,-0.9242311842258962,1.5099646836582514,0.5674458579180743,172,2018-04-08,,0,4,6,0,12.774630478140502,0,1
98,99,2,-0.8422775237800421,-0.8137130312243465,1.796409866106193,-0.7541419487096277,879,2018-04-09,,0,4,0,1,23.386041372438253,0,1
99,100,2,-0.37574546662213204,-0.29796165055044876,1.6531872748822223,-0.5653436906199558,1188,2018-04-10,,0,4,1,1,26.00815542602489,0,1
100,101,2,0.5439891603463188,0.5616239839060474,0.6506291363144272,1.930988833010148,855,2018-04-11,,0,4,2,1,23.15721931162997,0,1
101,102,2,0.0374686411463027,0.1195513718998492,0.7938517275383978,1.2387285533480181,257,2018-04-12,,0,4,3,1,14.908886343035926,0,1
102,103,2,-0.4557223907063454,-0.34708082966224885,1.3667420924342808,0.9030872056330466,209,2018-04-13,,0,4,4,1,13.776742994638964,0,1
103,104,1,-0.14914418171686158,-0.07692534454734967,-0.6383741847013094,-1.068805712192414,529,2018-04-14,,0,4,5,0,19.4877780180678,0,1
104,105,1,-0.2691095678431811,-0.19972329232684913,0.29257265825450035,0.5674458579180743,642,2018-04-15,,0,4,6,0,20.901605955828177,0,1
105,106,3,-0.34908649192739444,-0.29796165055044876,1.8680211617181783,2.1617422595641913,121,2018-04-16,,0,4,0,1,11.113079627784426,0,1
106,107,1,-0.21579161845370587,-0.17516370277094934,-1.0680419583732215,1.6373026537595479,1558,2018-04-17,,0,4,1,1,28.58858128567913,0,1
107,108,1,0.09078659053577794,0.18095034578959893,-0.6383741847013094,-0.313612679833727,669,2018-04-18,,0,4,2,1,21.21363795984089,0,1
108,109,2,0.050798128493671275,0.0949917823439494,0.29257265825450035,-0.39752301676247004,409,2018-04-19,,0,4,3,1,17.736442885382758,0,1
109,110,1,0.5439891603463188,0.5493441891280973,-0.13709511541741184,0.7772217002399318,613,2018-04-20,,0,4,4,1,20.556237775730427,0,1
110,111,1,-0.20246213110633682,-0.12604452365914973,-1.5693210276571192,1.951966417242334,745,2018-04-21,,0,4,5,0,22.04782764273909,0,1
111,112,2,-0.8689364984747796,-0.9365109790038458,0.7222404319264125,0.46255793675714557,177,2018-04-22,,0,4,6,0,12.918216096564484,0,1
112,113,2,-0.18913264375896824,-0.15060411321504952,1.8680211617181783,0.6303786106146317,1462,2018-04-23,,0,4,0,1,27.963553673036312,0,1
113,114,2,0.464012236262106,0.4756654204603979,1.2951307968222954,0.08496142057780232,1710,2018-04-24,,0,4,1,1,29.52613163414892,0,1
114,115,1,0.6106365970831632,0.610743163017847,1.0802969099863393,-0.019926500583126436,773,2018-04-25,,0,4,2,1,22.340374629654924,0,1
115,116,1,0.7439314705568517,0.7335411107973465,0.7222404319264125,1.9729440014745194,678,2018-04-26,,0,4,3,1,21.31572115414873,0,1
116,117,2,0.6772840338200075,0.6230229577957972,1.5099646836582514,1.7631681591526618,547,2018-04-27,,0,4,4,1,19.72606550290835,0,1
117,118,2,0.6639545464726389,0.6353027525737468,0.5074065450904565,1.8890336645457766,569,2018-04-28,,0,4,5,0,20.010091317337185,0,1
118,119,1,0.0774571031884089,0.144110961455749,-1.2112645495971923,0.7562441160077465,878,2018-04-29,,0,4,6,0,23.37659348724463,0,1
119,120,1,-0.12248520702212395,-0.0646455497694,-0.9248193671492508,0.6933113633111891,1965,2018-04-30,,0,4,0,1,30.977756760975808,0,1
120,121,2,-0.24245059314844347,-0.16288390799299965,0.9370743187623686,-1.1317384648889712,1138,2018-05-01,,0,5,1,1,25.618621813127508,0,1
121,122,2,0.2907289007463108,0.3528674726808984,0.7222404319264125,-0.04090408481531211,847,2018-05-02,,0,5,2,1,23.07996436975643,0,1
122,123,2,0.6639545464726389,0.6598623421296471,0.5074065450904565,2.203697428028563,603,2018-05-03,,0,5,3,1,20.43454220089376,0,1
123,124,2,-0.44239290335897635,-0.43303939310789835,0.7938517275383978,1.9939215857067054,255,2018-05-04,,0,5,4,1,14.86476215878075,0,1
124,125,1,-0.20246213110633682,-0.19972329232684913,-1.354487140821163,1.532414732598619,614,2018-05-05,,0,5,5,0,20.568332033916427,0,1
125,126,1,-0.09582623232738587,-0.003246575879650264,-0.28031770664138256,0.5884234421502603,894,2018-05-06,,0,5,6,0,23.526880736789884,0,1
126,127,1,0.1307750525778846,0.23006952490139898,-0.6383741847013094,-0.35556784829809834,1612,2018-05-07,,0,5,0,1,28.928583447893377,0,1
127,128,1,0.18409300196735984,0.26690890923524846,0.006127475806558878,-1.5722677337648718,1401,2018-05-08,,0,5,1,1,27.5515911082642,0,1
128,129,1,0.1974224893147289,0.3160280883470485,-0.28031770664138256,-0.14579200597624087,664,2018-05-09,,0,5,2,1,21.156516411517668,0,1
129,130,1,0.1974224893147289,0.2914684987911487,-0.9964306627612363,-1.0058729594958566,694,2018-05-10,,0,5,3,1,21.494924611628708,0,1
130,131,1,0.25074043870420415,0.3283078831249982,0.006127475806558878,-0.9219626225671138,550,2018-05-11,,0,5,4,1,19.76525354547011,0,1
131,132,1,0.21075197666209747,0.3037482935690984,0.8654630231503833,0.043006252113430586,695,2018-05-12,,0,5,5,0,21.50603007397233,0,1
132,133,2,0.09078659053577794,0.1195513718998492,1.6531872748822223,-0.1038368375118695,692,2018-05-13,,0,5,6,0,21.47268062563507,0,1
133,134,2,0.14410453992525318,0.1563907562336991,2.0828550485541344,-0.7331643644774419,902,2018-05-14,,0,5,0,1,23.60133138554311,0,1
134,135,2,0.3707058248305241,0.3774270622367982,1.7247985704942077,-0.48143335369121315,1582,2018-05-15,,0,5,1,1,28.74067805063033,0,1
135,136,1,0.450682748914737,0.4633856256824478,1.1519082055983247,-0.8380522856383708,773,2018-05-16,,0,5,2,1,22.340374629654924,0,1
136,137,2,0.35737633748315506,0.38970685701474794,1.5099646836582514,1.2806837218123903,678,2018-05-17,,0,5,3,1,21.31572115414873,0,1
137,138,2,0.30405838809367985,0.3283078831249982,1.7247985704942077,0.21082692597091673,536,2018-05-18,,0,5,4,1,19.581098342670103,0,1
138,139,2,0.1974224893147289,0.21778973012344885,1.4383533880462662,-1.0897832964245997,735,2018-05-19,,0,5,5,0,21.9415148787925,0,1
139,140,1,0.22408146400946652,0.3405876779029483,0.6506291363144272,-0.8590298698705564,909,2018-05-20,,0,5,6,0,23.66610404998569,0,1
140,141,1,0.5839776223884255,0.5984633682398973,0.006127475806558878,-0.9219626225671138,2258,2018-05-21,,0,5,0,1,32.493635611282336,0,1
141,142,1,0.5973071097357946,0.610743163017847,0.8654630231503833,-0.5443661063877702,1576,2018-05-22,,0,5,1,1,28.70280345840008,0,1
142,143,2,0.7439314705568517,0.7089815212414466,1.2951307968222954,0.672333779079003,836,2018-05-23,,0,5,2,1,22.97291503758539,0,1
143,144,2,0.9038853187252784,0.7949400846870962,0.7938517275383978,0.2947372628996598,659,2018-05-24,,0,5,3,1,21.099098252983737,0,1
144,145,1,0.9038853187252784,0.868618853354796,0.5074065450904565,-0.4604557694590271,740,2018-05-25,,0,5,4,1,21.99479477611133,0,1
145,146,1,1.1571455783252864,1.1019349541358452,0.3641839538664857,0.18984934173873105,758,2018-05-26,,0,5,5,0,22.18457688355613,0,1
146,147,1,1.023850704851598,1.0036965959122452,0.1493500670305296,0.7562441160077465,871,2018-05-27,,0,5,6,0,23.31025017876754,0,1
147,148,1,0.8772263440305403,0.8440592637988963,0.7222404319264125,0.609401026382446,2001,2018-05-28,Memorial Day,1,5,0,0,31.17204917865058,0,1
148,149,1,0.9438737807673846,0.868618853354796,1.3667420924342808,0.37864759982840285,2355,2018-05-29,,0,5,1,1,32.96549803081797,0,1
149,150,1,1.3037699391463442,1.2124531071373947,0.3641839538664857,-0.7751195329418133,1549,2018-05-30,,0,5,2,1,28.53112958672256,0,1
150,151,1,1.5303712240516145,1.5440075661420427,0.07773877141854424,-1.0478281279602282,673,2018-05-31,,0,5,3,1,21.259124149551536,0,1
151,152,2,1.4637237873147704,1.5071681818081932,0.3641839538664857,0.2947372628996598,513,2018-06-01,,0,6,4,1,19.27123914108854,0,1
152,153,1,1.1971340403673931,1.0405359802460956,-2.357045279388958,1.4904595641342477,736,2018-06-02,,0,6,5,0,21.95219075642757,0,1
153,154,1,0.6772840338200075,0.6967017264634966,-1.9989888013290313,0.945042374097418,898,2018-06-03,,0,6,6,0,23.56416308380332,0,1
154,155,1,0.7572609579042208,0.7335411107973465,-1.2112645495971923,-0.8800074541027421,1869,2018-06-04,,0,6,0,1,30.447383980762663,0,1
155,156,2,0.8372378819884341,0.868618853354796,0.1493500670305296,-0.6702316117808845,1685,2018-06-05,,0,6,1,1,29.375981589315845,0,1
156,157,1,0.9971917301568604,0.905458237688646,-0.20870641102939722,-0.9009850383349282,673,2018-06-06,,0,6,2,1,21.259124149551536,0,1
157,158,1,1.1571455783252864,1.1142147489137946,-0.20870641102939722,0.022028667881244912,763,2018-06-07,,0,6,3,1,22.23674320123708,0,1
158,159,1,1.5303712240516145,1.5562873609199928,-0.06548381980542649,-0.6912091960130706,676,2018-06-08,,0,6,4,1,21.29311691385869,0,1
159,160,2,1.7036545595674097,1.740484282589242,-0.4235402978653533,-0.5233885221555845,563,2018-06-09,,0,6,5,0,19.93338978663585,0,1
160,161,1,1.4237353252726637,1.408929823584594,-0.20870641102939722,-0.6492540275486989,815,2018-06-10,,0,6,6,0,22.76582715788465,0,1
161,162,1,1.2504519897568684,1.2492924914712442,0.1493500670305296,-0.4394781852268414,1729,2018-06-11,,0,6,0,1,29.639238949011897,0,1
162,163,1,1.0771686542410732,1.0405359802460956,0.8654630231503833,-0.313612679833727,1467,2018-06-12,,0,6,1,1,27.99679300534768,0,1
163,164,1,0.7572609579042208,0.7826602899091465,-0.9964306627612363,1.6792578222239192,863,2018-06-13,,0,6,2,1,23.23397867152947,0,1
164,165,1,0.5973071097357946,0.7212613160193968,-0.8532080715372655,1.1548182164192755,727,2018-06-14,,0,6,3,1,21.85574610355936,0,1
165,166,1,0.7172724958621142,0.6967017264634966,-1.139653253985207,-0.2506799271371696,769,2018-06-15,,0,6,4,1,22.29903334683752,0,1
166,167,2,0.7306019832094832,0.7458209055752966,0.43579524947847104,0.27375967866747414,545,2018-06-16,,0,6,5,0,19.69985794668522,0,1
167,168,1,0.8372378819884341,0.7703804951311964,0.7938517275383978,-0.6072988590843276,863,2018-06-17,,0,6,6,0,23.23397867152947,0,1
168,169,1,1.1038276289358113,1.0405359802460956,0.29257265825450035,-0.9429402067992995,1807,2018-06-18,,0,6,0,1,30.094815653023783,0,1
169,170,2,1.11715711628318,1.0528157750240448,0.29257265825450035,-1.1946712175855285,1639,2018-06-19,,0,6,1,1,29.095652701514325,0,1
170,171,2,0.7572609579042208,0.7458209055752966,0.8654630231503833,-0.4394781852268414,699,2018-06-20,,0,6,2,1,21.550342341443788,0,1
171,172,2,1.0105212175042289,1.0036965959122452,1.008685614374354,-0.20872475867279824,774,2018-06-21,,0,6,3,1,22.350686951070003,0,3
172,173,1,1.3037699391463442,1.3475308496948442,0.5790178407024418,-0.20872475867279824,661,2018-06-22,,0,6,4,1,21.12210135161918,0,3
173,174,2,1.277110964451606,1.3475308496948442,0.5074065450904565,0.7352665317755605,746,2018-06-23,,0,6,5,0,22.058404818947725,0,3
174,175,1,1.2504519897568684,1.1142147489137946,-0.4235402978653533,0.5045131052215173,969,2018-06-24,,0,6,6,0,24.20770350451836,0,3
175,176,1,1.0904981415884423,1.0405359802460956,-1.0680419583732215,0.3157148471318455,1782,2018-06-25,,0,6,0,1,29.950296245874263,0,3
176,177,1,1.0105212175042289,1.0036965959122452,-0.8532080715372655,-1.2995591387464571,1920,2018-06-26,,0,6,1,1,30.73141732555984,0,3
177,178,2,1.023850704851598,1.0036965959122452,0.22096136264251498,-1.1107608806567855,854,2018-06-27,,0,6,2,1,23.147589706663297,0,3
178,179,1,1.3570878885358193,1.335251054916894,0.006127475806558878,-0.5863212748521419,732,2018-06-28,,0,6,3,1,21.909427185155987,0,3
179,180,1,1.277110964451606,1.1019349541358452,-0.9248193671492508,1.0499302952583467,848,2018-06-29,,0,6,4,1,23.089648608613867,0,3
180,181,1,1.1038276289358113,1.0036965959122452,-1.4260984364331484,-0.019926500583126436,1027,2018-06-30,,0,6,5,0,24.7097430195284,0,3
181,182,1,1.2371225024094998,1.0896551593578951,-1.6409323232691044,-1.1736936333533425,1246,2018-07-01,,0,7,6,0,26.446136106214603,0,3
182,183,1,1.3304289138410816,1.1878935175814944,-1.354487140821163,-1.0058729594958566,2204,2018-07-02,,0,7,0,1,32.22488234448447,0,3
183,184,2,1.2104635277147617,1.1878935175814944,0.3641839538664857,0.5884234421502603,2282,2018-07-03,,0,7,1,1,32.61166354316713,0,3
184,185,2,1.2637814771042375,1.1756137228035444,0.07773877141854424,-1.4673798126039432,3065,2018-07-04,Independence Day,1,7,2,0,36.066919133878656,0,3
185,186,1,1.3704173758831883,1.3598106444727935,-0.28031770664138256,-0.8380522856383708,1031,2018-07-05,,0,7,3,1,24.74364008620471,0,3
186,187,1,1.2237930150621308,1.2984116705830437,0.7938517275383978,-0.5233885221555845,784,2018-07-06,,0,7,4,1,22.45330965479413,0,3
187,188,1,1.397076350577926,1.2984116705830437,0.1493500670305296,-0.3765454325302844,754,2018-07-07,,0,7,5,0,22.14267316490687,0,3
188,189,2,1.1704750656726555,1.2001733123594445,0.9370743187623686,0.5464682736858887,692,2018-07-08,,0,7,6,0,21.47268062563507,0,3
189,190,1,1.3037699391463442,1.163333928025595,-0.13709511541741184,-0.2506799271371696,1988,2018-07-09,,0,7,0,1,31.10216748580873,0,3
190,191,1,1.3704173758831883,1.322971260138944,-0.35192900225336793,-0.04090408481531211,1743,2018-07-10,,0,7,1,1,29.72203532092592,0,3
191,192,1,1.4637237873147704,1.5685671556979428,0.07773877141854424,1.343616474508947,723,2018-07-11,,0,7,2,1,21.81261811750193,0,3
192,193,1,1.6370071228305656,1.6299661295876926,-0.49515159347733867,0.18984934173873105,662,2018-07-12,,0,7,3,1,21.13358495286157,0,3
193,194,1,1.3704173758831883,1.322971260138944,0.006127475806558878,-0.5653436906199558,748,2018-07-13,,0,7,4,1,22.07952995146985,0,3
194,195,1,1.0105212175042289,0.9914168011342955,-1.0680419583732215,0.7562441160077465,888,2018-07-14,,0,7,5,0,23.4707414916862,0,3
195,196,1,0.9172148060726469,0.9177380324665957,-0.28031770664138256,-0.06188166904749816,1318,2018-07-15,,0,7,6,0,26.97074517891252,0,3
196,197,1,1.0505096795463356,1.0036965959122452,-0.35192900225336793,0.3157148471318455,2418,2018-07-16,,0,7,0,1,33.264846443993484,0,3
197,198,1,1.2237930150621308,1.2001733123594445,-0.20870641102939722,0.8191768687043032,2006,2018-07-17,,0,7,1,1,31.19884360567924,0,3
198,199,1,1.3704173758831883,1.408929823584594,0.1493500670305296,0.4206027682927742,841,2018-07-18,,0,7,2,1,23.021693177184783,0,3
199,200,1,1.5303712240516145,1.6790853086994921,0.1493500670305296,-0.7751195329418133,752,2018-07-19,,0,7,3,1,22.12166395054196,0,3
200,201,1,1.4903827620095078,1.666805513921542,0.5790178407024418,-1.0268505437280426,644,2018-07-20,,0,7,4,1,20.92502563865085,0,3
201,202,2,1.743643021609516,2.15799730503954,0.43579524947847104,0.5045131052215173,632,2018-07-21,,0,7,5,0,20.783748696645866,0,3
202,203,1,1.9302558444726798,2.24395586848519,-0.35192900225336793,-0.7541419487096277,562,2018-07-22,,0,7,6,0,19.92055161087199,0,3
203,204,1,1.9302558444726798,2.022919562482091,-0.9248193671492508,-0.7751195329418133,987,2018-07-23,,0,7,0,1,24.365670136650444,0,3
204,205,1,1.8236199456937294,1.9615205885923415,-0.566762889089324,-0.2506799271371696,1050,2018-07-24,,0,7,1,1,24.903427537398773,0,3
205,206,1,1.3570878885358193,1.5071681818081932,0.9370743187623686,-1.3415143072108289,568,2018-07-25,,0,7,2,1,19.997346487657108,0,3
206,207,1,1.5037122493568769,1.3598106444727935,-0.6383741847013094,0.18984934173873105,750,2018-07-26,,0,7,3,1,22.100616270491027,0,3
207,208,1,1.5303712240516145,1.322971260138944,-1.6409323232691044,-0.04090408481531211,755,2018-07-27,,0,7,4,1,22.15316340127055,0,3
208,209,1,1.5570301987463522,1.6299661295876926,-0.35192900225336793,-0.1038368375118695,606,2018-07-28,,0,7,5,0,20.47119569191252,0,3
209,210,1,1.8769378950832045,1.912401409480541,-0.6383741847013094,-0.1667695902084269,670,2018-07-29,,0,7,6,0,21.22502700601416,0,3
210,211,1,1.6903250722200407,1.5562873609199928,-1.139653253985207,-0.2506799271371696,1559,2018-07-30,,0,7,0,1,28.59495070485045,0,3
211,212,1,1.6903250722200407,1.5685671556979428,-1.0680419583732215,-0.313612679833727,1524,2018-07-31,,0,7,1,1,28.37032739961215,0,3
212,213,1,1.5037122493568769,1.408929823584594,-0.566762889089324,-0.41850060099465575,729,2018-08-01,,0,8,2,1,21.877248914900424,0,3
213,214,1,1.5703596860937212,1.4334894131404934,-0.9964306627612363,0.27375967866747414,801,2018-08-02,,0,8,3,1,22.625721240169963,0,3
214,215,2,1.2904404517989752,1.2615722862491943,0.22096136264251498,-0.7121867802452563,467,2018-08-03,,0,8,4,1,18.62161379103075,0,3
215,216,2,1.1704750656726555,1.163333928025595,0.9370743187623686,0.14789417327435933,799,2018-08-04,,0,8,5,0,22.60556894823919,0,3
216,217,1,1.1704750656726555,1.1142147489137946,0.006127475806558878,-0.019926500583126436,1023,2018-08-05,,0,8,6,0,24.67575502675989,0,3
217,218,2,1.2104635277147617,1.237012696693294,0.9370743187623686,0.5884234421502603,1521,2018-08-06,,0,8,0,1,28.35090951796885,0,3
218,219,1,1.3437584011884502,1.482608592252293,0.8654630231503833,0.21082692597091673,1298,2018-08-07,,0,8,1,1,26.827039269954906,0,3
219,220,1,1.4770532746621388,1.408929823584594,-0.28031770664138256,0.08496142057780232,846,2018-08-08,,0,8,2,1,23.070272263845283,0,3
220,221,1,1.5303712240516145,1.5317277713640933,-0.4235402978653533,-0.5024109379233989,907,2018-08-09,,0,8,3,1,23.647632684003003,0,3
221,222,1,1.4770532746621388,1.2861318758050946,-1.4977097320451338,0.18984934173873105,884,2018-08-10,,0,8,4,1,23.433170234919448,0,3
222,223,1,1.2104635277147617,1.0896551593578951,-1.4977097320451338,-0.313612679833727,812,2018-08-11,,0,8,5,0,22.73594463067716,0,3
223,224,1,1.1571455783252864,1.1019349541358452,-1.4977097320451338,-0.8590298698705564,1051,2018-08-12,,0,8,6,0,24.9117821253897,0,3
224,225,2,1.037180192198967,1.0528157750240448,0.7222404319264125,0.3576700155962168,1504,2018-08-13,,0,8,0,1,28.24037434972934,0,3
225,226,2,0.9838622428094913,0.9177380324665957,1.3667420924342808,0.5045131052215173,1338,2018-08-14,,0,8,1,1,27.112958978368034,0,3
226,227,1,0.930544293420016,0.868618853354796,0.5790178407024418,0.3157148471318455,775,2018-08-15,,0,8,2,1,22.36099011289047,0,3
227,228,1,1.11715711628318,1.0528157750240448,-0.35192900225336793,0.6933113633111891,721,2018-08-16,,0,8,3,1,21.790992561788407,0,3
228,229,1,1.2504519897568684,1.1756137228035444,-0.35192900225336793,-0.6072988590843276,668,2018-08-17,,0,8,4,1,21.202237198776047,0,3
229,230,1,1.183804553020024,1.151054133247645,0.1493500670305296,0.6513561948468174,639,2018-08-18,,0,8,5,0,20.86638216046444,0,3
230,231,2,1.037180192198967,0.9791370063563454,0.6506291363144272,-0.6702316117808845,797,2018-08-19,,0,8,6,0,22.58538193183041,0,3
231,232,1,1.1038276289358113,1.065095569801995,0.29257265825450035,-1.152716049121157,1914,2018-08-20,,0,8,0,1,30.698273032716752,0,3
232,233,1,1.1704750656726555,1.237012696693294,1.008685614374354,0.8821096214008606,1249,2018-08-21,,0,8,1,1,26.46840542476412,0,3
233,234,1,1.0771686542410732,1.0036965959122452,-1.139653253985207,1.259706137580204,833,2018-08-22,,0,8,2,1,22.94355177215409,0,3
234,235,1,0.7972494199463275,0.8072198794650464,-1.2112645495971923,-0.5653436906199558,1281,2018-08-23,,0,8,3,1,26.703686981463523,0,3
235,236,1,0.9705327554621227,0.9545774168004456,-0.20870641102939722,0.945042374097418,949,2018-08-24,,0,8,4,1,24.0297998045592,0,3
236,237,2,1.023850704851598,1.0528157750240448,1.008685614374354,0.33669243136403115,435,2018-08-25,,0,8,5,0,18.1432598304608,0,3
237,238,1,1.11715711628318,1.138774338469695,0.9370743187623686,-1.4464022283717575,768,2018-08-26,,0,8,6,0,22.28867492592782,0,3
238,239,2,1.0105212175042289,0.9914168011342955,1.5815759792702369,2.665204281136649,226,2018-08-27,,0,8,0,1,14.196409919260486,0,3
239,240,1,1.1571455783252864,1.065095569801995,-0.49515159347733867,1.6582802379917332,1415,2018-08-28,,0,8,1,1,27.64721450538754,0,3
240,241,1,0.7705904452515898,0.819499674242996,-0.566762889089324,-0.3765454325302844,729,2018-08-29,,0,8,2,1,21.877248914900424,0,3
241,242,1,0.7839199325989584,0.7335411107973465,-0.566762889089324,-0.8590298698705564,775,2018-08-30,,0,8,3,1,22.36099011289047,0,3
242,243,1,0.8772263440305403,0.8440592637988963,-0.20870641102939722,-1.4464022283717575,688,2018-08-31,,0,8,4,1,21.428059653476943,0,3
243,244,1,0.8772263440305403,0.8563390585768459,0.07773877141854424,-0.6282764433165132,783,2018-09-01,,0,9,5,0,22.443088040293315,0,3
244,245,2,0.810578907293696,0.7949400846870962,0.7222404319264125,-0.6492540275486989,875,2018-09-02,,0,9,6,0,23.34820535085994,0,3
245,246,1,0.9438737807673846,0.9791370063563454,0.6506291363144272,-0.019926500583126436,1935,2018-09-03,Labor Day,1,9,0,0,30.81396754174408,0,3
246,247,1,1.1704750656726555,1.1756137228035444,0.7938517275383978,0.27375967866747414,2521,2018-09-04,,0,9,1,1,33.74290772827341,0,3
247,248,2,0.9705327554621227,0.9300178272445458,1.1519082055983247,0.37864759982840285,1236,2018-09-05,,0,9,2,1,26.37163763745076,0,3
248,249,3,0.23741095135683557,0.2546291144572988,1.8680211617181783,2.203697428028563,204,2018-09-06,,0,9,3,1,13.648860266572404,0,3
249,250,3,0.5706481350410569,0.42654624134859787,2.0828550485541344,-1.2576039702820856,118,2018-09-07,,0,9,4,1,11.001303465544996,0,3
250,251,3,0.7572609579042208,0.5002250100162977,2.2260776397781052,0.08496142057780232,153,2018-09-08,,0,9,5,0,12.201245397222468,0,3
251,252,2,0.8372378819884341,0.6353027525737468,1.9396324573301638,-0.8800074541027421,417,2018-09-09,,0,9,6,0,17.863466105304152,0,3
252,253,1,0.9038853187252784,0.819499674242996,0.8654630231503833,-0.4604557694590271,1750,2018-09-10,,0,9,0,1,29.76326206714132,0,3
253,254,1,0.8638968566831717,0.8317794690209461,0.5790178407024418,-1.0058729594958566,1633,2018-09-11,,0,9,1,1,29.05869072124204,0,3
254,255,1,0.810578907293696,0.7826602899091465,0.43579524947847104,-1.3624918914430144,690,2018-09-12,,0,9,2,1,21.4503923785005,0,3
255,256,1,0.8505673693358027,0.7949400846870962,0.5790178407024418,-0.6282764433165132,701,2018-09-13,,0,9,3,1,21.57243309627952,0,3
256,257,1,0.9705327554621227,0.9300178272445458,0.5074065450904565,-0.2716575113693556,647,2018-09-14,,0,9,4,1,20.96006154932019,0,3
257,258,2,0.450682748914737,0.48794521523834755,0.5790178407024418,1.1967733848836468,428,2018-09-15,,0,9,5,0,18.0354149017586,0,3
258,259,2,-0.14914418171686158,-0.07692534454734967,-0.28031770664138256,-0.313612679833727,742,2018-09-16,,0,9,6,0,22.016037408971247,0,3
259,260,2,-0.015849308243173005,0.02131301367624954,0.6506291363144272,0.043006252113430586,1434,2018-09-17,,0,9,0,1,27.77595386171366,0,3
260,261,1,0.06412761584104032,0.0949917823439494,0.5074065450904565,-0.1038368375118695,1353,2018-09-18,,0,9,1,1,27.2186627180214,0,3
261,262,2,0.2907289007463108,0.3405876779029483,0.43579524947847104,-0.48143335369121315,691,2018-09-19,,0,9,2,1,21.46154204821764,0,3
262,263,2,0.35737633748315506,0.3528674726808984,1.796409866106193,-0.7331643644774419,438,2018-09-20,,0,9,3,1,18.18911381741508,0,3
263,264,2,0.5439891603463188,0.4633856256824478,1.9396324573301638,-1.2576039702820856,539,2018-09-21,,0,9,4,1,19.6208362372894,0,3
264,265,2,0.7306019832094832,0.48794521523834755,1.9396324573301638,-0.817074701406185,555,2018-09-22,,0,9,5,0,19.83024151966261,0,3
265,266,2,0.6239660844305323,0.2914684987911487,2.440911526614061,-1.5093349810683148,258,2018-09-23,,0,9,6,0,14.9308599134691,0,2
266,267,2,0.6106365970831632,0.5493441891280973,1.6531872748822223,-1.5093349810683148,1776,2018-09-24,,0,9,0,1,29.91540432973025,0,2
267,268,2,0.7572609579042208,0.5984633682398973,1.5099646836582514,-1.9079090814798438,1544,2018-09-25,,0,9,1,1,28.499112717370515,0,2
268,269,2,0.8372378819884341,0.7089815212414466,1.5815759792702369,-1.068805712192414,684,2018-09-26,,0,9,2,1,21.38325989427638,0,2
269,270,2,0.7705904452515898,0.610743163017847,1.8680211617181783,-0.9639177910314851,477,2018-09-27,,0,9,3,1,18.7664604919159,0,2
270,271,2,0.7572609579042208,0.6230229577957972,1.5815759792702369,-0.5233885221555845,480,2018-09-28,,0,9,4,1,18.8095067937878,0,2
271,272,1,0.6639545464726389,0.610743163017847,0.5074065450904565,-0.18774717444061256,653,2018-09-29,,0,9,5,0,21.02979956969201,0,2
272,273,1,0.3707058248305241,0.42654624134859787,0.1493500670305296,0.27375967866747414,830,2018-09-30,,0,9,6,0,22.914115682910097,0,2
273,274,2,-0.46905187805371396,-0.3839202139960983,0.8654630231503833,1.4904595641342477,480,2018-10-01,,0,10,0,1,18.8095067937878,0,2
274,275,2,-0.762300599695829,-0.7891534416684466,1.1519082055983247,0.5045131052215173,616,2018-10-02,,0,10,1,1,20.59247996716535,0,2
275,276,2,-0.6023467515274025,-0.5067181617755978,0.9370743187623686,-1.4464022283717575,330,2018-10-03,,0,10,2,1,16.37931262231017,0,2
276,277,1,-0.06916725763264825,-0.015526370657599948,0.5790178407024418,0.27375967866747414,486,2018-10-04,,0,10,3,1,18.895047390845665,0,2
277,278,1,0.23741095135683557,0.3283078831249982,0.1493500670305296,-0.12481442174405517,559,2018-10-05,,0,10,4,1,19.88194256663946,0,2
278,279,1,-0.002519820895803961,0.03359280845419966,-0.06548381980542649,-0.7331643644774419,639,2018-10-06,,0,10,5,0,20.86638216046444,0,2
279,280,1,0.0774571031884089,0.18095034578959893,0.3641839538664857,-2.306483181891373,949,2018-10-07,,0,10,6,0,24.0297998045592,0,2
280,281,1,0.14410453992525318,0.24234931967934864,0.5074065450904565,-1.991819418408587,2235,2018-10-08,Columbus Day,1,10,0,0,32.37971307356818,0,2
281,282,1,0.25074043870420415,0.3037482935690984,0.7222404319264125,-1.719110823390172,2397,2018-10-09,,0,10,1,1,33.16566607142315,0,2
282,283,1,0.4106942868726303,0.41426644657064815,0.7222404319264125,-2.0337745868729584,1514,2018-10-10,,0,10,2,1,28.30549846491878,0,2
283,284,2,0.3840353121778927,0.43882603612654797,1.2951307968222954,-0.6072988590843276,667,2018-10-11,,0,10,3,1,21.19082469320521,0,2
284,285,3,0.2640699260515732,0.26690890923524846,2.011243752942149,0.8611320371686753,217,2018-10-12,,0,10,4,1,13.977048046329124,0,2
285,286,2,0.5173301856515813,0.4756654204603979,1.9396324573301638,-0.6282764433165132,290,2018-10-13,,0,10,5,0,15.60505457017989,0,2
286,287,2,0.30405838809367985,0.3405876779029483,0.6506291363144272,0.5254906894537029,529,2018-10-14,,0,10,6,0,19.4877780180678,0,2
287,288,1,0.06412761584104032,0.144110961455749,-1.0680419583732215,1.0079751267939754,1899,2018-10-15,,0,10,0,1,30.61509848657341,0,2
288,289,1,0.09078659053577794,0.18095034578959893,-0.9964306627612363,1.343616474508947,1748,2018-10-16,,0,10,1,1,29.751494587944297,0,2
289,290,1,0.21075197666209747,0.21778973012344885,-0.35192900225336793,-0.14579200597624087,713,2018-10-17,,0,10,2,1,21.70407540933808,0,2
290,291,2,0.1974224893147289,0.2914684987911487,0.5074065450904565,-1.068805712192414,637,2018-10-18,,0,10,3,1,20.84283639518621,0,2
291,292,3,0.25074043870420415,0.24234931967934864,1.9396324573301638,0.7981992844721179,254,2018-10-19,,0,10,4,1,14.84261076336168,0,2
292,293,1,-0.10915571967475492,-0.052365754991449874,0.07773877141854424,0.05659857723921558,471,2018-10-20,,0,10,5,0,18.679806059265733,0,2
293,294,1,-0.37574546662213204,-0.3102414453283989,-0.4235402978653533,0.4835355209893316,676,2018-10-21,,0,10,6,0,21.29311691385869,0,2
294,295,1,-0.40240444131686964,-0.29796165055044876,0.006127475806558878,-1.3205367229786429,1499,2018-10-22,,0,10,0,1,28.20770056422461,0,2
295,296,1,-0.40240444131686964,-0.3225212401063486,0.7938517275383978,-1.215648801817714,1619,2018-10-23,,0,10,1,1,28.972081387127727,0,2
296,297,1,-0.1758031564115992,-0.10148493410324992,1.008685614374354,-0.9429402067992995,699,2018-10-24,,0,10,2,1,21.550342341443788,0,2
297,298,1,-0.13581469436949253,-0.0646455497694,-0.06548381980542649,-0.2716575113693556,695,2018-10-25,,0,10,3,1,21.50603007397233,0,2
298,299,2,-0.06916725763264825,-0.015526370657599948,0.6506291363144272,-0.5233885221555845,404,2018-10-26,,0,10,4,1,17.656183295505553,0,2
299,300,2,-0.13581469436949253,-0.10148493410324992,1.2951307968222954,0.16887175750654537,240,2018-10-27,,0,10,5,0,14.525995953471435,0,2
300,301,2,-0.8955954731695175,-0.9610705685597459,-0.28031770664138256,0.609401026382446,456,2018-10-28,,0,10,6,0,18.45979696707945,0,2
301,302,3,-1.322139068285321,-1.5136613335674935,1.796409866106193,2.3085853491894914,57,2018-10-29,,0,10,0,1,8.114713729979519,0,2
302,303,1,-0.9622429099063617,-0.9365109790038458,-0.06548381980542649,-0.14579200597624087,885,2018-10-30,,0,10,1,1,23.442573993288537,0,2
303,304,1,-0.8556070111274109,-0.7277544677786969,0.5074065450904565,-1.1317384648889712,362,2018-10-31,,0,10,2,1,16.953413106041463,0,2
304,305,1,-0.5223698274431897,-0.4698787774417483,0.3641839538664857,-0.7121867802452563,410,2018-11-01,,0,11,3,1,17.752413717048515,0,2
305,306,1,-0.6423352135695092,-0.5189979565535479,0.6506291363144272,-1.4673798126039432,370,2018-11-02,,0,11,4,1,17.091442859100543,0,2
306,307,1,-0.482381365401083,-0.42075959832994825,0.5074065450904565,-0.6912091960130706,318,2018-11-03,,0,11,5,0,16.154152506905422,0,2
307,308,2,-0.5090403400958207,-0.43303939310789835,-0.06548381980542649,1.1967733848836468,470,2018-11-04,,0,11,6,0,18.66528995599137,0,2
308,309,1,-0.9222544478642551,-0.9242311842258962,-0.7815967759252801,0.043006252113430586,1156,2018-11-05,,0,11,0,1,25.760185448419776,0,2
309,310,1,-0.8022890617379353,-0.690915083444847,0.7222404319264125,-1.3205367229786429,952,2018-11-06,,0,11,1,1,24.056648712662287,0,2
310,311,1,-0.5490288021379273,-0.45759898266379817,0.9370743187623686,-1.8239987445511008,373,2018-11-07,,0,11,2,1,17.142674706414564,0,2
311,312,1,-0.482381365401083,-0.3839202139960983,0.6506291363144272,-1.656178070693615,376,2018-11-08,,0,11,3,1,17.193623928055374,0,2
312,313,1,-0.5223698274431897,-0.39620000877404843,0.9370743187623686,-1.7400884076223582,305,2018-11-09,,0,11,4,1,15.90353377985618,0,2
313,314,2,-0.6290057262221403,-0.6172363147771476,1.2951307968222954,0.043006252113430586,190,2018-11-10,,0,11,5,0,13.27891999200478,0,2
314,315,1,-0.935583935211624,-1.0347493372274454,-1.2828758452091777,1.805123327617034,440,2018-11-11,Veterans Day,1,11,6,0,18.21956326306046,0,2
315,316,1,-0.762300599695829,-0.7154746730007472,-0.566762889089324,0.3576700155962168,1275,2018-11-12,Veterans Day (Observed),1,11,0,0,26.659882133235868,0,2
316,317,1,-0.29576854253791873,-0.273402060994549,-1.2112645495971923,1.343616474508947,1004,2018-11-13,,0,11,1,1,24.51305170482015,0,2
317,318,1,0.18409300196735984,0.3037482935690984,-0.28031770664138256,1.6792578222239192,595,2018-11-14,,0,11,2,1,20.33618244034791,0,2
318,319,2,0.18409300196735984,0.20550993534549872,0.43579524947847104,0.18984934173873105,449,2018-11-15,,0,11,3,1,18.3554199597908,0,2
319,320,3,-0.21579161845370587,-0.13832431843709941,2.15446634416612,-0.6912091960130706,145,2018-11-16,,0,11,4,1,11.945114071860695,0,2
320,321,2,-0.8422775237800421,-0.9242311842258962,-0.35192900225336793,1.6792578222239192,139,2018-11-17,,0,11,5,0,11.746562099967337,0,2
321,322,1,-1.21550316950637,-1.2435058484525947,-1.5693210276571192,-0.2506799271371696,245,2018-11-18,,0,11,6,0,14.640496283087804,0,2
322,323,1,-0.9089249605168863,-0.9242311842258962,-0.9248193671492508,0.5254906894537029,943,2018-11-19,,0,11,0,1,23.97592635594118,0,2
323,324,2,-0.1758031564115992,-0.10148493410324992,0.3641839538664857,0.0010510836490592388,787,2018-11-20,,0,11,1,1,22.48392079563984,0,2
324,325,3,-0.2557800804958125,-0.17516370277094934,2.011243752942149,-0.6912091960130706,220,2018-11-21,,0,11,2,1,14.050852477026227,0,2
325,326,3,-0.4290634160116073,-0.3225212401063486,2.369300231002076,-0.9429402067992995,69,2018-11-22,Thanksgiving,1,11,3,0,8.810353276360255,0,2
326,327,2,-0.29576854253791873,-0.273402060994549,0.9370743187623686,2.0988095068676342,112,2018-11-23,,0,11,4,1,10.771747496560778,0,2
327,328,1,-0.6689941882642468,-0.6295161095550973,-0.566762889089324,-0.2716575113693556,560,2018-11-24,,0,11,5,0,19.894828048314327,0,2
328,329,1,-0.655664700916878,-0.5803969304432977,0.07773877141854424,-1.2366263860499,1095,2018-11-25,,0,11,6,0,25.27409425003868,0,2
329,330,1,-0.655664700916878,-0.5435575461094477,0.3641839538664857,-1.656178070693615,1249,2018-11-26,,0,11,0,1,26.46840542476412,0,2
330,331,1,-0.20246213110633682,-0.1137647288811996,0.5074065450904565,0.3157148471318455,810,2018-11-27,,0,11,1,1,22.71598073587438,0,2
331,332,1,0.0374686411463027,0.0949917823439494,0.7938517275383978,-0.6282764433165132,253,2018-11-28,,0,11,2,1,14.820399304452108,0,2
332,333,2,-0.20246213110633682,-0.13832431843709941,1.4383533880462662,1.0079751267939754,96,2018-11-29,,0,11,3,1,10.115102959468718,0,2
333,334,1,-0.935583935211624,-0.9979099528935959,-0.13709511541741184,1.1967733848836468,188,2018-11-30,,0,11,4,1,13.224555794604417,0,2
334,335,1,-1.0022313719484681,-1.0347493372274454,-0.7815967759252801,0.4835355209893316,182,2018-12-01,,0,12,5,0,13.05903842788398,0,2
335,336,1,-0.9889018846010994,-0.8751120051140961,0.006127475806558878,-1.1946712175855285,268,2018-12-02,,0,12,6,0,15.147439654158662,0,2
336,337,1,-1.0688788086853125,-1.0101897476715458,-0.13709511541741184,-1.2785815545142714,706,2018-12-03,,0,12,0,1,21.627470972407515,0,2
337,338,1,-0.8955954731695175,-0.7645938521125468,1.0802969099863393,-1.4464022283717575,634,2018-12-04,,0,12,1,1,20.80742222320717,0,2
338,339,2,-0.6023467515274025,-0.4944383669976481,1.4383533880462662,-1.7400884076223582,233,2018-12-05,,0,12,2,1,14.36290578817004,0,2
339,340,3,-0.1758031564115992,-0.1137647288811996,2.2976889353900907,0.6513561948468174,126,2018-12-06,,0,12,3,1,11.29521086922712,0,2
340,341,3,-0.46905187805371396,-0.45759898266379817,2.440911526614061,1.112863047954904,50,2018-12-07,,0,12,4,1,7.661064562926128,0,2
341,342,1,-1.2554916315484765,-1.3417442066761942,-0.35192900225336793,0.7562441160077465,150,2018-12-08,,0,12,5,0,12.106300542521549,0,2
342,343,1,-1.122196758074788,-0.9610705685597459,0.5074065450904565,-1.4673798126039432,261,2018-12-09,,0,12,6,0,14.996431142631277,0,2
343,344,1,-1.202173682159001,-1.2803452327864444,-0.8532080715372655,0.6513561948468174,502,2018-12-10,,0,12,0,1,19.11965961098823,0,2
344,345,1,-1.508751891148485,-1.3540240014541443,-0.9964306627612363,-1.6771556549258007,377,2018-12-11,,0,12,1,1,17.210544854603064,0,2
345,346,1,-1.4021159923695339,-1.2557856432305448,0.29257265825450035,-1.719110823390172,143,2018-12-12,,0,12,2,1,11.879568738579978,0,2
346,347,1,-1.1621852201168947,-1.0593089267833455,-0.28031770664138256,-0.6492540275486989,155,2018-12-13,,0,12,3,1,12.263832757522575,0,2
347,348,2,-0.9755723972537306,-0.8382726207802467,0.22096136264251498,-1.7610659918545437,178,2018-12-14,,0,12,4,1,12.94659742544306,0,2
348,349,2,-0.40240444131686964,-0.3839202139960983,0.006127475806558878,1.1548182164192755,181,2018-12-15,,0,12,5,0,13.031088794617592,0,2
349,350,2,-0.655664700916878,-0.7031948782227971,-0.9248193671492508,1.0499302952583467,178,2018-12-16,,0,12,6,0,12.94659742544306,0,2
350,351,2,-1.2954800935905832,-1.3785835910100441,-0.49515159347733867,0.7981992844721179,275,2018-12-17,,0,12,0,1,15.295759177479804,0,2
351,352,1,-1.4021159923695339,-1.403143180565944,-0.28031770664138256,-0.22970234290498392,220,2018-12-18,,0,12,1,1,14.050852477026227,0,2
352,353,1,-1.202173682159001,-1.194386669340795,0.07773877141854424,-0.18774717444061256,260,2018-12-19,,0,12,2,1,14.974631934516552,0,2
353,354,2,-0.6023467515274025,-0.482158572219698,-0.20870641102939722,-1.7610659918545437,216,2018-12-20,,0,12,3,1,13.9522906841088,0,2
354,355,2,-0.362415979274763,-0.2856818557724991,1.6531872748822223,0.4835355209893316,107,2018-12-21,,0,12,4,1,10.573899066836365,0,0
355,356,2,-0.3890749539695011,-0.29796165055044876,0.9370743187623686,-1.9498642499442156,227,2018-12-22,,0,12,5,0,14.220410217109697,0,0
356,357,1,-0.6689941882642468,-0.5926767252212477,0.43579524947847104,1.2387285533480181,163,2018-12-23,,0,12,6,0,12.508768561460084,0,0
357,358,1,-1.0555493213379437,-1.0715887215612954,-0.6383741847013094,0.06398383634561663,155,2018-12-24,,0,12,0,1,12.263832757522575,0,0
358,359,1,-1.202173682159001,-1.194386669340795,0.3641839538664857,-0.4394781852268414,303,2018-12-25,Christmas Day,1,12,1,0,15.864328520407078,0,0
359,360,1,-0.948913422558993,-0.9733503633376958,-0.8532080715372655,0.7352665317755605,430,2018-12-26,,0,12,2,1,18.066350765476297,0,0
360,361,2,-0.935583935211624,-0.8996715946699964,0.9370743187623686,0.022028667881244912,103,2018-12-27,,0,12,3,1,10.410990448853742,0,0
361,362,1,-1.0688788086853125,-1.194386669340795,-0.9248193671492508,1.511437148366433,255,2018-12-28,,0,12,4,1,14.86476215878075,0,0
362,363,1,-1.3487980429800588,-1.2926250275643947,-0.4235402978653533,-0.9429402067992995,254,2018-12-29,,0,12,5,0,14.84261076336168,0,0
363,364,1,-1.0022313719484681,-0.9610705685597459,0.07773877141854424,-0.7331643644774419,491,2018-12-30,,0,12,6,0,18.96577807257468,0,0
364,365,1,-0.46905187805371396,-0.37164041921814867,-0.06548381980542649,0.4835355209893316,665,2018-12-31,,0,12,0,1,21.167964329490268,0,0
365,366,1,-0.6823236756116159,-0.6049565199991974,0.43579524947847104,0.08496142057780232,686,2019-01-01,New Year's Day,1,1,1,0,21.405682232121144,1,0
366,367,1,-1.21550316950637,-1.3663037962320943,-1.7841549144930753,2.0148991699388916,244,2019-01-02,,0,1,2,1,14.617725669338434,1,0
367,368,1,-1.881977536874813,-2.1399308672429407,-1.354487140821163,2.518361191511349,89,2019-01-03,,0,1,3,1,9.803979363300463,1,0
368,369,2,-2.1219083091274524,-2.1767702515767904,-1.5693210276571192,-0.019926500583126436,95,2019-01-04,,0,1,4,1,10.071633624010222,1,0
369,370,1,-1.2554916315484765,-1.2066664641187448,-0.7815967759252801,-0.7960971171739993,140,2019-01-05,,0,1,5,0,11.78005804240976,1,0
370,371,1,-0.8822659858221487,-0.8259928260022965,-0.6383741847013094,-0.2716575113693556,307,2019-01-06,,0,1,6,0,15.94256261710444,1,0
371,372,1,-0.5623582894852959,-0.5189979565535479,-0.7099854803132948,-0.1667695902084269,1070,2019-01-07,,0,1,0,1,25.06949072861465,1,0
372,373,1,-0.8689364984747796,-0.8259928260022965,-1.2112645495971923,0.06398383634561663,599,2019-01-08,,0,1,1,1,20.385475260617483,1,0
373,374,2,-1.4820929164537473,-1.390863385787994,0.5074065450904565,-1.2366263860499,106,2019-01-09,,0,1,2,1,10.533569973870868,1,0
374,375,1,-1.0155608592958372,-0.9610705685597459,0.1493500670305296,0.022028667881244912,173,2019-01-10,,0,1,3,1,12.80357508690969,1,0
375,376,2,-1.21550316950637,-1.182106874562845,1.5815759792702369,-0.7751195329418133,92,2019-01-11,,0,1,4,1,9.93930751344088,1,0
376,377,2,-0.6156762388747715,-0.5681171356653475,1.2235195012103102,-0.08285925327968383,269,2019-01-12,,0,1,5,0,15.168790031302237,1,0
377,378,1,-1.21550316950637,-1.3785835910100441,-0.8532080715372655,2.686181865368835,174,2019-01-13,,0,1,6,0,12.832404849813082,1,0
378,379,1,-1.7220236887063864,-1.7838168186823924,-1.2112645495971923,0.0010510836490592388,333,2019-01-14,,0,1,0,1,16.434720152611323,1,0
379,380,1,-1.8020006127905996,-1.9188945612398418,-1.4977097320451338,0.9030872056330466,284,2019-01-15,,0,1,1,1,15.482687996367208,1,0
380,381,1,-1.6687057393169111,-1.7469774343485425,-0.7815967759252801,0.6303786106146317,217,2019-01-16,,0,1,2,1,13.977048046329124,1,0
381,382,2,-0.6689941882642468,-0.6786352886668973,0.6506291363144272,2.2876077649573054,127,2019-01-17,,0,1,3,1,11.331038008480384,1,0
382,383,1,-1.0555493213379437,-1.2189462588966948,-1.354487140821163,0.05659857723921558,109,2019-01-18,,0,1,4,1,10.653786062011257,1,0
383,384,1,-1.6687057393169111,-1.7469774343485425,-0.9248193671492508,0.4835355209893316,130,2019-01-19,,0,1,5,0,11.437368521418728,1,0
384,385,2,-1.5220813784958538,-1.5627805126792933,-1.2828758452091777,0.23180451020310242,115,2019-01-20,,0,1,6,0,10.88755529822592,1,0
385,386,2,-1.7620121507484932,-1.8452157925721422,1.4383533880462662,0.5045131052215173,67,2019-01-21,Martin Luther King Jr. Day,1,1,0,0,8.700535273222862,1,0
386,387,2,-1.8153301001379687,-1.9188945612398418,1.2235195012103102,0.18984934173873105,196,2019-01-22,,0,1,1,1,13.439686812493086,1,0
387,388,2,-1.508751891148485,-1.415422975343894,2.011243752942149,-1.068805712192414,145,2019-01-23,,0,1,2,1,11.945114071860695,1,0
388,389,1,-0.8422775237800421,-0.7645938521125468,1.5099646836582514,-0.8800074541027421,439,2019-01-24,,0,1,3,1,18.20435046662348,1,0
389,390,1,-1.0955377833800504,-1.1084281058951453,0.07773877141854424,-0.35556784829809834,467,2019-01-25,,0,1,4,1,18.62161379103075,1,0
390,391,2,-0.8422775237800421,-0.7277544677786969,1.008685614374354,-1.5932453179970576,244,2019-01-26,,0,1,5,0,14.617725669338434,1,0
391,392,2,-0.3890749539695011,-0.3593606244401985,0.7938517275383978,2.203697428028563,269,2019-01-27,,0,1,6,0,15.168790031302237,1,0
392,393,1,-0.9755723972537306,-0.9119513894479461,-0.6383741847013094,0.33669243136403115,775,2019-01-28,,0,1,0,1,22.36099011289047,1,0
393,394,1,-1.1621852201168947,-1.2435058484525947,-2.2854339837769726,0.7562441160077465,558,2019-01-29,,0,1,1,1,19.8690412210662,1,0
394,395,1,-1.2421621442011077,-1.3049048223423445,-1.6409323232691044,0.4206027682927742,126,2019-01-30,,0,1,2,1,11.29521086922712,1,0
395,396,1,-0.5756877768326649,-0.5681171356653475,-1.4977097320451338,1.0499302952583467,324,2019-01-31,,0,1,3,1,16.267449563951885,1,0
396,397,1,-0.14914418171686158,-0.052365754991449874,-0.8532080715372655,0.043006252113430586,304,2019-02-01,,0,2,4,1,15.88395332521087,1,0
397,398,2,-0.5223698274431897,-0.4698787774417483,0.29257265825450035,0.0010510836490592388,190,2019-02-02,,0,2,5,0,13.27891999200478,1,0
398,399,1,-1.0022313719484681,-1.0101897476715458,-0.7099854803132948,-0.1038368375118695,310,2019-02-03,,0,2,6,0,16.00077930607412,1,0
399,400,2,-1.2688211188958454,-1.2435058484525947,1.0802969099863393,-0.9009850383349282,384,2019-02-04,,0,2,0,1,17.328135404690276,1,0
400,401,2,-1.2554916315484765,-1.2926250275643947,0.43579524947847104,-0.14579200597624087,318,2019-02-05,,0,2,1,1,16.154152506905422,1,0
401,402,1,-1.1621852201168947,-1.0961483111171952,-0.06548381980542649,-0.4604557694590271,206,2019-02-06,,0,2,2,1,13.700269275640975,1,0
402,403,1,-0.7756300870431978,-0.690915083444847,-0.9248193671492508,-0.5443661063877702,199,2019-02-07,,0,2,3,1,13.518803186106751,1,0
403,404,2,-1.308809580937952,-1.2803452327864444,0.6506291363144272,-0.7331643644774419,109,2019-02-08,,0,2,4,1,10.653786062011257,1,0
404,405,1,-1.2554916315484765,-1.3049048223423445,-0.49515159347733867,0.10593900480998798,163,2019-02-09,,0,2,5,0,12.508768561460084,1,0
405,406,2,-1.1755147074642636,-1.1084281058951453,-0.6383741847013094,-0.984895375263671,227,2019-02-10,,0,2,6,0,14.220410217109697,1,0
406,407,3,-1.4820929164537473,-1.624179486569043,0.7222404319264125,1.4485043956698755,192,2019-02-11,,0,2,0,1,13.332892012057783,1,0
407,408,1,-2.0152724103485014,-2.28728840457834,-1.2112645495971923,0.05659857723921558,73,2019-02-12,,0,2,1,1,9.023587275838487,1,0
408,409,1,-1.4954224038011161,-1.5136613335674935,-1.5693210276571192,-0.2716575113693556,94,2019-02-13,,0,2,2,1,10.027848426950571,1,0
409,410,2,-0.9622429099063617,-0.8628322103361464,-0.8532080715372655,-0.6282764433165132,135,2019-02-14,,0,2,3,1,11.610896216048529,1,0
410,411,1,-0.8022890617379353,-0.7523140573345967,-0.7099854803132948,-0.06188166904749816,141,2019-02-15,,0,2,4,1,11.813389829019998,1,0
411,412,2,-0.9755723972537306,-0.8873917998920463,0.8654630231503833,-1.3415143072108289,74,2019-02-16,,0,2,5,0,9.075634422036051,1,0
412,413,1,-0.8289480364326732,-0.7523140573345967,0.006127475806558878,0.27375967866747414,349,2019-02-17,,0,2,6,0,16.724569505994513,1,0
413,414,1,-0.8156185490853044,-0.7277544677786969,-0.7099854803132948,0.06398383634561663,1435,2019-02-18,Washington's Birthday,1,2,0,0,27.782697036897115,1,0
414,415,2,-1.1755147074642636,-1.2803452327864444,-0.7815967759252801,0.945042374097418,618,2019-02-19,,0,2,1,1,20.616574036363005,1,0
415,416,1,-1.1755147074642636,-1.2312260536746449,-0.8532080715372655,0.5884234421502603,502,2019-02-20,,0,2,2,1,19.11965961098823,1,0
416,417,1,-1.1355262454221569,-1.0961483111171952,-0.28031770664138256,0.27375967866747414,163,2019-02-21,,0,2,3,1,12.508768561460084,1,0
417,418,1,-0.5490288021379273,-0.5067181617755978,-0.4235402978653533,0.672333779079003,394,2019-02-22,,0,2,4,1,17.49359116289115,1,0
418,419,1,-0.22912110580107442,-0.18744349754889944,-0.566762889089324,0.06398383634561663,516,2019-02-23,,0,2,5,0,19.31219047959194,1,0
419,420,2,-0.482381365401083,-0.39620000877404843,0.7938517275383978,0.7142889475433748,246,2019-02-24,,0,2,6,0,14.663203062497052,1,0
420,421,1,-1.122196758074788,-1.3417442066761942,-1.6409323232691044,0.05659857723921558,317,2019-02-25,,0,2,0,1,16.13512705387941,1,0
421,422,1,-1.1888441948116322,-1.2680654380084946,-1.5693210276571192,0.27375967866747414,515,2019-02-26,,0,2,1,1,19.298558271471887,1,0
422,423,1,-0.7089826503063534,-0.7154746730007472,-0.9964306627612363,1.1548182164192755,253,2019-02-27,,0,2,2,1,14.820399304452108,1,0
423,424,1,-0.7489711123484601,-0.7400342625566471,-1.6409323232691044,0.10593900480998798,229,2019-02-28,,0,2,3,1,14.26819352349966,1,0
424,425,1,-0.05583777028527967,0.009033218898299857,-0.06548381980542649,0.5674458579180743,325,2019-03-01,,0,3,4,1,16.28619178229141,1,0
425,426,2,-0.7756300870431978,-0.7031948782227971,0.22096136264251498,-0.5863212748521419,246,2019-03-02,,0,3,5,0,14.663203062497052,1,0
426,427,2,-0.44239290335897635,-0.37164041921814867,-0.06548381980542649,-0.35556784829809834,956,2019-03-03,,0,3,6,0,24.09235688677145,1,0
427,428,1,-0.9222544478642551,-1.0470291320053957,-1.6409323232691044,2.0778319226354482,710,2019-03-04,,0,3,0,1,21.67130856287786,1,0
428,429,1,-1.3754570176747962,-1.4277027701218439,-0.8532080715372655,0.5884234421502603,203,2019-03-05,,0,3,1,1,13.62302568669851,1,0
429,430,1,-1.2954800935905832,-1.3417442066761942,-1.2112645495971923,0.21082692597091673,221,2019-03-06,,0,3,2,1,14.0753000626833,1,0
430,431,1,-0.49571085274845156,-0.5435575461094477,-0.8532080715372655,2.2456525964929344,432,2019-03-07,,0,3,3,1,18.09718782281757,1,0
431,432,1,0.17076351461999129,0.3037482935690984,-0.4235402978653533,0.05659857723921558,486,2019-03-08,,0,3,4,1,18.895047390845665,1,0
432,433,2,-0.46905187805371396,-0.4698787774417483,-1.5693210276571192,0.05659857723921558,447,2019-03-09,,0,3,5,0,18.32539257064704,1,0
433,434,1,-1.1355262454221569,-1.2066664641187448,-1.9989888013290313,0.5464682736858887,968,2019-03-10,,0,3,6,0,24.198868608451622,1,0
434,435,1,-0.7356416250010911,-0.7031948782227971,-1.0680419583732215,0.5045131052215173,1658,2019-03-11,,0,3,0,1,29.21208849495181,1,0
435,436,1,-0.16247366906423014,-0.0892051393252998,-0.9964306627612363,0.2947372628996598,838,2019-03-12,,0,3,1,1,22.9924503079177,1,0
436,437,1,0.3840353121778927,0.41426644657064815,-0.06548381980542649,0.7142889475433748,762,2019-03-13,,0,3,2,1,22.22632878824237,1,0
437,438,1,0.42402377421999937,0.45110583090449763,-0.8532080715372655,-1.0058729594958566,997,2019-03-14,,0,3,3,1,24.45257464224404,1,0
438,439,1,0.344046850135786,0.3528674726808984,-0.35192900225336793,-0.5233885221555845,1005,2019-03-15,,0,3,4,1,24.521667588204817,1,0
439,440,2,-0.32242751723265684,-0.23656267666069905,1.5099646836582514,-1.0268505437280426,548,2019-03-16,,0,3,5,0,19.739144572014773,1,0
440,441,2,0.10411607788314699,0.19323014056754903,0.9370743187623686,-1.068805712192414,3155,2019-03-17,,0,3,6,0,36.42335973292572,1,0
441,442,2,-0.12248520702212395,-0.0646455497694,1.2951307968222954,-0.8380522856383708,2207,2019-03-18,,0,3,0,1,32.23993117522535,1,0
442,443,1,0.2640699260515732,0.3528674726808984,0.7222404319264125,-0.3345902640659127,982,2019-03-19,,0,3,1,1,24.321990640981856,1,0
443,444,1,0.35737633748315506,0.38970685701474794,1.2951307968222954,-0.9219626225671138,1051,2019-03-20,,0,3,2,1,24.9117821253897,1,0
444,445,2,0.1974224893147289,0.24234931967934864,1.3667420924342808,-1.3624918914430144,1122,2019-03-21,,0,3,3,1,25.49148875343988,1,1
445,446,1,0.3173878754410484,0.3528674726808984,1.4383533880462662,-0.9639177910314851,1334,2019-03-22,,0,3,4,1,27.084633767702908,1,1
446,447,2,0.5839776223884255,0.5861835734619473,0.43579524947847104,-0.984895375263671,2469,2019-03-23,,0,3,5,0,33.50327082627061,1,1
447,448,2,0.0374686411463027,0.07043219278804959,1.8680211617181783,0.08496142057780232,1033,2019-03-24,,0,3,6,0,24.760554708315045,1,1
448,449,2,-0.32242751723265684,-0.22428288188274936,1.796409866106193,0.4835355209893316,1532,2019-03-25,,0,3,0,1,28.42198021121308,1,1
449,450,1,-0.2691095678431811,-0.22428288188274936,-1.0680419583732215,0.05659857723921558,795,2019-03-26,,0,3,1,1,22.565160043746044,1,1
450,451,1,-0.935583935211624,-0.9733503633376958,-2.4286565750009435,0.0010510836490592388,531,2019-03-27,,0,3,2,1,19.514527201180098,1,1
451,452,1,-0.06916725763264825,-0.02780616543555007,-1.0680419583732215,1.4694819799020618,674,2019-03-28,,0,3,3,1,21.27046662993764,1,1
452,453,1,-0.002519820895803961,0.04587260323214978,-1.354487140821163,1.8680560803135906,834,2019-03-29,,0,3,4,1,22.9533475969906,1,1
453,454,2,-0.6823236756116159,-0.6049565199991974,-0.35192900225336793,-0.6702316117808845,796,2019-03-30,,0,3,5,0,22.575275355986328,1,1
454,455,2,-0.3890749539695011,-0.3225212401063486,0.7938517275383978,0.9030872056330466,2301,2019-03-31,,0,3,6,0,32.704498267534206,1,1
455,456,2,-0.37574546662213204,-0.34708082966224885,0.3641839538664857,-0.20872475867279824,2347,2019-04-01,,0,4,0,1,32.92709295102222,1,1
456,457,1,-0.3357570045800254,-0.2856818557724991,-0.9248193671492508,1.7631681591526618,1208,2019-04-02,,0,4,1,1,26.16081191009388,1,1
457,458,1,-0.16247366906423014,-0.07692534454734967,-1.6409323232691044,-1.215648801817714,1348,2019-04-03,,0,4,2,1,27.183518099865907,1,1
458,459,1,0.25074043870420415,0.3651472674588481,-1.139653253985207,-0.08285925327968383,1058,2019-04-04,,0,4,3,1,24.97011169525292,1,1
459,460,1,-0.3357570045800254,-0.26112226621659884,-1.8557662101050605,0.46255793675714557,1192,2019-04-05,,0,4,4,1,26.03882734820673,1,1
460,461,1,-0.5090403400958207,-0.5189979565535479,-1.7841549144930753,1.5953474852951766,1807,2019-04-06,,0,4,5,0,30.094815653023783,1,1
461,462,1,-0.32242751723265684,-0.29796165055044876,-2.715101757448885,1.2387285533480181,3252,2019-04-07,,0,4,6,0,36.7997775228126,1,1
462,463,1,0.02413915379893366,0.10727157712189951,-2.500267870612929,0.6513561948468174,2230,2019-04-08,,0,4,0,1,32.35484071146578,1,1
463,464,1,-0.02917879559054158,0.009033218898299857,-2.2138226881649876,2.4134732703504205,905,2019-04-09,,0,4,1,1,23.62913328272585,1,1
464,465,1,-0.2691095678431811,-0.23656267666069905,-1.354487140821163,0.8821096214008606,819,2019-04-10,,0,4,2,1,22.805553072141805,1,1
465,466,1,-0.8022890617379353,-0.8382726207802467,-1.139653253985207,1.532414732598619,482,2019-04-11,,0,4,3,1,18.838101627313304,1,1
466,467,1,-0.5356993147905582,-0.531277751331498,-1.139653253985207,1.4694819799020618,663,2019-04-12,,0,4,4,1,21.1450566293808,1,1
467,468,1,-0.29576854253791873,-0.26112226621659884,-1.5693210276571192,-0.4394781852268414,1252,2019-04-13,,0,4,5,0,26.490637984525883,1,1
468,469,1,-0.002519820895803961,0.08271198756599928,-0.9248193671492508,0.06398383634561663,2795,2019-04-14,,0,4,6,0,34.95242433355225,1,1
469,470,1,0.6106365970831632,0.610743163017847,-0.8532080715372655,0.5464682736858887,2846,2019-04-15,,0,4,0,1,35.16844227782097,1,1
470,471,1,0.9172148060726469,0.8563390585768459,-0.49515159347733867,1.385571642973319,1198,2019-04-16,,0,4,1,1,26.08470277573263,1,1
471,472,1,0.6106365970831632,0.7581007003532463,-1.7125436188810899,1.2177509691158328,989,2019-04-17,,0,4,2,1,24.383099323185924,1,1
472,473,2,-0.1758031564115992,-0.10148493410324992,-0.4235402978653533,-0.2506799271371696,347,2019-04-18,,0,4,3,1,16.688844923276605,1,1
473,474,1,0.010809666451564611,0.1195513718998492,-0.13709511541741184,-1.6981332391579864,846,2019-04-19,,0,4,4,1,23.070272263845283,1,1
474,475,1,0.17076351461999129,0.2546291144572988,0.43579524947847104,-0.5233885221555845,1340,2019-04-20,,0,4,5,0,27.127099747302395,1,1
475,476,1,0.4106942868726303,0.41426644657064815,0.3641839538664857,1.364594058741133,2541,2019-04-21,,0,4,6,0,33.83417044797426,1,1
476,477,3,-0.5356993147905582,-0.5189979565535479,1.5099646836582514,2.224675012260749,120,2019-04-22,,0,4,0,1,11.076034853721117,1,1
477,478,2,-0.948913422558993,-1.0593089267833455,1.008685614374354,1.6373026537595479,195,2019-04-23,,0,4,1,1,13.413129686804044,1,1
478,479,1,-0.44239290335897635,-0.42075959832994825,-1.2828758452091777,0.8821096214008606,518,2019-04-24,,0,4,2,1,19.339400479441093,1,1
479,480,1,-0.10915571967475492,-0.02780616543555007,-1.4260984364331484,-0.9429402067992995,655,2019-04-25,,0,4,3,1,21.052947610251845,1,1
480,481,2,0.010809666451564611,0.058152398010099464,0.9370743187623686,-0.14579200597624087,475,2019-04-26,,0,4,4,1,18.73765940752585,1,1
481,482,1,-0.20246213110633682,-0.13832431843709941,-1.6409323232691044,2.2666301807251203,1014,2019-04-27,,0,4,5,0,24.598946471932145,1,1
482,483,2,-0.655664700916878,-0.5926767252212477,-0.9964306627612363,-0.7960971171739993,1120,2019-04-28,,0,4,6,0,25.47550963067842,1,1
483,484,1,-0.20246213110633682,-0.15060411321504952,-0.28031770664138256,-0.984895375263671,2229,2019-04-29,,0,4,0,1,32.34986163739344,1,1
484,485,2,-0.1758031564115992,-0.10148493410324992,-0.4235402978653533,-0.20872475867279824,665,2019-04-30,,0,4,1,1,21.167964329490268,1,1
485,486,2,0.6506250591252698,0.6353027525737468,0.22096136264251498,-0.41850060099465575,653,2019-05-01,,0,5,2,1,21.02979956969201,1,1
486,487,1,0.3707058248305241,0.38970685701474794,1.2235195012103102,-0.6912091960130706,667,2019-05-02,,0,5,3,1,21.19082469320521,1,1
487,488,2,0.35737633748315506,0.38970685701474794,1.008685614374354,-0.7331643644774419,764,2019-05-03,,0,5,4,1,22.247148230658432,1,1
488,489,1,0.7172724958621142,0.7089815212414466,0.7938517275383978,-0.3345902640659127,1069,2019-05-04,,0,5,5,0,25.061238508488632,1,1
489,490,2,0.6906135211673765,0.6721421369075967,0.9370743187623686,-0.4604557694590271,2496,2019-05-05,,0,5,6,0,33.628126344135325,1,1
490,491,2,0.3707058248305241,0.43882603612654797,0.7938517275383978,-0.5233885221555845,2135,2019-05-06,,0,5,0,1,31.87480202668813,1,1
491,492,2,0.22408146400946652,0.3283078831249982,0.22096136264251498,0.6303786106146317,1008,2019-05-07,,0,5,1,1,24.547479911540727,1,1
492,493,2,0.464012236262106,0.5125048047942474,0.43579524947847104,1.532414732598619,738,2019-05-08,,0,5,2,1,21.973512618913848,1,1
493,494,2,0.4373532615673684,0.48794521523834755,0.7938517275383978,0.4206027682927742,620,2019-05-09,,0,5,3,1,20.640614535393613,1,1
494,495,1,0.050798128493671275,0.10727157712189951,-0.566762889089324,1.784145743384848,1026,2019-05-10,,0,5,4,1,24.70125456902106,1,1
495,496,1,0.21075197666209747,0.27918870401319856,-1.927377505717046,0.7142889475433748,1319,2019-05-11,,0,5,5,0,26.97789098897785,1,1
496,497,1,0.3707058248305241,0.42654624134859787,-1.0680419583732215,-0.9009850383349282,2622,2019-05-12,,0,5,6,0,34.19881237702311,1,1
497,498,1,0.6372955717779013,0.6844219316855469,-0.35192900225336793,0.5464682736858887,2172,2019-05-13,,0,5,0,1,32.06347789586011,1,1
498,499,2,0.42402377421999937,0.4633856256824478,1.1519082055983247,0.37864759982840285,342,2019-05-14,,0,5,1,1,16.598909600257397,1,1
499,500,2,0.6372955717779013,0.6230229577957972,1.1519082055983247,-0.5443661063877702,625,2019-05-15,,0,5,2,1,20.70048331921915,1,1
500,501,1,0.7705904452515898,0.7458209055752966,0.5074065450904565,-0.9009850383349282,991,2019-05-16,,0,5,3,1,24.40050428477717,1,1
501,502,1,0.5306596729989503,0.5984633682398973,-0.7815967759252801,0.609401026382446,1242,2019-05-17,,0,5,4,1,26.41638624261,1,1
502,503,1,0.3707058248305241,0.4756654204603979,-0.7815967759252801,-0.6912091960130706,1521,2019-05-18,,0,5,5,0,28.35090951796885,1,1
503,504,1,0.5706481350410569,0.5616239839060474,-1.2112645495971923,-1.4464022283717575,3410,2019-05-19,,0,5,6,0,37.39671052696428,1,1
504,505,1,0.6772840338200075,0.6721421369075967,-0.7099854803132948,0.945042374097418,2704,2019-05-20,,0,5,0,1,34.560147535840194,1,1
505,506,2,0.5573186476936879,0.5616239839060474,1.2951307968222954,0.6513561948468174,630,2019-05-21,,0,5,1,1,20.760023587497308,1,1
506,507,2,0.6506250591252698,0.647582547351697,1.008685614374354,-0.9639177910314851,819,2019-05-22,,0,5,2,1,22.805553072141805,1,1
507,508,2,0.6906135211673765,0.6721421369075967,1.008685614374354,-1.1946712175855285,766,2019-05-23,,0,5,3,1,22.26793022158968,1,1
508,509,1,0.8772263440305403,0.8072198794650464,0.6506291363144272,-0.18774717444061256,1059,2019-05-24,,0,5,4,1,24.97842280304061,1,1
509,510,1,1.0105212175042289,0.9422976220224955,0.8654630231503833,-0.6492540275486989,1417,2019-05-25,,0,5,5,0,27.66082179810581,1,1
510,511,1,1.0771686542410732,1.0282561854681453,0.7222404319264125,0.16887175750654537,2855,2019-05-26,,0,5,6,0,35.20628611500822,1,1
511,512,1,1.0638391668937046,1.0282561854681453,0.5074065450904565,0.39962518406058856,3283,2019-05-27,Memorial Day,1,5,0,0,36.91844563898211,1,1
512,513,1,1.183804553020024,1.2615722862491943,0.3641839538664857,0.14789417327435933,2557,2019-05-28,,0,5,1,1,33.90682554992573,1,1
513,514,1,1.2371225024094998,1.2124531071373947,0.3641839538664857,1.532414732598619,880,2019-05-29,,0,5,2,1,23.395481867885813,1,1
514,515,2,0.8772263440305403,0.8440592637988963,0.29257265825450035,-0.7331643644774419,745,2019-05-30,,0,5,3,1,22.04782764273909,1,1
515,516,1,1.0105212175042289,0.9668572115783958,-0.9964306627612363,0.12691658904217365,1100,2019-05-31,,0,5,4,1,25.3146284579597,1,1
516,517,2,0.8638968566831717,0.819499674242996,0.9370743187623686,0.7142889475433748,533,2019-06-01,,0,6,5,0,19.541207179124484,1,1
517,518,1,0.4773417236094746,0.5616239839060474,-0.566762889089324,0.0010510836490592388,2795,2019-06-02,,0,6,6,0,34.95242433355225,1,1
518,519,1,0.5839776223884255,0.6230229577957972,-0.9964306627612363,-0.04090408481531211,2494,2019-06-03,,0,6,0,1,33.61890973357681,1,1
519,520,1,0.5573186476936879,0.6353027525737468,-0.9964306627612363,1.385571642973319,1071,2019-06-04,,0,6,1,1,25.077737645991387,1,1
520,521,2,0.25074043870420415,0.3160280883470485,-0.13709511541741184,0.3157148471318455,968,2019-06-05,,0,6,2,1,24.198868608451622,1,1
521,522,1,0.3173878754410484,0.41426644657064815,-0.13709511541741184,-1.5303125653005003,1027,2019-06-06,,0,6,3,1,24.7097430195284,1,1
522,523,1,0.5839776223884255,0.5861835734619473,-0.4235402978653533,-0.41850060099465575,1038,2019-06-07,,0,6,4,1,24.80274294696482,1,1
523,524,1,0.8372378819884341,0.7581007003532463,-1.139653253985207,-0.14579200597624087,1488,2019-06-08,,0,6,5,0,28.135553480540658,1,1
524,525,1,1.1704750656726555,1.065095569801995,-1.354487140821163,-0.5863212748521419,2708,2019-06-09,,0,6,6,0,34.57757972038729,1,1
525,526,1,1.2637814771042375,1.163333928025595,-0.6383741847013094,-0.7331643644774419,2224,2019-06-10,,0,6,0,1,32.324943194818445,1,1
526,527,2,1.2371225024094998,1.138774338469695,-0.28031770664138256,0.2947372628996598,1017,2019-06-11,,0,6,1,1,24.62460123505955,1,1
527,528,2,0.8638968566831717,0.7581007003532463,1.4383533880462662,0.39962518406058856,477,2019-06-12,,0,6,2,1,18.7664604919159,1,1
528,529,1,0.8772263440305403,0.8440592637988963,-0.35192900225336793,2.203697428028563,1173,2019-06-13,,0,6,3,1,25.89249905018776,1,1
529,530,1,0.8372378819884341,0.9177380324665957,-0.4235402978653533,0.945042374097418,1180,2019-06-14,,0,6,4,1,25.9465978400667,1,1
530,531,1,0.7839199325989584,0.7703804951311964,-0.28031770664138256,-0.14579200597624087,1563,2019-06-15,,0,6,5,0,28.620400318031457,1,1
531,532,1,0.7439314705568517,0.7335411107973465,-0.9248193671492508,-0.2716575113693556,2963,2019-06-16,,0,6,6,0,35.65414071945312,1,1
532,533,1,0.5306596729989503,0.5984633682398973,-0.20870641102939722,-0.5863212748521419,2634,2019-06-17,,0,6,0,1,34.252171664383866,1,1
533,534,2,0.39736479952526177,0.42654624134859787,1.0802969099863393,-0.1667695902084269,653,2019-06-18,,0,6,1,1,21.02979956969201,1,1
534,535,1,1.0505096795463356,1.1019349541358452,0.43579524947847104,-0.5443661063877702,968,2019-06-19,,0,6,2,1,24.198868608451622,1,1
535,536,1,1.5703596860937212,1.5071681818081932,-0.28031770664138256,-1.0268505437280426,872,2019-06-20,,0,6,3,1,23.31975019254273,1,1
536,537,1,1.6903250722200407,1.7036448982553924,-0.4235402978653533,-0.9429402067992995,778,2019-06-21,,0,6,4,1,22.3918448398277,1,3
537,538,1,1.5437007113989831,1.5317277713640933,-0.4235402978653533,-0.04090408481531211,964,2019-06-22,,0,6,5,0,24.163466118090938,1,3
538,539,1,1.2904404517989752,1.0896551593578951,-0.7099854803132948,-0.1038368375118695,2657,2019-06-23,,0,6,6,0,34.35397811153608,1,3
539,540,1,1.3570878885358193,1.2247329019153448,-1.0680419583732215,-0.5653436906199558,2551,2019-06-24,,0,6,0,1,33.879616628478686,1,3
540,541,1,1.2104635277147617,1.1019349541358452,-0.9248193671492508,1.5953474852951766,1139,2019-06-25,,0,6,1,1,25.626526703614285,1,3
541,542,1,0.7439314705568517,0.7335411107973465,-1.8557662101050605,2.2666301807251203,1077,2019-06-26,,0,6,2,1,25.12710825887398,1,3
542,543,1,1.1038276289358113,1.0159763906901953,-1.927377505717046,1.1967733848836468,1077,2019-06-27,,0,6,3,1,25.12710825887398,1,3
543,544,1,1.383746863230557,1.237012696693294,-1.4977097320451338,-0.20872475867279824,921,2019-06-28,,0,6,4,1,23.776349287746303,1,3
544,545,1,1.8502789203884675,1.912401409480541,-0.9964306627612363,-0.29263509560154133,829,2019-06-29,,0,6,5,0,22.904287393336155,1,3
545,546,1,1.4770532746621388,1.3106914653609938,-0.20870641102939722,-0.35556784829809834,1455,2019-06-30,,0,6,6,0,27.916886998988147,1,3
546,547,1,1.743643021609516,1.6913651034774424,-0.7815967759252801,-0.2506799271371696,1421,2019-07-01,,0,7,0,1,27.68799680573291,1,3
547,548,1,1.5570301987463522,1.396650028806644,-1.2828758452091777,0.12691658904217365,904,2019-07-02,,0,7,1,1,23.61987303617333,1,3
548,549,1,1.5570301987463522,1.396650028806644,-0.9964306627612363,-0.8380522856383708,1052,2019-07-03,,0,7,2,1,24.920131247830643,1,3
549,550,1,1.6103481481358275,1.580846950475893,-0.6383741847013094,-0.7331643644774419,2562,2019-07-04,Independence Day,1,7,3,0,33.92946612672132,1,3
550,551,1,1.8102904583463604,1.7650438721451422,-1.2112645495971923,0.10593900480998798,1405,2019-07-05,,0,7,4,1,27.57897888865059,1,3
551,552,1,1.8236199456937294,1.7036448982553924,-1.2828758452091777,-0.5653436906199558,1366,2019-07-06,,0,7,5,0,27.309622582638667,1,3
552,553,1,1.996903281209524,2.022919562482091,-0.9964306627612363,-0.313612679833727,1448,2019-07-07,,0,7,6,0,27.87006565125508,1,3
553,554,1,1.7836314836516232,1.9369609990364414,-0.4235402978653533,-0.8590298698705564,1203,2019-07-08,,0,7,0,1,26.12281173504856,1,3
554,555,2,1.1704750656726555,1.1019349541358452,0.3641839538664857,-0.08285925327968383,998,2019-07-09,,0,7,1,1,24.46123206538997,1,3
555,556,2,1.2371225024094998,1.163333928025595,0.29257265825450035,-0.48143335369121315,954,2019-07-10,,0,7,2,1,24.0745156716324,1,3
556,557,1,1.2104635277147617,1.077375364579945,0.006127475806558878,-0.48143335369121315,975,2019-07-11,,0,7,3,1,24.26058161887504,1,3
557,558,1,1.2104635277147617,1.1019349541358452,-0.7099854803132948,-0.5653436906199558,1032,2019-07-12,,0,7,4,1,24.752100215488632,1,3
558,559,2,1.2904404517989752,1.1878935175814944,-0.9964306627612363,-1.4883573968361288,1511,2019-07-13,,0,7,5,0,28.285992374238177,1,3
559,560,2,1.130486603630549,1.1756137228035444,0.5074065450904565,-0.6072988590843276,2355,2019-07-14,,0,7,6,0,32.96549803081797,1,3
560,561,1,1.3704173758831883,1.4212096183625431,0.6506291363144272,-0.2716575113693556,1920,2019-07-15,,0,7,0,1,30.73141732555984,1,3
561,562,1,1.4637237873147704,1.5317277713640933,0.07773877141854424,-0.313612679833727,1088,2019-07-16,,0,7,1,1,25.217131935362787,1,3
562,563,1,1.770301996304254,1.7282044878112919,-0.8532080715372655,-1.0058729594958566,921,2019-07-17,,0,7,2,1,23.776349287746303,1,3
563,564,1,1.6236776354831965,1.666805513921542,-0.35192900225336793,-0.6912091960130706,799,2019-07-18,,0,7,3,1,22.60556894823919,1,3
564,565,1,1.5037122493568769,1.4703287974743438,-0.20870641102939722,-0.29263509560154133,888,2019-07-19,,0,7,4,1,23.4707414916862,1,3
565,566,2,0.930544293420016,0.8563390585768459,1.5099646836582514,0.3157148471318455,747,2019-07-20,,0,7,5,0,22.06897224785361,1,3
566,567,3,0.5439891603463188,0.4633856256824478,1.7247985704942077,0.37864759982840285,1264,2019-07-21,,0,7,6,0,26.57920359220883,1,3
567,568,2,0.9438737807673846,0.9177380324665957,0.9370743187623686,-1.2995591387464571,2544,2019-07-22,,0,7,0,1,33.84781719869342,1,3
568,569,1,1.3437584011884502,1.322971260138944,0.43579524947847104,-0.6702316117808845,1135,2019-07-23,,0,7,1,1,25.594878439170262,1,3
569,570,1,1.397076350577926,1.4212096183625431,0.22096136264251498,0.3576700155962168,1140,2019-07-24,,0,7,2,1,25.634426822164684,1,3
570,571,1,1.2504519897568684,1.1019349541358452,-1.2828758452091777,-0.313612679833727,1383,2019-07-25,,0,7,3,1,27.42767611838279,1,3
571,572,1,1.5303712240516145,1.6299661295876926,-0.20870641102939722,1.385571642973319,1036,2019-07-26,,0,7,4,1,24.785884459991365,1,3
572,573,1,1.5570301987463522,1.5931267452538431,-0.28031770664138256,-0.4604557694590271,1259,2019-07-27,,0,7,5,0,26.54237183905966,1,3
573,574,1,1.4237353252726637,1.3720904392507436,-0.13709511541741184,-0.41850060099465575,2234,2019-07-28,,0,7,6,0,32.37474166505126,1,3
574,575,1,1.2371225024094998,1.1878935175814944,-0.06548381980542649,-0.22970234290498392,2153,2019-07-29,,0,7,0,1,31.96686882384164,1,3
575,576,1,1.2904404517989752,1.2861318758050946,0.29257265825450035,-0.4604557694590271,1040,2019-07-30,,0,7,1,1,24.819579107604213,1,3
576,577,1,1.183804553020024,1.151054133247645,0.5074065450904565,-0.29263509560154133,968,2019-07-31,,0,7,2,1,24.198868608451622,1,3
577,578,1,1.2104635277147617,1.1878935175814944,0.3641839538664857,-0.6282764433165132,1074,2019-08-01,,0,8,3,1,25.102446665060327,1,3
578,579,1,1.397076350577926,1.4334894131404934,0.22096136264251498,-0.7960971171739993,983,2019-08-02,,0,8,4,1,24.330738756661983,1,3
579,580,2,1.4770532746621388,1.5194479765861433,0.07773877141854424,0.4206027682927742,1328,2019-08-03,,0,8,5,0,27.04203621594156,1,3
580,581,1,1.6236776354831965,1.7036448982553924,-0.13709511541741184,0.9869975425617893,2345,2019-08-04,,0,8,6,0,32.91747761658201,1,3
581,582,1,1.4903827620095078,1.580846950475893,0.1493500670305296,1.4694819799020618,1707,2019-08-05,,0,8,0,1,29.50819368277907,1,3
582,583,2,1.397076350577926,1.4457692079184434,0.1493500670305296,-0.7960971171739993,1233,2019-08-06,,0,8,1,1,26.34920729073341,1,3
583,584,2,1.3170994264937126,1.3720904392507436,0.5074065450904565,-0.984895375263671,1278,2019-08-07,,0,8,2,1,26.68180223834004,1,3
584,585,2,1.397076350577926,1.4334894131404934,0.29257265825450035,-1.068805712192414,1263,2019-08-08,,0,8,3,1,26.57184526867777,1,3
585,586,1,1.4237353252726637,1.3843702340286936,-0.06548381980542649,-0.41850060099465575,1196,2019-08-09,,0,8,4,1,26.069428560801946,1,3
586,587,2,1.2104635277147617,1.1878935175814944,0.6506291363144272,0.7352665317755605,1065,2019-08-10,,0,8,5,0,25.02817643267656,1,3
587,588,2,1.0771686542410732,1.0036965959122452,0.7222404319264125,0.27375967866747414,2247,2019-08-11,,0,8,6,0,32.43925099318194,1,3
588,589,1,1.11715711628318,1.0405359802460956,-0.7099854803132948,-0.9009850383349282,2182,2019-08-12,,0,8,0,1,32.1140914645616,1,3
589,590,1,1.2371225024094998,1.151054133247645,-0.566762889089324,-0.7121867802452563,1207,2019-08-13,,0,8,1,1,26.153220541278685,1,3
590,591,1,1.2637814771042375,1.237012696693294,0.43579524947847104,-0.2506799271371696,1128,2019-08-14,,0,8,2,1,25.53930888594314,1,3
591,592,1,1.1571455783252864,1.1019349541358452,-0.06548381980542649,-0.22970234290498392,1198,2019-08-15,,0,8,3,1,26.08470277573263,1,3
592,593,1,1.2237930150621308,1.1019349541358452,-0.7815967759252801,-0.6282764433165132,1338,2019-08-16,,0,8,4,1,27.112958978368034,1,3
593,594,1,1.2504519897568684,-1.4277027701218439,-0.4235402978653533,0.6303786106146317,1483,2019-08-17,,0,8,5,0,28.1026380523727,1,3
594,595,1,0.9971917301568604,0.8808986481327458,-0.20870641102939722,-0.12481442174405517,2827,2019-08-18,,0,8,6,0,35.088278596241295,1,3
595,596,2,0.7705904452515898,0.7949400846870962,0.5790178407024418,-1.404447059907386,1208,2019-08-19,,0,8,0,1,26.16081191009388,1,3
596,597,2,0.7705904452515898,0.7458209055752966,0.7222404319264125,-0.7960971171739993,1026,2019-08-20,,0,8,1,1,24.70125456902106,1,3
597,598,1,0.8372378819884341,0.7826602899091465,0.29257265825450035,-1.5932453179970576,1081,2019-08-21,,0,8,2,1,25.1599169961,1,3
598,599,1,0.9438737807673846,0.905458237688646,0.3641839538664857,-1.6352004864614291,1094,2019-08-22,,0,8,3,1,25.265972139737386,1,3
599,600,1,1.0904981415884423,1.0036965959122452,0.07773877141854424,-1.4254246441395717,1363,2019-08-23,,0,8,4,1,27.28868486535421,1,3
600,601,2,1.130486603630549,1.065095569801995,-0.06548381980542649,-1.6142229022292434,1325,2019-08-24,,0,8,5,0,27.02068778695357,1,3
601,602,2,0.9038853187252784,0.8808986481327458,0.5790178407024418,0.8191768687043032,1829,2019-08-25,,0,8,6,0,30.22085947493377,1,3
602,603,2,0.8638968566831717,0.7458209055752966,1.5815759792702369,0.5884234421502603,1483,2019-08-26,,0,8,0,1,28.1026380523727,1,3
603,604,1,1.130486603630549,1.1019349541358452,0.7222404319264125,-0.817074701406185,989,2019-08-27,,0,8,1,1,24.383099323185924,1,3
604,605,1,1.277110964451606,1.1756137228035444,-0.06548381980542649,0.06398383634561663,935,2019-08-28,,0,8,2,1,23.903727107194022,1,3
605,606,1,1.037180192198967,0.9914168011342955,-0.566762889089324,-1.0478281279602282,1177,2019-08-29,,0,8,3,1,25.923439746275267,1,3
606,607,1,1.1571455783252864,1.0896551593578951,-0.28031770664138256,-1.5303125653005003,1172,2019-08-30,,0,8,4,1,25.88475254041041,1,3
607,608,1,1.4637237873147704,1.322971260138944,-0.28031770664138256,-0.2506799271371696,1433,2019-08-31,,0,8,5,0,27.76920745153941,1,3
608,609,2,1.4104058379252946,1.396650028806644,0.07773877141854424,-1.0268505437280426,2352,2019-09-01,,0,9,6,0,32.95110665659351,1,3
609,610,2,1.1038276289358113,1.065095569801995,1.3667420924342808,-1.719110823390172,2613,2019-09-02,Labor Day,1,9,0,0,34.15868258320773,1,3
610,611,1,1.1571455783252864,1.151054133247645,1.1519082055983247,-0.5024109379233989,1965,2019-09-03,,0,9,1,1,30.977756760975808,1,3
611,612,1,1.2637814771042375,1.2984116705830437,0.9370743187623686,0.6933113633111891,867,2019-09-04,,0,9,2,1,23.272174931155483,1,3
612,613,1,1.3170994264937126,1.4334894131404934,0.7938517275383978,0.022028667881244912,832,2019-09-05,,0,9,3,1,22.93374785581812,1,3
613,614,2,1.1038276289358113,1.1142147489137946,1.2951307968222954,-0.6282764433165132,611,2019-09-06,,0,9,4,1,20.532008489728483,1,3
614,615,1,1.130486603630549,1.1264945436917446,0.7938517275383978,-0.20872475867279824,1045,2019-09-07,,0,9,5,0,24.8615723058144,1,3
615,616,2,0.8905558313779094,0.8440592637988963,1.2235195012103102,1.3226388902767616,1557,2019-09-08,,0,9,6,0,28.582209054077072,1,3
616,617,1,0.6239660844305323,0.6353027525737468,-0.566762889089324,0.5254906894537029,2570,2019-09-09,,0,9,0,1,33.96562792209468,1,3
617,618,1,0.4773417236094746,0.5616239839060474,-0.9248193671492508,1.0079751267939754,1118,2019-09-10,,0,9,1,1,25.459510870448643,1,3
618,619,1,0.450682748914737,0.48794521523834755,-0.7815967759252801,-1.3205367229786429,1070,2019-09-11,,0,9,2,1,25.06949072861465,1,3
619,620,1,0.5706481350410569,0.5861835734619473,-0.35192900225336793,-0.7751195329418133,1050,2019-09-12,,0,9,3,1,24.903427537398773,1,3
620,621,1,0.6372955717779013,0.647582547351697,0.07773877141854424,-1.4673798126039432,1054,2019-09-13,,0,9,4,1,24.93681313110365,1,3
621,622,1,0.7572609579042208,0.7335411107973465,0.29257265825450035,-1.152716049121157,1379,2019-09-14,,0,9,5,0,27.399988997135072,1,3
622,623,1,0.6106365970831632,0.6844219316855469,-0.9248193671492508,0.8611320371686753,3160,2019-09-15,,0,9,6,0,36.44295582368335,1,3
623,624,1,0.464012236262106,0.5493441891280973,-0.4235402978653533,-1.3624918914430144,2166,2019-09-16,,0,9,0,1,32.03303278122349,1,3
624,625,2,0.464012236262106,0.48794521523834755,0.7222404319264125,-0.48143335369121315,1022,2019-09-17,,0,9,1,1,24.667243751090822,1,3
625,626,2,0.7039430085147456,0.5616239839060474,1.7247985704942077,2.4134732703504205,371,2019-09-18,,0,9,2,1,17.108551782074017,1,3
626,627,1,0.30405838809367985,0.40198665179269805,-0.6383741847013094,0.39962518406058856,788,2019-09-19,,0,9,3,1,22.494106672360417,1,3
627,628,1,0.27739941339894175,0.3528674726808984,-0.06548381980542649,-0.9639177910314851,939,2019-09-20,,0,9,4,1,23.93987961529972,1,3
628,629,1,0.5706481350410569,0.5984633682398973,0.29257265825450035,-0.4604557694590271,1250,2019-09-21,,0,9,5,0,26.475820354972843,1,3
629,630,1,0.8372378819884341,0.8317794690209461,0.1493500670305296,1.364594058741133,2512,2019-09-22,,0,9,6,0,33.70167699587485,1,3
630,631,1,0.18409300196735984,0.26690890923524846,-1.139653253985207,0.5254906894537029,2454,2019-09-23,,0,9,0,1,33.433500450638896,1,2
631,632,1,0.10411607788314699,0.16867055101164924,-0.9964306627612363,-0.6282764433165132,1001,2019-09-24,,0,9,1,1,24.48716858907611,1,2
632,633,1,0.30405838809367985,0.42654624134859787,-0.4235402978653533,0.6933113633111891,845,2019-09-25,,0,9,2,1,23.060572275179137,1,2
633,634,1,0.7572609579042208,0.7458209055752966,0.006127475806558878,0.8191768687043032,787,2019-09-26,,0,9,3,1,22.48392079563984,1,2
634,635,2,0.8372378819884341,0.819499674242996,0.43579524947847104,-0.7331643644774419,751,2019-09-27,,0,9,4,1,22.11114492952844,1,2
635,636,2,0.6772840338200075,0.6844219316855469,0.43579524947847104,-0.313612679833727,1045,2019-09-28,,0,9,5,0,24.8615723058144,1,2
636,637,1,0.25074043870420415,0.3405876779029483,-0.6383741847013094,0.5674458579180743,2589,2019-09-29,,0,9,6,0,34.05120297003666,1,2
637,638,1,0.17076351461999129,0.26690890923524846,-0.35192900225336793,-0.7331643644774419,2015,2019-09-30,,0,9,0,1,31.246958048252107,1,2
638,639,2,0.14410453992525318,0.23006952490139898,0.1493500670305296,-1.3415143072108289,763,2019-10-01,,0,10,1,1,22.23674320123708,1,2
639,640,3,0.5173301856515813,0.41426644657064815,1.7247985704942077,-1.152716049121157,315,2019-10-02,,0,10,2,1,16.09695195511669,1,2
640,641,2,0.8905558313779094,0.7703804951311964,1.1519082055983247,-1.6771556549258007,728,2019-10-03,,0,10,3,1,21.866502587988613,1,2
641,642,2,0.8905558313779094,0.819499674242996,0.6506291363144272,-0.9639177910314851,891,2019-10-04,,0,10,4,1,23.498843615826907,1,2
642,643,1,0.6506250591252698,0.647582547351697,0.006127475806558878,-1.1317384648889712,1516,2019-10-05,,0,10,5,0,28.318487761089763,1,2
643,644,1,0.3173878754410484,0.38970685701474794,0.22096136264251498,1.1548182164192755,3031,2019-10-06,,0,10,6,0,35.93039055237249,1,2
644,645,2,-0.44239290335897635,-0.3348010348842987,0.5790178407024418,-0.6282764433165132,781,2019-10-07,,0,10,0,1,22.422617844087025,1,2
645,646,2,-0.6156762388747715,-0.531277751331498,0.5790178407024418,0.043006252113430586,874,2019-10-08,,0,10,1,1,23.338727764136053,1,2
646,647,2,-0.2691095678431811,-0.22428288188274936,0.9370743187623686,0.06398383634561663,601,2019-10-09,,0,10,2,1,20.410036806996043,1,2
647,648,1,0.10411607788314699,0.18095034578959893,0.006127475806558878,0.022028667881244912,780,2019-10-10,,0,10,3,1,22.412369223523484,1,2
648,649,1,-0.3357570045800254,-0.26112226621659884,-1.2112645495971923,-0.06188166904749816,834,2019-10-11,,0,10,4,1,22.9533475969906,1,2
649,650,1,-0.32242751723265684,-0.24884247143864918,-0.6383741847013094,0.6933113633111891,1060,2019-10-12,,0,10,5,0,24.98672851478313,1,2
650,651,1,-0.5623582894852959,-0.5067181617755978,-0.9964306627612363,-0.5653436906199558,2252,2019-10-13,,0,10,6,0,32.46399392152524,1,2
651,652,1,0.14410453992525318,0.20550993534549872,0.07773877141854424,1.3016613060445754,2080,2019-10-14,Columbus Day,1,10,0,0,31.590136415848388,1,2
652,653,2,0.35737633748315506,0.40198665179269805,0.5790178407024418,1.532414732598619,760,2019-10-15,,0,10,1,1,22.20547172828547,1,2
653,654,1,-0.14914418171686158,-0.0892051393252998,-0.49515159347733867,-0.06188166904749816,922,2019-10-16,,0,10,2,1,23.78549169535159,1,2
654,655,1,-0.21579161845370587,-0.15060411321504952,0.43579524947847104,-1.1946712175855285,979,2019-10-17,,0,10,3,1,24.295709476094107,1,2
655,656,2,0.14410453992525318,0.23006952490139898,0.7222404319264125,0.7142889475433748,1008,2019-10-18,,0,10,4,1,24.547479911540727,1,2
656,657,2,0.3707058248305241,0.38970685701474794,1.3667420924342808,-0.7331643644774419,753,2019-10-19,,0,10,5,0,22.13217335515326,1,2
657,658,1,-0.06916725763264825,-0.015526370657599948,-0.4235402978653533,-0.9639177910314851,2806,2019-10-20,,0,10,6,0,34.99924433427182,1,2
658,659,1,-0.1758031564115992,-0.1137647288811996,-0.8532080715372655,-0.29263509560154133,2132,2019-10-21,,0,10,0,1,31.85940571132644,1,2
659,660,1,-0.042508282937910626,0.04587260323214978,-0.4235402978653533,-1.4673798126039432,830,2019-10-22,,0,10,1,1,22.914115682910097,1,2
660,661,1,0.2640699260515732,0.3405876779029483,0.07773877141854424,-1.2995591387464571,841,2019-10-23,,0,10,2,1,23.021693177184783,1,2
661,662,1,0.5040006983042127,0.5125048047942474,0.07773877141854424,-1.5932453179970576,795,2019-10-24,,0,10,3,1,22.565160043746044,1,2
662,663,2,0.30405838809367985,0.3405876779029483,1.2235195012103102,-0.8800074541027421,875,2019-10-25,,0,10,4,1,23.34820535085994,1,2
663,664,2,0.27739941339894175,0.2914684987911487,1.2951307968222954,-0.7541419487096277,1182,2019-10-26,,0,10,5,0,25.962014081259547,1,2
664,665,2,0.18409300196735984,0.2546291144572988,0.6506291363144272,0.6933113633111891,2643,2019-10-27,,0,10,6,0,34.29208150790856,1,2
665,666,2,-0.09582623232738587,-0.04008596021350019,0.43579524947847104,0.05659857723921558,998,2019-10-28,,0,10,0,1,24.46123206538997,1,2
666,667,3,-0.3090980298852878,-0.21200308710479926,1.796409866106193,2.4134732703504205,2,2019-10-29,,0,10,1,1,0.77386542450115,1,2
667,668,2,-0.9755723972537306,-1.0101897476715458,1.4383533880462662,0.37864759982840285,87,2019-10-30,,0,10,2,1,9.712008090554807,1,2
668,669,2,-0.7489711123484601,-0.690915083444847,0.29257265825450035,-0.2716575113693556,419,2019-10-31,,0,10,3,1,17.894959624667663,1,2
669,670,2,-0.7089826503063534,-0.6417959043330473,-0.35192900225336793,-0.41850060099465575,466,2019-11-01,,0,11,4,1,18.607012194336203,1,2
670,671,1,-0.762300599695829,-0.7277544677786969,-0.7815967759252801,1.112863047954904,618,2019-11-02,,0,11,5,0,20.616574036363005,1,2
671,672,2,-0.8289480364326732,-0.9242311842258962,-0.9964306627612363,1.1757958006514615,1029,2019-11-03,,0,11,6,0,24.72670288131952,1,2
672,673,1,-0.9222544478642551,-0.8873917998920463,-0.7099854803132948,-0.1038368375118695,1201,2019-11-04,,0,11,0,1,26.107581248216785,1,2
673,674,1,-0.9622429099063617,-1.0224695424494956,-0.9964306627612363,0.6933113633111891,378,2019-11-05,,0,11,1,1,17.227434939264338,1,2
674,675,1,-1.1755147074642636,-1.182106874562845,-0.4235402978653533,-0.18774717444061256,466,2019-11-06,,0,11,2,1,18.607012194336203,1,2
675,676,2,-1.0955377833800504,-1.2312260536746449,-0.566762889089324,1.6582802379917332,326,2019-11-07,,0,11,3,1,16.304894378972723,1,2
676,677,1,-0.7889595743905665,-0.8137130312243465,-2.142211392553002,2.2666301807251203,340,2019-11-08,,0,11,4,1,16.562682229548383,1,2
677,678,1,-0.7356416250010911,-0.7277544677786969,-0.6383741847013094,0.39962518406058856,709,2019-11-09,,0,11,5,0,21.660365122360343,1,2
678,679,1,-0.5756877768326649,-0.4944383669976481,0.1493500670305296,-1.803021160318915,2090,2019-11-10,,0,11,6,0,31.64227564714752,1,2
679,680,1,-0.4157339286642387,-0.3225212401063486,0.22096136264251498,-0.8380522856383708,2290,2019-11-11,Veterans Day,1,11,0,0,32.65081639940226,1,2
680,681,1,-0.05583777028527967,0.009033218898299857,0.7938517275383978,-0.18774717444061256,1097,2019-11-12,,0,11,1,1,25.29032317842781,1,2
681,682,2,-0.8289480364326732,-0.9242311842258962,0.22096136264251498,2.182719843796377,327,2019-11-13,,0,11,2,1,16.32355755891178,1,2
682,683,1,-1.122196758074788,-1.182106874562845,-0.566762889089324,0.18984934173873105,373,2019-11-14,,0,11,3,1,17.142674706414564,1,2
683,684,2,-0.948913422558993,-0.9242311842258962,-0.06548381980542649,-0.4604557694590271,320,2019-11-15,,0,11,4,1,16.192080315721185,1,2
684,685,1,-0.8289480364326732,-0.776873646890497,-0.7815967759252801,-0.20872475867279824,484,2019-11-16,,0,11,5,0,18.86661497048712,1,2
685,686,1,-0.935583935211624,-0.9119513894479461,-0.566762889089324,-0.1038368375118695,1313,2019-11-17,,0,11,6,0,26.934960083565056,1,2
686,687,1,-0.8422775237800421,-0.8382726207802467,0.43579524947847104,0.5884234421502603,922,2019-11-18,,0,11,0,1,23.78549169535159,1,2
687,688,2,-0.6290057262221403,-0.6049565199991974,-0.06548381980542649,0.672333779079003,449,2019-11-19,,0,11,1,1,18.3554199597908,1,2
688,689,2,-0.6689941882642468,-0.5803969304432977,0.3641839538664857,-1.4673798126039432,534,2019-11-20,,0,11,2,1,19.55452135311981,1,2
689,690,1,-0.7756300870431978,-0.6786352886668973,-0.13709511541741184,-1.1736936333533425,615,2019-11-21,,0,11,3,1,20.58041275201532,1,2
690,691,1,-0.8556070111274109,-0.7645938521125468,-0.35192900225336793,-1.886931497247658,955,2019-11-22,,0,11,4,1,24.083439491491674,1,2
691,692,1,-0.6956531629589846,-0.5926767252212477,-0.4235402978653533,-0.5443661063877702,1603,2019-11-23,,0,11,5,0,28.8724662121849,1,2
692,693,1,-1.1888441948116322,-1.390863385787994,-1.6409323232691044,2.686181865368835,532,2019-11-24,,0,11,6,0,19.527875813336856,1,2
693,694,1,-1.3621275303274274,-1.3294644118982444,-1.139653253985207,-0.5024109379233989,309,2019-11-25,,0,11,0,1,15.981416967663872,1,2
694,695,1,-1.0022313719484681,-0.8259928260022965,-0.6383741847013094,-1.9708418341764011,337,2019-11-26,,0,11,1,1,16.508065339839053,1,2
695,696,2,-1.1088672707274192,-1.182106874562845,1.1519082055983247,0.7142889475433748,123,2019-11-27,,0,11,2,1,11.18654214701248,1,2
696,697,1,-1.0822082960326815,-1.1329876954510452,-0.8532080715372655,0.33669243136403115,198,2019-11-28,Thanksgiving,1,11,3,0,13.492522771895828,1,2
697,698,1,-1.1755147074642636,-1.0838685163392454,-0.49515159347733867,-1.0058729594958566,243,2019-11-29,,0,11,4,1,14.59489077907138,1,2
698,699,1,-1.0822082960326815,-0.9242311842258962,0.1493500670305296,-1.803021160318915,362,2019-11-30,,0,11,5,0,16.953413106041463,1,2
699,700,2,-1.0822082960326815,-0.9733503633376958,1.2951307968222954,-1.7820435760867295,951,2019-12-01,,0,12,6,0,24.04770555071455,1,2
700,701,2,-0.8156185490853044,-0.7031948782227971,1.3667420924342808,-0.8800074541027421,892,2019-12-02,,0,12,0,1,23.508196527161665,1,2
701,702,1,-0.22912110580107442,-0.1137647288811996,1.008685614374354,-1.4673798126039432,555,2019-12-03,,0,12,1,1,19.83024151966261,1,2
702,703,1,-0.10915571967475492,-0.02780616543555007,0.7222404319264125,-0.1667695902084269,551,2019-12-04,,0,12,2,1,19.77828355037768,1,2
703,704,1,-0.3090980298852878,-0.2856818557724991,-1.0680419583732215,1.930988833010148,331,2019-12-05,,0,12,3,1,16.39782015107092,1,2
704,705,1,-1.308809580937952,-1.3294644118982444,-0.8532080715372655,-0.1667695902084269,340,2019-12-06,,0,12,4,1,16.562682229548383,1,2
705,706,2,-0.948913422558993,-0.9365109790038458,0.9370743187623686,-0.7751195329418133,349,2019-12-07,,0,12,5,0,16.724569505994513,1,2
706,707,2,-0.6290057262221403,-0.5189979565535479,2.011243752942149,-1.1946712175855285,1153,2019-12-08,,0,12,6,0,25.73669730813477,1,2
707,708,2,-0.6023467515274025,-0.5189979565535479,2.011243752942149,-0.39752301676247004,441,2019-12-09,,0,12,0,1,18.23475229815105,1,2
708,709,2,-0.32242751723265684,-0.23656267666069905,2.0828550485541344,0.06398383634561663,329,2019-12-10,,0,12,1,1,16.360766479833238,1,2
709,710,2,-0.7756300870431978,-0.8382726207802467,-0.20870641102939722,1.532414732598619,282,2019-12-11,,0,12,2,1,15.441504255893324,1,2
710,711,2,-1.0822082960326815,-1.0838685163392454,-0.6383741847013094,-0.3345902640659127,310,2019-12-12,,0,12,3,1,16.00077930607412,1,2
711,712,1,-1.0955377833800504,-1.1084281058951453,-0.9964306627612363,-0.1667695902084269,425,2019-12-13,,0,12,4,1,17.988824134122748,1,2
712,713,1,-1.1621852201168947,-1.1084281058951453,0.07773877141854424,-0.7751195329418133,429,2019-12-14,,0,12,5,0,18.05089523296844,1,2
713,714,1,-0.935583935211624,-0.8382726207802467,0.1493500670305296,-1.1317384648889712,767,2019-12-15,,0,12,6,0,22.27830722432233,1,2
714,715,2,-0.7223121376537223,-0.6417959043330473,1.5099646836582514,-1.215648801817714,538,2019-12-16,,0,12,0,1,19.60760721314577,1,2
715,716,2,-0.5623582894852959,-0.44531918788584807,2.011243752942149,-1.2366263860499,212,2019-12-17,,0,12,1,1,13.852465404533469,1,2
716,717,1,-0.46905187805371396,-0.39620000877404843,0.29257265825450035,0.4835355209893316,433,2019-12-18,,0,12,2,1,18.11256954035676,1,2
717,718,1,-0.8955954731695175,-0.8137130312243465,0.006127475806558878,-0.04090408481531211,333,2019-12-19,,0,12,3,1,16.434720152611323,1,2
718,719,2,-0.9089249605168863,-0.8505524155581964,0.29257265825450035,-0.7541419487096277,314,2019-12-20,,0,12,4,1,16.077801865580316,1,2
719,720,2,-0.9222544478642551,-1.0593089267833455,-0.49515159347733867,2.644226696904464,221,2019-12-21,,0,12,5,0,14.0753000626833,1,0
720,721,1,-1.2554916315484765,-1.4645421544556936,-1.354487140821163,0.05659857723921558,205,2019-12-22,,0,12,6,0,13.674607891314324,1,0
721,722,1,-1.3621275303274274,-1.3171846171202943,-0.7815967759252801,-0.7541419487096277,408,2019-12-23,,0,12,0,1,17.720445174069173,1,0
722,723,2,-1.4421044544116406,-1.3294644118982444,1.1519082055983247,-1.5303125653005003,174,2019-12-24,,0,12,1,1,12.832404849813082,1,0
723,724,2,-1.122196758074788,-1.1084281058951453,0.7222404319264125,-0.2506799271371696,440,2019-12-25,Christmas Day,1,12,2,0,18.21956326306046,1,0
724,725,3,-1.3754570176747962,-1.5627805126792933,1.3667420924342808,1.8261009118492193,9,2019-12-26,,0,12,3,1,3.157336502299259,1,0
725,726,2,-1.322139068285321,-1.5259411283454434,0.1493500670305296,2.3085853491894914,247,2019-12-27,,0,12,4,1,14.685846444919225,1,0
726,727,2,-1.322139068285321,-1.3417442066761942,-0.28031770664138256,-0.4394781852268414,644,2019-12-28,,0,12,5,0,20.92502563865085,1,0
727,728,2,-1.322139068285321,-1.4277027701218439,0.8654630231503833,-0.8800074541027421,159,2019-12-29,,0,12,6,0,12.387360302178706,1,0
728,729,1,-1.308809580937952,-1.4891017440115937,-1.0680419583732215,2.3085853491894914,364,2019-12-30,,0,12,0,1,16.988115687785964,1,0
729,730,2,-1.5354108658432224,-1.5382209231233934,-0.35192900225336793,-0.4394781852268414,439,2019-12-31,,0,12,1,1,18.20435046662348,1,0
