,registro,clima,temperatura,sens_termica,humedad,viento,registrados,fecha_nueva,festividad,festividad_1,año_bueno,estacion_correcta,mes_bueno,dia_semana_nuevo,no_laboral_nuevo
0,1,2,-0.8289480364326732,-0.6786352886668973,1.2951307968222954,-0.3765454325302844,654,2018-01-01,New Year's Day,1,2018,invierno,1,0,0
1,2,2,-0.7223121376537223,-0.7400342625566471,0.5074065450904565,0.8821096214008606,670,2018-01-02,,0,2018,invierno,1,1,1
2,3,1,-1.6420467646221735,-1.7469774343485425,-1.354487140821163,0.8611320371686753,1229,2018-01-03,,0,2018,invierno,1,2,1
3,4,1,-1.6153877899274358,-1.611899691791093,-0.28031770664138256,-0.3765454325302844,1454,2018-01-04,,0,2018,invierno,1,3,1
4,5,1,-1.4687634291063782,-1.5013815387895435,-1.354487140821163,0.0010510836490592388,1518,2018-01-05,,0,2018,invierno,1,4,1
5,6,1,-1.588728815232698,-1.4768219492336438,-0.7815967759252801,-1.3624918914430144,1518,2018-01-06,,0,2018,invierno,1,5,0
6,7,2,-1.6287172772748046,-1.636459281346993,-0.9248193671492508,-0.2506799271371696,1362,2018-01-07,,0,2018,invierno,1,6,0
7,8,2,-1.8020006127905996,-1.9188945612398418,-0.6383741847013094,1.1338406321870893,891,2018-01-08,,0,2018,invierno,1,0,1
8,9,1,-1.9486249736116572,-2.2013298411326905,-1.4260984364331484,2.4764060230469775,768,2018-01-09,,0,2018,invierno,1,1,1
9,10,1,-1.881977536874813,-1.9925733299075414,-1.0680419583732215,0.5254906894537029,1280,2018-01-10,,0,2018,invierno,1,2,1
10,11,2,-1.7886711254432308,-1.7346976395705926,0.43579524947847104,-0.9009850383349282,1220,2018-01-11,,0,2018,invierno,1,3,1
11,12,1,-1.7620121507484932,-1.9311743560177916,-0.20870641102939722,1.6582802379917332,1137,2018-01-12,,0,2018,invierno,1,4,1
12,13,1,-1.8020006127905996,-1.9925733299075414,-1.139653253985207,1.6163250695273617,1368,2018-01-13,,0,2018,invierno,1,5,0
13,14,1,-1.8286595874853375,-1.7592572291264923,-0.6383741847013094,-0.8380522856383708,1367,2018-01-14,,0,2018,invierno,1,6,0
14,15,2,-1.4287749670642718,-1.390863385787994,-0.9248193671492508,-0.39752301676247004,1026,2018-01-15,Martin Luther King Jr. Day,1,2018,invierno,1,0,0
15,16,1,-1.4421044544116406,-1.4768219492336438,-1.0680419583732215,0.022028667881244912,953,2018-01-16,,0,2018,invierno,1,1,1
16,17,2,-1.7486826634011243,-1.832935997794192,-0.6383741847013094,0.10593900480998798,883,2018-01-17,,0,2018,invierno,1,2,1
17,18,2,-1.5220813784958538,-1.4891017440115937,1.6531872748822223,-0.5653436906199558,674,2018-01-18,,0,2018,invierno,1,3,1
18,19,2,-1.1088672707274192,-1.0838685163392454,0.7938517275383978,0.3157148471318455,1572,2018-01-19,,0,2018,invierno,1,4,1
19,20,2,-1.2821506062432144,-1.3417442066761942,-0.6383741847013094,0.12691658904217365,1844,2018-01-20,,0,2018,invierno,1,5,0
20,21,1,-1.7353531760537553,-1.9434541507957415,-1.2112645495971923,2.350540517653863,1468,2018-01-21,,0,2018,invierno,1,6,0
21,22,1,-2.3884980560748295,-2.4223661471357896,-1.6409323232691044,-0.20872475867279824,888,2018-01-22,,0,2018,invierno,1,0,1
22,23,1,-2.1752262585169277,-2.31184799413424,-1.354487140821163,0.8401544529364892,836,2018-01-23,,0,2018,invierno,1,1,1
23,24,1,-2.1752262585169277,-2.189050046354741,-0.9964306627612363,-0.39752301676247004,1330,2018-01-24,,0,2018,invierno,1,2,1
24,25,2,-1.4820929164537473,-1.4768219492336438,-0.06548381980542649,-0.7960971171739993,1799,2018-01-25,,0,2018,invierno,1,3,1
25,26,3,-1.5220813784958538,-1.661018870902893,1.6531872748822223,1.511437148366433,472,2018-01-26,,0,2018,invierno,1,4,1
26,27,1,-1.6420467646221735,-1.5627805126792933,0.43579524947847104,-1.0268505437280426,416,2018-01-27,,0,2018,invierno,1,5,0
27,28,2,-1.6020583025800668,-1.5382209231233934,1.1519082055983247,-0.8800074541027421,1129,2018-01-28,,0,2018,invierno,1,6,0
28,29,1,-1.6287172772748046,-1.611899691791093,0.1493500670305296,-0.5863212748521419,975,2018-01-29,,0,2018,invierno,1,0,1
29,30,1,-1.5220813784958538,-1.3785835910100441,0.6506291363144272,-1.5722677337648718,956,2018-01-30,,0,2018,invierno,1,1,1
30,31,2,-1.7220236887063864,-1.7715370239044423,-0.20870641102939722,0.0010510836490592388,1459,2018-01-31,,0,2018,invierno,1,2,1
31,32,2,-1.6553762519695423,-1.4768219492336438,1.4383533880462662,-1.8659539130154725,1313,2018-02-01,,0,2018,invierno,2,3,1
32,33,2,-1.2821506062432144,-1.3540240014541443,1.0802969099863393,1.091885463722718,1454,2018-02-02,,0,2018,invierno,2,4,1
33,34,1,-1.6820352266642802,-1.820656203016242,-1.354487140821163,1.2806837218123903,1489,2018-02-03,,0,2018,invierno,2,5,0
34,35,2,-1.5487403531905914,-1.5136613335674935,-0.28031770664138256,-0.817074701406185,1620,2018-02-04,,0,2018,invierno,2,6,0
35,36,2,-1.4287749670642718,-1.415422975343894,2.15446634416612,-0.35556784829809834,905,2018-02-05,,0,2018,invierno,2,0,1
36,37,1,-1.148855732769526,-1.1207079006730953,-0.4235402978653533,-0.6282764433165132,1269,2018-02-06,,0,2018,invierno,2,1,1
37,38,1,-1.2288326568537389,-1.0470291320053957,0.7938517275383978,-1.991819418408587,1592,2018-02-07,,0,2018,invierno,2,2,1
38,39,1,-1.508751891148485,-1.6978582552367427,-0.6383741847013094,2.4764060230469775,1466,2018-02-08,,0,2018,invierno,2,3,1
39,40,2,-1.9752839483063949,-2.029412714241391,-0.9964306627612363,0.043006252113430586,1552,2018-02-09,,0,2018,invierno,2,4,1
40,41,1,-1.9219659989169193,-1.9925733299075414,-1.354487140821163,0.5045131052215173,1491,2018-02-10,,0,2018,invierno,2,5,0
41,42,1,-1.6687057393169111,-1.5996198970131432,-0.8532080715372655,-1.0897832964245997,1597,2018-02-11,,0,2018,invierno,2,6,0
42,43,1,-1.4954224038011161,-1.4891017440115937,-0.6383741847013094,0.23180451020310242,1184,2018-02-12,,0,2018,invierno,2,0,1
43,44,1,-0.9755723972537306,-0.9242311842258962,-1.2112645495971923,1.0499302952583467,1192,2018-02-13,,0,2018,invierno,2,1,1
44,45,1,-0.44239290335897635,-0.4698787774417483,-1.7841549144930753,0.05659857723921558,1705,2018-02-14,,0,2018,invierno,2,2,1
45,46,1,-1.2554916315484765,-1.3540240014541443,-2.2854339837769726,1.4694819799020618,1675,2018-02-15,,0,2018,invierno,2,3,1
46,47,1,-0.9755723972537306,-0.9733503633376958,-1.4977097320451338,0.9240647898652319,1897,2018-02-16,,0,2018,invierno,2,4,1
47,48,1,-0.32242751723265684,-0.2856818557724991,-0.9248193671492508,0.609401026382446,2216,2018-02-17,,0,2018,invierno,2,5,0
48,49,1,0.14410453992525318,0.23006952490139898,-0.7815967759252801,1.091885463722718,2348,2018-02-18,,0,2018,invierno,2,6,0
49,50,1,-0.5223698274431897,-0.5067181617755978,-0.010451029615941779,0.05659857723921558,1103,2018-02-19,Washington's Birthday,1,2018,invierno,2,0,0
50,51,1,-1.148855732769526,-1.2066664641187448,-1.5693210276571192,0.5254906894537029,1173,2018-02-20,,0,2018,invierno,2,1,1
51,52,2,-1.0555493213379437,-1.169827079784895,-0.20870641102939722,1.7002354064561052,912,2018-02-21,,0,2018,invierno,2,2,1
52,53,1,-1.7086942013590178,-1.7715370239044423,-0.35192900225336793,0.12691658904217365,1376,2018-02-22,,0,2018,invierno,2,3,1
53,54,1,-1.4954224038011161,-1.403143180565944,-1.4977097320451338,-1.2995591387464571,1778,2018-02-23,,0,2018,invierno,2,4,1
54,55,2,-1.0955377833800504,-1.1329876954510452,0.5074065450904565,0.9030872056330466,1707,2018-02-24,,0,2018,invierno,2,5,0
55,56,2,-0.7223121376537223,-0.7645938521125468,0.5790178407024418,2.2456525964929344,1341,2018-02-25,,0,2018,invierno,2,6,0
56,57,1,-1.1621852201168947,-1.182106874562845,-0.6383741847013094,0.0010510836490592388,1545,2018-02-26,,0,2018,invierno,2,0,1
57,58,1,-0.8289480364326732,-0.7523140573345967,0.3641839538664857,-0.8590298698705564,1708,2018-02-27,,0,2018,invierno,2,1,1
58,59,2,-0.482381365401083,-0.45759898266379817,1.796409866106193,1.4485043956698755,1365,2018-02-28,,0,2018,invierno,2,2,1
59,60,1,-1.2554916315484765,-1.2926250275643947,-0.6383741847013094,0.4206027682927742,1714,2018-03-01,,0,2018,invierno,3,3,1
60,61,1,-0.8822659858221487,-0.948790773781796,-1.2828758452091777,1.7002354064561052,1903,2018-03-02,,0,2018,invierno,3,4,1
61,62,1,-1.6287172772748046,-1.6855784604587927,-2.2138226881649876,0.5464682736858887,1562,2018-03-03,,0,2018,invierno,3,5,0
62,63,2,-1.2821506062432144,-1.3417442066761942,-0.13709511541741184,0.23180451020310242,1730,2018-03-04,,0,2018,invierno,3,6,0
63,64,2,-0.6023467515274025,-0.5926767252212477,1.1519082055983247,0.9240647898652319,1437,2018-03-05,,0,2018,invierno,3,0,1
64,65,2,-0.655664700916878,-0.6663554938889472,2.2976889353900907,2.203697428028563,491,2018-03-06,,0,2018,invierno,3,1,1
65,66,1,-1.2821506062432144,-1.4522623596777438,-0.566762889089324,2.182719843796377,1628,2018-03-07,,0,2018,invierno,3,2,1
66,67,1,-1.1088672707274192,-1.0593089267833455,-1.4977097320451338,-0.9219626225671138,1817,2018-03-08,,0,2018,invierno,3,3,1
67,68,2,-1.0955377833800504,-1.157547285006945,1.0802969099863393,0.4835355209893316,1700,2018-03-09,,0,2018,invierno,3,4,1
68,69,3,-0.5756877768326649,-0.5435575461094477,-0.010451029615941779,1.0499302952583467,577,2018-03-10,,0,2018,invierno,3,5,0
69,70,2,-0.9755723972537306,-1.0470291320053957,0.1493500670305296,0.6513561948468174,1730,2018-03-11,,0,2018,invierno,3,6,0
70,71,1,-0.9089249605168863,-0.9119513894479461,-0.28031770664138256,0.4835355209893316,1408,2018-03-12,,0,2018,invierno,3,0,1
71,72,1,-0.6023467515274025,-0.5803969304432977,-0.7099854803132948,1.1757958006514615,1435,2018-03-13,,0,2018,invierno,3,1,1
72,73,1,-0.935583935211624,-0.8751120051140961,-0.9248193671492508,-0.6912091960130706,1687,2018-03-14,,0,2018,invierno,3,2,1
73,74,2,-0.9755723972537306,-0.9610705685597459,0.22096136264251498,-0.04090408481531211,1767,2018-03-15,,0,2018,invierno,3,3,1
74,75,2,-0.7089826503063534,-0.6663554938889472,1.0802969099863393,0.23180451020310242,1871,2018-03-16,,0,2018,invierno,3,4,1
75,76,1,-0.44239290335897635,-0.39620000877404843,-0.20870641102939722,0.3157148471318455,2320,2018-03-17,,0,2018,invierno,3,5,0
76,77,1,0.23741095135683557,0.3283078831249982,-0.7099854803132948,0.6303786106146317,2355,2018-03-18,,0,2018,invierno,3,6,0
77,78,1,-0.12248520702212395,-0.052365754991449874,-1.7841549144930753,2.5603163599757206,1693,2018-03-19,,0,2018,invierno,3,0,1
78,79,1,-0.8955954731695175,-0.9119513894479461,-1.139653253985207,0.2947372628996598,1424,2018-03-20,,0,2018,invierno,3,1,1
79,80,2,-0.362415979274763,-0.39620000877404843,0.7938517275383978,1.4275268114376902,1676,2018-03-21,,0,2018,primavera,3,2,1
80,81,1,-0.29576854253791873,-0.21200308710479926,-0.06548381980542649,0.5464682736858887,2243,2018-03-22,,0,2018,primavera,3,3,1
81,82,2,-0.8156185490853044,-0.8382726207802467,1.5099646836582514,0.672333779079003,1918,2018-03-23,,0,2018,primavera,3,4,1
82,83,2,-1.148855732769526,-1.2557856432305448,1.2951307968222954,0.7981992844721179,1699,2018-03-24,,0,2018,primavera,3,5,0
83,84,1,-1.2688211188958454,-1.3417442066761942,-0.9248193671492508,0.6303786106146317,1910,2018-03-25,,0,2018,primavera,3,6,0
84,85,1,-1.2554916315484765,-1.3294644118982444,-1.7125436188810899,0.3157148471318455,1515,2018-03-26,,0,2018,primavera,3,0,1
85,86,2,-1.322139068285321,-1.3785835910100441,-0.9964306627612363,-0.04090408481531211,1221,2018-03-27,,0,2018,primavera,3,1,1
86,87,1,-1.2688211188958454,-1.3294644118982444,-2.357045279388958,0.3576700155962168,1806,2018-03-28,,0,2018,primavera,3,2,1
87,88,1,-1.0555493213379437,-1.1207079006730953,-2.2854339837769726,0.5674458579180743,2108,2018-03-29,,0,2018,primavera,3,3,1
88,89,2,-1.0688788086853125,-1.0838685163392454,0.1493500670305296,-0.18774717444061256,1368,2018-03-30,,0,2018,primavera,3,4,1
89,90,3,-1.2421621442011077,-1.3294644118982444,2.0828550485541344,0.4415803525249599,1506,2018-03-31,,0,2018,primavera,3,5,0
90,91,2,-1.0688788086853125,-1.169827079784895,0.43579524947847104,1.0079751267939754,1920,2018-04-01,,0,2018,primavera,4,6,0
91,92,2,-0.9889018846010994,-0.9733503633376958,0.1493500670305296,0.14789417327435933,1354,2018-04-02,,0,2018,primavera,4,0,1
92,93,1,-0.6423352135695092,-0.5926767252212477,-1.0680419583732215,-0.06188166904749816,1598,2018-04-03,,0,2018,primavera,4,1,1
93,94,1,0.42402377421999937,0.41426644657064815,-1.4260984364331484,0.05659857723921558,2381,2018-04-04,,0,2018,primavera,4,2,1
94,95,2,-0.44239290335897635,-0.4698787774417483,0.07773877141854424,0.05659857723921558,1628,2018-04-05,,0,2018,primavera,4,3,1
95,96,1,-0.5756877768326649,-0.531277751331498,-1.139653253985207,1.0709078794905327,2395,2018-04-06,,0,2018,primavera,4,4,1
96,97,1,-0.32242751723265684,-0.24884247143864918,-0.20870641102939722,-0.3345902640659127,2570,2018-04-07,,0,2018,primavera,4,5,0
97,98,2,-0.8689364984747796,-0.9242311842258962,1.5099646836582514,0.5674458579180743,1299,2018-04-08,,0,2018,primavera,4,6,0
98,99,2,-0.8422775237800421,-0.8137130312243465,1.796409866106193,-0.7541419487096277,1576,2018-04-09,,0,2018,primavera,4,0,1
99,100,2,-0.37574546662213204,-0.29796165055044876,1.6531872748822223,-0.5653436906199558,1707,2018-04-10,,0,2018,primavera,4,1,1
100,101,2,0.5439891603463188,0.5616239839060474,0.6506291363144272,1.930988833010148,2493,2018-04-11,,0,2018,primavera,4,2,1
101,102,2,0.0374686411463027,0.1195513718998492,0.7938517275383978,1.2387285533480181,1777,2018-04-12,,0,2018,primavera,4,3,1
102,103,2,-0.4557223907063454,-0.34708082966224885,1.3667420924342808,0.9030872056330466,1953,2018-04-13,,0,2018,primavera,4,4,1
103,104,1,-0.14914418171686158,-0.07692534454734967,-0.6383741847013094,-1.068805712192414,2738,2018-04-14,,0,2018,primavera,4,5,0
104,105,1,-0.2691095678431811,-0.19972329232684913,0.29257265825450035,0.5674458579180743,2484,2018-04-15,,0,2018,primavera,4,6,0
105,106,3,-0.34908649192739444,-0.29796165055044876,1.8680211617181783,2.1617422595641913,674,2018-04-16,,0,2018,primavera,4,0,1
106,107,1,-0.21579161845370587,-0.17516370277094934,-1.0680419583732215,1.6373026537595479,2186,2018-04-17,,0,2018,primavera,4,1,1
107,108,1,0.09078659053577794,0.18095034578959893,-0.6383741847013094,-0.313612679833727,2760,2018-04-18,,0,2018,primavera,4,2,1
108,109,2,0.050798128493671275,0.0949917823439494,0.29257265825450035,-0.39752301676247004,2795,2018-04-19,,0,2018,primavera,4,3,1
109,110,1,0.5439891603463188,0.5493441891280973,-0.13709511541741184,0.7772217002399318,3331,2018-04-20,,0,2018,primavera,4,4,1
110,111,1,-0.20246213110633682,-0.12604452365914973,-1.5693210276571192,1.951966417242334,3444,2018-04-21,,0,2018,primavera,4,5,0
111,112,2,-0.8689364984747796,-0.9365109790038458,0.7222404319264125,0.46255793675714557,1506,2018-04-22,,0,2018,primavera,4,6,0
112,113,2,-0.18913264375896824,-0.15060411321504952,1.8680211617181783,0.6303786106146317,2574,2018-04-23,,0,2018,primavera,4,0,1
113,114,2,0.464012236262106,0.4756654204603979,1.2951307968222954,0.08496142057780232,2481,2018-04-24,,0,2018,primavera,4,1,1
114,115,1,0.6106365970831632,0.610743163017847,1.0802969099863393,-0.019926500583126436,3300,2018-04-25,,0,2018,primavera,4,2,1
115,116,1,0.7439314705568517,0.7335411107973465,0.7222404319264125,1.9729440014745194,3722,2018-04-26,,0,2018,primavera,4,3,1
116,117,2,0.6772840338200075,0.6230229577957972,1.5099646836582514,1.7631681591526618,3325,2018-04-27,,0,2018,primavera,4,4,1
117,118,2,0.6639545464726389,0.6353027525737468,0.5074065450904565,1.8890336645457766,3489,2018-04-28,,0,2018,primavera,4,5,0
118,119,1,0.0774571031884089,0.144110961455749,-1.2112645495971923,0.7562441160077465,3717,2018-04-29,,0,2018,primavera,4,6,0
119,120,1,-0.12248520702212395,-0.0646455497694,-0.9248193671492508,0.6933113633111891,3347,2018-04-30,,0,2018,primavera,4,0,1
120,121,2,-0.24245059314844347,-0.16288390799299965,0.9370743187623686,-1.1317384648889712,2213,2018-05-01,,0,2018,primavera,5,1,1
121,122,2,0.2907289007463108,0.3528674726808984,0.7222404319264125,-0.04090408481531211,3554,2018-05-02,,0,2018,primavera,5,2,1
122,123,2,0.6639545464726389,0.6598623421296471,0.5074065450904565,2.203697428028563,3848,2018-05-03,,0,2018,primavera,5,3,1
123,124,2,-0.44239290335897635,-0.43303939310789835,0.7938517275383978,1.9939215857067054,2378,2018-05-04,,0,2018,primavera,5,4,1
124,125,1,-0.20246213110633682,-0.19972329232684913,-1.354487140821163,1.532414732598619,3819,2018-05-05,,0,2018,primavera,5,5,0
125,126,1,-0.09582623232738587,-0.003246575879650264,-0.28031770664138256,0.5884234421502603,3714,2018-05-06,,0,2018,primavera,5,6,0
126,127,1,0.1307750525778846,0.23006952490139898,-0.6383741847013094,-0.35556784829809834,3102,2018-05-07,,0,2018,primavera,5,0,1
127,128,1,0.18409300196735984,0.26690890923524846,0.006127475806558878,-1.5722677337648718,2932,2018-05-08,,0,2018,primavera,5,1,1
128,129,1,0.1974224893147289,0.3160280883470485,-0.28031770664138256,-0.14579200597624087,3698,2018-05-09,,0,2018,primavera,5,2,1
129,130,1,0.1974224893147289,0.2914684987911487,-0.9964306627612363,-1.0058729594958566,4109,2018-05-10,,0,2018,primavera,5,3,1
130,131,1,0.25074043870420415,0.3283078831249982,0.006127475806558878,-0.9219626225671138,3632,2018-05-11,,0,2018,primavera,5,4,1
131,132,1,0.21075197666209747,0.3037482935690984,0.8654630231503833,0.043006252113430586,4169,2018-05-12,,0,2018,primavera,5,5,0
132,133,2,0.09078659053577794,0.1195513718998492,1.6531872748822223,-0.1038368375118695,3413,2018-05-13,,0,2018,primavera,5,6,0
133,134,2,0.14410453992525318,0.1563907562336991,2.0828550485541344,-0.7331643644774419,2507,2018-05-14,,0,2018,primavera,5,0,1
134,135,2,0.3707058248305241,0.3774270622367982,1.7247985704942077,-0.48143335369121315,2971,2018-05-15,,0,2018,primavera,5,1,1
135,136,1,0.450682748914737,0.4633856256824478,1.1519082055983247,-0.8380522856383708,3185,2018-05-16,,0,2018,primavera,5,2,1
136,137,2,0.35737633748315506,0.38970685701474794,1.5099646836582514,1.2806837218123903,3445,2018-05-17,,0,2018,primavera,5,3,1
137,138,2,0.30405838809367985,0.3283078831249982,1.7247985704942077,0.21082692597091673,3319,2018-05-18,,0,2018,primavera,5,4,1
138,139,2,0.1974224893147289,0.21778973012344885,1.4383533880462662,-1.0897832964245997,3840,2018-05-19,,0,2018,primavera,5,5,0
139,140,1,0.22408146400946652,0.3405876779029483,0.6506291363144272,-0.8590298698705564,4008,2018-05-20,,0,2018,primavera,5,6,0
140,141,1,0.5839776223884255,0.5984633682398973,0.006127475806558878,-0.9219626225671138,3547,2018-05-21,,0,2018,primavera,5,0,1
141,142,1,0.5973071097357946,0.610743163017847,0.8654630231503833,-0.5443661063877702,3084,2018-05-22,,0,2018,primavera,5,1,1
142,143,2,0.7439314705568517,0.7089815212414466,1.2951307968222954,0.672333779079003,3438,2018-05-23,,0,2018,primavera,5,2,1
143,144,2,0.9038853187252784,0.7949400846870962,0.7938517275383978,0.2947372628996598,3833,2018-05-24,,0,2018,primavera,5,3,1
144,145,1,0.9038853187252784,0.868618853354796,0.5074065450904565,-0.4604557694590271,4238,2018-05-25,,0,2018,primavera,5,4,1
145,146,1,1.1571455783252864,1.1019349541358452,0.3641839538664857,0.18984934173873105,3919,2018-05-26,,0,2018,primavera,5,5,0
146,147,1,1.023850704851598,1.0036965959122452,0.1493500670305296,0.7562441160077465,3808,2018-05-27,,0,2018,primavera,5,6,0
147,148,1,0.8772263440305403,0.8440592637988963,0.7222404319264125,0.609401026382446,2757,2018-05-28,Memorial Day,1,2018,primavera,5,0,0
148,149,1,0.9438737807673846,0.868618853354796,1.3667420924342808,0.37864759982840285,2433,2018-05-29,,0,2018,primavera,5,1,1
149,150,1,1.3037699391463442,1.2124531071373947,0.3641839538664857,-0.7751195329418133,2549,2018-05-30,,0,2018,primavera,5,2,1
150,151,1,1.5303712240516145,1.5440075661420427,0.07773877141854424,-1.0478281279602282,3309,2018-05-31,,0,2018,primavera,5,3,1
151,152,2,1.4637237873147704,1.5071681818081932,0.3641839538664857,0.2947372628996598,3461,2018-06-01,,0,2018,primavera,6,4,1
152,153,1,1.1971340403673931,1.0405359802460956,-2.357045279388958,1.4904595641342477,4232,2018-06-02,,0,2018,primavera,6,5,0
153,154,1,0.6772840338200075,0.6967017264634966,-1.9989888013290313,0.945042374097418,4414,2018-06-03,,0,2018,primavera,6,6,0
154,155,1,0.7572609579042208,0.7335411107973465,-1.2112645495971923,-0.8800074541027421,3473,2018-06-04,,0,2018,primavera,6,0,1
155,156,2,0.8372378819884341,0.868618853354796,0.1493500670305296,-0.6702316117808845,3221,2018-06-05,,0,2018,primavera,6,1,1
156,157,1,0.9971917301568604,0.905458237688646,-0.20870641102939722,-0.9009850383349282,3875,2018-06-06,,0,2018,primavera,6,2,1
157,158,1,1.1571455783252864,1.1142147489137946,-0.20870641102939722,0.022028667881244912,4070,2018-06-07,,0,2018,primavera,6,3,1
158,159,1,1.5303712240516145,1.5562873609199928,-0.06548381980542649,-0.6912091960130706,3725,2018-06-08,,0,2018,primavera,6,4,1
159,160,2,1.7036545595674097,1.740484282589242,-0.4235402978653533,-0.5233885221555845,3352,2018-06-09,,0,2018,primavera,6,5,0
160,161,1,1.4237353252726637,1.408929823584594,-0.20870641102939722,-0.6492540275486989,3771,2018-06-10,,0,2018,primavera,6,6,0
161,162,1,1.2504519897568684,1.2492924914712442,0.1493500670305296,-0.4394781852268414,3237,2018-06-11,,0,2018,primavera,6,0,1
162,163,1,1.0771686542410732,1.0405359802460956,0.8654630231503833,-0.313612679833727,2993,2018-06-12,,0,2018,primavera,6,1,1
163,164,1,0.7572609579042208,0.7826602899091465,-0.9964306627612363,1.6792578222239192,4157,2018-06-13,,0,2018,primavera,6,2,1
164,165,1,0.5973071097357946,0.7212613160193968,-0.8532080715372655,1.1548182164192755,4164,2018-06-14,,0,2018,primavera,6,3,1
165,166,1,0.7172724958621142,0.6967017264634966,-1.139653253985207,-0.2506799271371696,4411,2018-06-15,,0,2018,primavera,6,4,1
166,167,2,0.7306019832094832,0.7458209055752966,0.43579524947847104,0.27375967866747414,3222,2018-06-16,,0,2018,primavera,6,5,0
167,168,1,0.8372378819884341,0.7703804951311964,0.7938517275383978,-0.6072988590843276,3981,2018-06-17,,0,2018,primavera,6,6,0
168,169,1,1.1038276289358113,1.0405359802460956,0.29257265825450035,-0.9429402067992995,3312,2018-06-18,,0,2018,primavera,6,0,1
169,170,2,1.11715711628318,1.0528157750240448,0.29257265825450035,-1.1946712175855285,3105,2018-06-19,,0,2018,primavera,6,1,1
170,171,2,0.7572609579042208,0.7458209055752966,0.8654630231503833,-0.4394781852268414,3311,2018-06-20,,0,2018,primavera,6,2,1
171,172,2,1.0105212175042289,1.0036965959122452,1.008685614374354,-0.20872475867279824,4061,2018-06-21,,0,2018,verano,6,3,1
172,173,1,1.3037699391463442,1.3475308496948442,0.5790178407024418,-0.20872475867279824,3846,2018-06-22,,0,2018,verano,6,4,1
173,174,2,1.277110964451606,1.3475308496948442,0.5074065450904565,0.7352665317755605,4044,2018-06-23,,0,2018,verano,6,5,0
174,175,1,1.2504519897568684,1.1142147489137946,-0.4235402978653533,0.5045131052215173,4022,2018-06-24,,0,2018,verano,6,6,0
175,176,1,1.0904981415884423,1.0405359802460956,-1.0680419583732215,0.3157148471318455,3420,2018-06-25,,0,2018,verano,6,0,1
176,177,1,1.0105212175042289,1.0036965959122452,-0.8532080715372655,-1.2995591387464571,3385,2018-06-26,,0,2018,verano,6,1,1
177,178,2,1.023850704851598,1.0036965959122452,0.22096136264251498,-1.1107608806567855,3854,2018-06-27,,0,2018,verano,6,2,1
178,179,1,1.3570878885358193,1.335251054916894,0.006127475806558878,-0.5863212748521419,3916,2018-06-28,,0,2018,verano,6,3,1
179,180,1,1.277110964451606,1.1019349541358452,-0.9248193671492508,1.0499302952583467,4377,2018-06-29,,0,2018,verano,6,4,1
180,181,1,1.1038276289358113,1.0036965959122452,-1.4260984364331484,-0.019926500583126436,4488,2018-06-30,,0,2018,verano,6,5,0
181,182,1,1.2371225024094998,1.0896551593578951,-1.6409323232691044,-1.1736936333533425,4116,2018-07-01,,0,2018,verano,7,6,0
182,183,1,1.3304289138410816,1.1878935175814944,-1.354487140821163,-1.0058729594958566,2915,2018-07-02,,0,2018,verano,7,0,1
183,184,2,1.2104635277147617,1.1878935175814944,0.3641839538664857,0.5884234421502603,2367,2018-07-03,,0,2018,verano,7,1,1
184,185,2,1.2637814771042375,1.1756137228035444,0.07773877141854424,-1.4673798126039432,2978,2018-07-04,Independence Day,1,2018,verano,7,2,0
185,186,1,1.3704173758831883,1.3598106444727935,-0.28031770664138256,-0.8380522856383708,3634,2018-07-05,,0,2018,verano,7,3,1
186,187,1,1.2237930150621308,1.2984116705830437,0.7938517275383978,-0.5233885221555845,3845,2018-07-06,,0,2018,verano,7,4,1
187,188,1,1.397076350577926,1.2984116705830437,0.1493500670305296,-0.3765454325302844,3838,2018-07-07,,0,2018,verano,7,5,0
188,189,2,1.1704750656726555,1.2001733123594445,0.9370743187623686,0.5464682736858887,3348,2018-07-08,,0,2018,verano,7,6,0
189,190,1,1.3037699391463442,1.163333928025595,-0.13709511541741184,-0.2506799271371696,3348,2018-07-09,,0,2018,verano,7,0,1
190,191,1,1.3704173758831883,1.322971260138944,-0.35192900225336793,-0.04090408481531211,3138,2018-07-10,,0,2018,verano,7,1,1
191,192,1,1.4637237873147704,1.5685671556979428,0.07773877141854424,1.343616474508947,3363,2018-07-11,,0,2018,verano,7,2,1
192,193,1,1.6370071228305656,1.6299661295876926,-0.49515159347733867,0.18984934173873105,3596,2018-07-12,,0,2018,verano,7,3,1
193,194,1,1.3704173758831883,1.322971260138944,0.006127475806558878,-0.5653436906199558,3594,2018-07-13,,0,2018,verano,7,4,1
194,195,1,1.0105212175042289,0.9914168011342955,-1.0680419583732215,0.7562441160077465,4196,2018-07-14,,0,2018,verano,7,5,0
195,196,1,0.9172148060726469,0.9177380324665957,-0.28031770664138256,-0.06188166904749816,4220,2018-07-15,,0,2018,verano,7,6,0
196,197,1,1.0505096795463356,1.0036965959122452,-0.35192900225336793,0.3157148471318455,3505,2018-07-16,,0,2018,verano,7,0,1
197,198,1,1.2237930150621308,1.2001733123594445,-0.20870641102939722,0.8191768687043032,3296,2018-07-17,,0,2018,verano,7,1,1
198,199,1,1.3704173758831883,1.408929823584594,0.1493500670305296,0.4206027682927742,3617,2018-07-18,,0,2018,verano,7,2,1
199,200,1,1.5303712240516145,1.6790853086994921,0.1493500670305296,-0.7751195329418133,3789,2018-07-19,,0,2018,verano,7,3,1
200,201,1,1.4903827620095078,1.666805513921542,0.5790178407024418,-1.0268505437280426,3688,2018-07-20,,0,2018,verano,7,4,1
201,202,2,1.743643021609516,2.15799730503954,0.43579524947847104,0.5045131052215173,3152,2018-07-21,,0,2018,verano,7,5,0
202,203,1,1.9302558444726798,2.24395586848519,-0.35192900225336793,-0.7541419487096277,2825,2018-07-22,,0,2018,verano,7,6,0
203,204,1,1.9302558444726798,2.022919562482091,-0.9248193671492508,-0.7751195329418133,2298,2018-07-23,,0,2018,verano,7,0,1
204,205,1,1.8236199456937294,1.9615205885923415,-0.566762889089324,-0.2506799271371696,2556,2018-07-24,,0,2018,verano,7,1,1
205,206,1,1.3570878885358193,1.5071681818081932,0.9370743187623686,-1.3415143072108289,3272,2018-07-25,,0,2018,verano,7,2,1
206,207,1,1.5037122493568769,1.3598106444727935,-0.6383741847013094,0.18984934173873105,3840,2018-07-26,,0,2018,verano,7,3,1
207,208,1,1.5303712240516145,1.322971260138944,-1.6409323232691044,-0.04090408481531211,3901,2018-07-27,,0,2018,verano,7,4,1
208,209,1,1.5570301987463522,1.6299661295876926,-0.35192900225336793,-0.1038368375118695,3784,2018-07-28,,0,2018,verano,7,5,0
209,210,1,1.8769378950832045,1.912401409480541,-0.6383741847013094,-0.1667695902084269,3176,2018-07-29,,0,2018,verano,7,6,0
210,211,1,1.6903250722200407,1.5562873609199928,-1.139653253985207,-0.2506799271371696,2916,2018-07-30,,0,2018,verano,7,0,1
211,212,1,1.6903250722200407,1.5685671556979428,-1.0680419583732215,-0.313612679833727,2778,2018-07-31,,0,2018,verano,7,1,1
212,213,1,1.5037122493568769,1.408929823584594,-0.566762889089324,-0.41850060099465575,3537,2018-08-01,,0,2018,verano,8,2,1
213,214,1,1.5703596860937212,1.4334894131404934,-0.9964306627612363,0.27375967866747414,4044,2018-08-02,,0,2018,verano,8,3,1
214,215,2,1.2904404517989752,1.2615722862491943,0.22096136264251498,-0.7121867802452563,3107,2018-08-03,,0,2018,verano,8,4,1
215,216,2,1.1704750656726555,1.163333928025595,0.9370743187623686,0.14789417327435933,3777,2018-08-04,,0,2018,verano,8,5,0
216,217,1,1.1704750656726555,1.1142147489137946,0.006127475806558878,-0.019926500583126436,3843,2018-08-05,,0,2018,verano,8,6,0
217,218,2,1.2104635277147617,1.237012696693294,0.9370743187623686,0.5884234421502603,2773,2018-08-06,,0,2018,verano,8,0,1
218,219,1,1.3437584011884502,1.482608592252293,0.8654630231503833,0.21082692597091673,2487,2018-08-07,,0,2018,verano,8,1,1
219,220,1,1.4770532746621388,1.408929823584594,-0.28031770664138256,0.08496142057780232,3480,2018-08-08,,0,2018,verano,8,2,1
220,221,1,1.5303712240516145,1.5317277713640933,-0.4235402978653533,-0.5024109379233989,3695,2018-08-09,,0,2018,verano,8,3,1
221,222,1,1.4770532746621388,1.2861318758050946,-1.4977097320451338,0.18984934173873105,3896,2018-08-10,,0,2018,verano,8,4,1
222,223,1,1.2104635277147617,1.0896551593578951,-1.4977097320451338,-0.313612679833727,3980,2018-08-11,,0,2018,verano,8,5,0
223,224,1,1.1571455783252864,1.1019349541358452,-1.4977097320451338,-0.8590298698705564,3854,2018-08-12,,0,2018,verano,8,6,0
224,225,2,1.037180192198967,1.0528157750240448,0.7222404319264125,0.3576700155962168,2646,2018-08-13,,0,2018,verano,8,0,1
225,226,2,0.9838622428094913,0.9177380324665957,1.3667420924342808,0.5045131052215173,2482,2018-08-14,,0,2018,verano,8,1,1
226,227,1,0.930544293420016,0.868618853354796,0.5790178407024418,0.3157148471318455,3563,2018-08-15,,0,2018,verano,8,2,1
227,228,1,1.11715711628318,1.0528157750240448,-0.35192900225336793,0.6933113633111891,4004,2018-08-16,,0,2018,verano,8,3,1
228,229,1,1.2504519897568684,1.1756137228035444,-0.35192900225336793,-0.6072988590843276,4026,2018-08-17,,0,2018,verano,8,4,1
229,230,1,1.183804553020024,1.151054133247645,0.1493500670305296,0.6513561948468174,3166,2018-08-18,,0,2018,verano,8,5,0
230,231,2,1.037180192198967,0.9791370063563454,0.6506291363144272,-0.6702316117808845,3356,2018-08-19,,0,2018,verano,8,6,0
231,232,1,1.1038276289358113,1.065095569801995,0.29257265825450035,-1.152716049121157,3277,2018-08-20,,0,2018,verano,8,0,1
232,233,1,1.1704750656726555,1.237012696693294,1.008685614374354,0.8821096214008606,2624,2018-08-21,,0,2018,verano,8,1,1
233,234,1,1.0771686542410732,1.0036965959122452,-1.139653253985207,1.259706137580204,3925,2018-08-22,,0,2018,verano,8,2,1
234,235,1,0.7972494199463275,0.8072198794650464,-1.2112645495971923,-0.5653436906199558,4614,2018-08-23,,0,2018,verano,8,3,1
235,236,1,0.9705327554621227,0.9545774168004456,-0.20870641102939722,0.945042374097418,4181,2018-08-24,,0,2018,verano,8,4,1
236,237,2,1.023850704851598,1.0528157750240448,1.008685614374354,0.33669243136403115,3107,2018-08-25,,0,2018,verano,8,5,0
237,238,1,1.11715711628318,1.138774338469695,0.9370743187623686,-1.4464022283717575,3893,2018-08-26,,0,2018,verano,8,6,0
238,239,2,1.0105212175042289,0.9914168011342955,1.5815759792702369,2.665204281136649,889,2018-08-27,,0,2018,verano,8,0,1
239,240,1,1.1571455783252864,1.065095569801995,-0.49515159347733867,1.6582802379917332,2919,2018-08-28,,0,2018,verano,8,1,1
240,241,1,0.7705904452515898,0.819499674242996,-0.566762889089324,-0.3765454325302844,3905,2018-08-29,,0,2018,verano,8,2,1
241,242,1,0.7839199325989584,0.7335411107973465,-0.566762889089324,-0.8590298698705564,4429,2018-08-30,,0,2018,verano,8,3,1
242,243,1,0.8772263440305403,0.8440592637988963,-0.20870641102939722,-1.4464022283717575,4370,2018-08-31,,0,2018,verano,8,4,1
243,244,1,0.8772263440305403,0.8563390585768459,0.07773877141854424,-0.6282764433165132,4332,2018-09-01,,0,2018,verano,9,5,0
244,245,2,0.810578907293696,0.7949400846870962,0.7222404319264125,-0.6492540275486989,3852,2018-09-02,,0,2018,verano,9,6,0
245,246,1,0.9438737807673846,0.9791370063563454,0.6506291363144272,-0.019926500583126436,2549,2018-09-03,Labor Day,1,2018,verano,9,0,0
246,247,1,1.1704750656726555,1.1756137228035444,0.7938517275383978,0.27375967866747414,2419,2018-09-04,,0,2018,verano,9,1,1
247,248,2,0.9705327554621227,0.9300178272445458,1.1519082055983247,0.37864759982840285,2115,2018-09-05,,0,2018,verano,9,2,1
248,249,3,0.23741095135683557,0.2546291144572988,1.8680211617181783,2.203697428028563,2506,2018-09-06,,0,2018,verano,9,3,1
249,250,3,0.5706481350410569,0.42654624134859787,2.0828550485541344,-1.2576039702820856,1878,2018-09-07,,0,2018,verano,9,4,1
250,251,3,0.7572609579042208,0.5002250100162977,2.2260776397781052,0.08496142057780232,1689,2018-09-08,,0,2018,verano,9,5,0
251,252,2,0.8372378819884341,0.6353027525737468,1.9396324573301638,-0.8800074541027421,3127,2018-09-09,,0,2018,verano,9,6,0
252,253,1,0.9038853187252784,0.819499674242996,0.8654630231503833,-0.4604557694590271,3595,2018-09-10,,0,2018,verano,9,0,1
253,254,1,0.8638968566831717,0.8317794690209461,0.5790178407024418,-1.0058729594958566,3413,2018-09-11,,0,2018,verano,9,1,1
254,255,1,0.810578907293696,0.7826602899091465,0.43579524947847104,-1.3624918914430144,4023,2018-09-12,,0,2018,verano,9,2,1
255,256,1,0.8505673693358027,0.7949400846870962,0.5790178407024418,-0.6282764433165132,4062,2018-09-13,,0,2018,verano,9,3,1
256,257,1,0.9705327554621227,0.9300178272445458,0.5074065450904565,-0.2716575113693556,4138,2018-09-14,,0,2018,verano,9,4,1
257,258,2,0.450682748914737,0.48794521523834755,0.5790178407024418,1.1967733848836468,3231,2018-09-15,,0,2018,verano,9,5,0
258,259,2,-0.14914418171686158,-0.07692534454734967,-0.28031770664138256,-0.313612679833727,4018,2018-09-16,,0,2018,verano,9,6,0
259,260,2,-0.015849308243173005,0.02131301367624954,0.6506291363144272,0.043006252113430586,3077,2018-09-17,,0,2018,verano,9,0,1
260,261,1,0.06412761584104032,0.0949917823439494,0.5074065450904565,-0.1038368375118695,2921,2018-09-18,,0,2018,verano,9,1,1
261,262,2,0.2907289007463108,0.3405876779029483,0.43579524947847104,-0.48143335369121315,3848,2018-09-19,,0,2018,verano,9,2,1
262,263,2,0.35737633748315506,0.3528674726808984,1.796409866106193,-0.7331643644774419,3203,2018-09-20,,0,2018,verano,9,3,1
263,264,2,0.5439891603463188,0.4633856256824478,1.9396324573301638,-1.2576039702820856,3813,2018-09-21,,0,2018,verano,9,4,1
264,265,2,0.7306019832094832,0.48794521523834755,1.9396324573301638,-0.817074701406185,4240,2018-09-22,,0,2018,verano,9,5,0
265,266,2,0.6239660844305323,0.2914684987911487,2.440911526614061,-1.5093349810683148,2137,2018-09-23,,0,2018,otoño,9,6,0
266,267,2,0.6106365970831632,0.5493441891280973,1.6531872748822223,-1.5093349810683148,3647,2018-09-24,,0,2018,otoño,9,0,1
267,268,2,0.7572609579042208,0.5984633682398973,1.5099646836582514,-1.9079090814798438,3466,2018-09-25,,0,2018,otoño,9,1,1
268,269,2,0.8372378819884341,0.7089815212414466,1.5815759792702369,-1.068805712192414,3946,2018-09-26,,0,2018,otoño,9,2,1
269,270,2,0.7705904452515898,0.610743163017847,1.8680211617181783,-0.9639177910314851,3643,2018-09-27,,0,2018,otoño,9,3,1
270,271,2,0.7572609579042208,0.6230229577957972,1.5815759792702369,-0.5233885221555845,3427,2018-09-28,,0,2018,otoño,9,4,1
271,272,1,0.6639545464726389,0.610743163017847,0.5074065450904565,-0.18774717444061256,4186,2018-09-29,,0,2018,otoño,9,5,0
272,273,1,0.3707058248305241,0.42654624134859787,0.1493500670305296,0.27375967866747414,4372,2018-09-30,,0,2018,otoño,9,6,0
273,274,2,-0.46905187805371396,-0.3839202139960983,0.8654630231503833,1.4904595641342477,1949,2018-10-01,,0,2018,otoño,10,0,1
274,275,2,-0.762300599695829,-0.7891534416684466,1.1519082055983247,0.5045131052215173,2302,2018-10-02,,0,2018,otoño,10,1,1
275,276,2,-0.6023467515274025,-0.5067181617755978,0.9370743187623686,-1.4464022283717575,3240,2018-10-03,,0,2018,otoño,10,2,1
276,277,1,-0.06916725763264825,-0.015526370657599948,0.5790178407024418,0.27375967866747414,3970,2018-10-04,,0,2018,otoño,10,3,1
277,278,1,0.23741095135683557,0.3283078831249982,0.1493500670305296,-0.12481442174405517,4267,2018-10-05,,0,2018,otoño,10,4,1
278,279,1,-0.002519820895803961,0.03359280845419966,-0.06548381980542649,-0.7331643644774419,4126,2018-10-06,,0,2018,otoño,10,5,0
279,280,1,0.0774571031884089,0.18095034578959893,0.3641839538664857,-2.306483181891373,4036,2018-10-07,,0,2018,otoño,10,6,0
280,281,1,0.14410453992525318,0.24234931967934864,0.5074065450904565,-1.991819418408587,3174,2018-10-08,Columbus Day,1,2018,otoño,10,0,0
281,282,1,0.25074043870420415,0.3037482935690984,0.7222404319264125,-1.719110823390172,3114,2018-10-09,,0,2018,otoño,10,1,1
282,283,1,0.4106942868726303,0.41426644657064815,0.7222404319264125,-2.0337745868729584,3603,2018-10-10,,0,2018,otoño,10,2,1
283,284,2,0.3840353121778927,0.43882603612654797,1.2951307968222954,-0.6072988590843276,3896,2018-10-11,,0,2018,otoño,10,3,1
284,285,3,0.2640699260515732,0.26690890923524846,2.011243752942149,0.8611320371686753,2199,2018-10-12,,0,2018,otoño,10,4,1
285,286,2,0.5173301856515813,0.4756654204603979,1.9396324573301638,-0.6282764433165132,2623,2018-10-13,,0,2018,otoño,10,5,0
286,287,2,0.30405838809367985,0.3405876779029483,0.6506291363144272,0.5254906894537029,3115,2018-10-14,,0,2018,otoño,10,6,0
287,288,1,0.06412761584104032,0.144110961455749,-1.0680419583732215,1.0079751267939754,3318,2018-10-15,,0,2018,otoño,10,0,1
288,289,1,0.09078659053577794,0.18095034578959893,-0.9964306627612363,1.343616474508947,3293,2018-10-16,,0,2018,otoño,10,1,1
289,290,1,0.21075197666209747,0.21778973012344885,-0.35192900225336793,-0.14579200597624087,3857,2018-10-17,,0,2018,otoño,10,2,1
290,291,2,0.1974224893147289,0.2914684987911487,0.5074065450904565,-1.068805712192414,4111,2018-10-18,,0,2018,otoño,10,3,1
291,292,3,0.25074043870420415,0.24234931967934864,1.9396324573301638,0.7981992844721179,2170,2018-10-19,,0,2018,otoño,10,4,1
292,293,1,-0.10915571967475492,-0.052365754991449874,0.07773877141854424,0.05659857723921558,3724,2018-10-20,,0,2018,otoño,10,5,0
293,294,1,-0.37574546662213204,-0.3102414453283989,-0.4235402978653533,0.4835355209893316,3628,2018-10-21,,0,2018,otoño,10,6,0
294,295,1,-0.40240444131686964,-0.29796165055044876,0.006127475806558878,-1.3205367229786429,2809,2018-10-22,,0,2018,otoño,10,0,1
295,296,1,-0.40240444131686964,-0.3225212401063486,0.7938517275383978,-1.215648801817714,2762,2018-10-23,,0,2018,otoño,10,1,1
296,297,1,-0.1758031564115992,-0.10148493410324992,1.008685614374354,-0.9429402067992995,3488,2018-10-24,,0,2018,otoño,10,2,1
297,298,1,-0.13581469436949253,-0.0646455497694,-0.06548381980542649,-0.2716575113693556,3992,2018-10-25,,0,2018,otoño,10,3,1
298,299,2,-0.06916725763264825,-0.015526370657599948,0.6506291363144272,-0.5233885221555845,3490,2018-10-26,,0,2018,otoño,10,4,1
299,300,2,-0.13581469436949253,-0.10148493410324992,1.2951307968222954,0.16887175750654537,2419,2018-10-27,,0,2018,otoño,10,5,0
300,301,2,-0.8955954731695175,-0.9610705685597459,-0.28031770664138256,0.609401026382446,3291,2018-10-28,,0,2018,otoño,10,6,0
301,302,3,-1.322139068285321,-1.5136613335674935,1.796409866106193,2.3085853491894914,570,2018-10-29,,0,2018,otoño,10,0,1
302,303,1,-0.9622429099063617,-0.9365109790038458,-0.06548381980542649,-0.14579200597624087,2446,2018-10-30,,0,2018,otoño,10,1,1
303,304,1,-0.8556070111274109,-0.7277544677786969,0.5074065450904565,-1.1317384648889712,3307,2018-10-31,,0,2018,otoño,10,2,1
304,305,1,-0.5223698274431897,-0.4698787774417483,0.3641839538664857,-0.7121867802452563,3658,2018-11-01,,0,2018,otoño,11,3,1
305,306,1,-0.6423352135695092,-0.5189979565535479,0.6506291363144272,-1.4673798126039432,3816,2018-11-02,,0,2018,otoño,11,4,1
306,307,1,-0.482381365401083,-0.42075959832994825,0.5074065450904565,-0.6912091960130706,3656,2018-11-03,,0,2018,otoño,11,5,0
307,308,2,-0.5090403400958207,-0.43303939310789835,-0.06548381980542649,1.1967733848836468,3576,2018-11-04,,0,2018,otoño,11,6,0
308,309,1,-0.9222544478642551,-0.9242311842258962,-0.7815967759252801,0.043006252113430586,2770,2018-11-05,,0,2018,otoño,11,0,1
309,310,1,-0.8022890617379353,-0.690915083444847,0.7222404319264125,-1.3205367229786429,2697,2018-11-06,,0,2018,otoño,11,1,1
310,311,1,-0.5490288021379273,-0.45759898266379817,0.9370743187623686,-1.8239987445511008,3662,2018-11-07,,0,2018,otoño,11,2,1
311,312,1,-0.482381365401083,-0.3839202139960983,0.6506291363144272,-1.656178070693615,3829,2018-11-08,,0,2018,otoño,11,3,1
312,313,1,-0.5223698274431897,-0.39620000877404843,0.9370743187623686,-1.7400884076223582,3804,2018-11-09,,0,2018,otoño,11,4,1
313,314,2,-0.6290057262221403,-0.6172363147771476,1.2951307968222954,0.043006252113430586,2743,2018-11-10,,0,2018,otoño,11,5,0
314,315,1,-0.935583935211624,-1.0347493372274454,-1.2828758452091777,1.805123327617034,2928,2018-11-11,Veterans Day,1,2018,otoño,11,6,0
315,316,1,-0.762300599695829,-0.7154746730007472,-0.566762889089324,0.3576700155962168,2792,2018-11-12,Veterans Day (Observed),1,2018,otoño,11,0,0
316,317,1,-0.29576854253791873,-0.273402060994549,-1.2112645495971923,1.343616474508947,2713,2018-11-13,,0,2018,otoño,11,1,1
317,318,1,0.18409300196735984,0.3037482935690984,-0.28031770664138256,1.6792578222239192,3891,2018-11-14,,0,2018,otoño,11,2,1
318,319,2,0.18409300196735984,0.20550993534549872,0.43579524947847104,0.18984934173873105,3746,2018-11-15,,0,2018,otoño,11,3,1
319,320,3,-0.21579161845370587,-0.13832431843709941,2.15446634416612,-0.6912091960130706,1672,2018-11-16,,0,2018,otoño,11,4,1
320,321,2,-0.8422775237800421,-0.9242311842258962,-0.35192900225336793,1.6792578222239192,2914,2018-11-17,,0,2018,otoño,11,5,0
321,322,1,-1.21550316950637,-1.2435058484525947,-1.5693210276571192,-0.2506799271371696,3147,2018-11-18,,0,2018,otoño,11,6,0
322,323,1,-0.9089249605168863,-0.9242311842258962,-0.9248193671492508,0.5254906894537029,2720,2018-11-19,,0,2018,otoño,11,0,1
323,324,2,-0.1758031564115992,-0.10148493410324992,0.3641839538664857,0.0010510836490592388,2733,2018-11-20,,0,2018,otoño,11,1,1
324,325,3,-0.2557800804958125,-0.17516370277094934,2.011243752942149,-0.6912091960130706,2545,2018-11-21,,0,2018,otoño,11,2,1
325,326,3,-0.4290634160116073,-0.3225212401063486,2.369300231002076,-0.9429402067992995,1538,2018-11-22,Thanksgiving,1,2018,otoño,11,3,0
326,327,2,-0.29576854253791873,-0.273402060994549,0.9370743187623686,2.0988095068676342,2454,2018-11-23,,0,2018,otoño,11,4,1
327,328,1,-0.6689941882642468,-0.6295161095550973,-0.566762889089324,-0.2716575113693556,935,2018-11-24,,0,2018,otoño,11,5,0
328,329,1,-0.655664700916878,-0.5803969304432977,0.07773877141854424,-1.2366263860499,1697,2018-11-25,,0,2018,otoño,11,6,0
329,330,1,-0.655664700916878,-0.5435575461094477,0.3641839538664857,-1.656178070693615,1819,2018-11-26,,0,2018,otoño,11,0,1
330,331,1,-0.20246213110633682,-0.1137647288811996,0.5074065450904565,0.3157148471318455,2261,2018-11-27,,0,2018,otoño,11,1,1
331,332,1,0.0374686411463027,0.0949917823439494,0.7938517275383978,-0.6282764433165132,3614,2018-11-28,,0,2018,otoño,11,2,1
332,333,2,-0.20246213110633682,-0.13832431843709941,1.4383533880462662,1.0079751267939754,2818,2018-11-29,,0,2018,otoño,11,3,1
333,334,1,-0.935583935211624,-0.9979099528935959,-0.13709511541741184,1.1967733848836468,3425,2018-11-30,,0,2018,otoño,11,4,1
334,335,1,-1.0022313719484681,-1.0347493372274454,-0.7815967759252801,0.4835355209893316,3545,2018-12-01,,0,2018,otoño,12,5,0
335,336,1,-0.9889018846010994,-0.8751120051140961,0.006127475806558878,-1.1946712175855285,3672,2018-12-02,,0,2018,otoño,12,6,0
336,337,1,-1.0688788086853125,-1.0101897476715458,-0.13709511541741184,-1.2785815545142714,2908,2018-12-03,,0,2018,otoño,12,0,1
337,338,1,-0.8955954731695175,-0.7645938521125468,1.0802969099863393,-1.4464022283717575,2851,2018-12-04,,0,2018,otoño,12,1,1
338,339,2,-0.6023467515274025,-0.4944383669976481,1.4383533880462662,-1.7400884076223582,3578,2018-12-05,,0,2018,otoño,12,2,1
339,340,3,-0.1758031564115992,-0.1137647288811996,2.2976889353900907,0.6513561948468174,2468,2018-12-06,,0,2018,otoño,12,3,1
340,341,3,-0.46905187805371396,-0.45759898266379817,2.440911526614061,1.112863047954904,655,2018-12-07,,0,2018,otoño,12,4,1
341,342,1,-1.2554916315484765,-1.3417442066761942,-0.35192900225336793,0.7562441160077465,3172,2018-12-08,,0,2018,otoño,12,5,0
342,343,1,-1.122196758074788,-0.9610705685597459,0.5074065450904565,-1.4673798126039432,3359,2018-12-09,,0,2018,otoño,12,6,0
343,344,1,-1.202173682159001,-1.2803452327864444,-0.8532080715372655,0.6513561948468174,2688,2018-12-10,,0,2018,otoño,12,0,1
344,345,1,-1.508751891148485,-1.3540240014541443,-0.9964306627612363,-1.6771556549258007,2366,2018-12-11,,0,2018,otoño,12,1,1
345,346,1,-1.4021159923695339,-1.2557856432305448,0.29257265825450035,-1.719110823390172,3167,2018-12-12,,0,2018,otoño,12,2,1
346,347,1,-1.1621852201168947,-1.0593089267833455,-0.28031770664138256,-0.6492540275486989,3368,2018-12-13,,0,2018,otoño,12,3,1
347,348,2,-0.9755723972537306,-0.8382726207802467,0.22096136264251498,-1.7610659918545437,3562,2018-12-14,,0,2018,otoño,12,4,1
348,349,2,-0.40240444131686964,-0.3839202139960983,0.006127475806558878,1.1548182164192755,3528,2018-12-15,,0,2018,otoño,12,5,0
349,350,2,-0.655664700916878,-0.7031948782227971,-0.9248193671492508,1.0499302952583467,3399,2018-12-16,,0,2018,otoño,12,6,0
350,351,2,-1.2954800935905832,-1.3785835910100441,-0.49515159347733867,0.7981992844721179,2464,2018-12-17,,0,2018,otoño,12,0,1
351,352,1,-1.4021159923695339,-1.403143180565944,-0.28031770664138256,-0.22970234290498392,2211,2018-12-18,,0,2018,otoño,12,1,1
352,353,1,-1.202173682159001,-1.194386669340795,0.07773877141854424,-0.18774717444061256,3143,2018-12-19,,0,2018,otoño,12,2,1
353,354,2,-0.6023467515274025,-0.482158572219698,-0.20870641102939722,-1.7610659918545437,3534,2018-12-20,,0,2018,otoño,12,3,1
354,355,2,-0.362415979274763,-0.2856818557724991,1.6531872748822223,0.4835355209893316,2553,2018-12-21,,0,2018,invierno,12,4,1
355,356,2,-0.3890749539695011,-0.29796165055044876,0.9370743187623686,-1.9498642499442156,2841,2018-12-22,,0,2018,invierno,12,5,0
356,357,1,-0.6689941882642468,-0.5926767252212477,0.43579524947847104,1.2387285533480181,2046,2018-12-23,,0,2018,invierno,12,6,0
357,358,1,-1.0555493213379437,-1.0715887215612954,-0.6383741847013094,0.06398383634561663,856,2018-12-24,,0,2018,invierno,12,0,1
358,359,1,-1.202173682159001,-1.194386669340795,0.3641839538664857,-0.4394781852268414,451,2018-12-25,Christmas Day,1,2018,invierno,12,1,0
359,360,1,-0.948913422558993,-0.9733503633376958,-0.8532080715372655,0.7352665317755605,887,2018-12-26,,0,2018,invierno,12,2,1
360,361,2,-0.935583935211624,-0.8996715946699964,0.9370743187623686,0.022028667881244912,1059,2018-12-27,,0,2018,invierno,12,3,1
361,362,1,-1.0688788086853125,-1.194386669340795,-0.9248193671492508,1.511437148366433,2047,2018-12-28,,0,2018,invierno,12,4,1
362,363,1,-1.3487980429800588,-1.2926250275643947,-0.4235402978653533,-0.9429402067992995,2169,2018-12-29,,0,2018,invierno,12,5,0
363,364,1,-1.0022313719484681,-0.9610705685597459,0.07773877141854424,-0.7331643644774419,2508,2018-12-30,,0,2018,invierno,12,6,0
364,365,1,-0.46905187805371396,-0.37164041921814867,-0.06548381980542649,0.4835355209893316,1820,2018-12-31,,0,2018,invierno,12,0,1
365,366,1,-0.6823236756116159,-0.6049565199991974,0.43579524947847104,0.08496142057780232,1608,2019-01-01,New Year's Day,1,2019,invierno,1,1,0
366,367,1,-1.21550316950637,-1.3663037962320943,-1.7841549144930753,2.0148991699388916,1707,2019-01-02,,0,2019,invierno,1,2,1
367,368,1,-1.881977536874813,-2.1399308672429407,-1.354487140821163,2.518361191511349,2147,2019-01-03,,0,2019,invierno,1,3,1
368,369,2,-2.1219083091274524,-2.1767702515767904,-1.5693210276571192,-0.019926500583126436,2273,2019-01-04,,0,2019,invierno,1,4,1
369,370,1,-1.2554916315484765,-1.2066664641187448,-0.7815967759252801,-0.7960971171739993,3132,2019-01-05,,0,2019,invierno,1,5,0
370,371,1,-0.8822659858221487,-0.8259928260022965,-0.6383741847013094,-0.2716575113693556,3791,2019-01-06,,0,2019,invierno,1,6,0
371,372,1,-0.5623582894852959,-0.5189979565535479,-0.7099854803132948,-0.1667695902084269,3451,2019-01-07,,0,2019,invierno,1,0,1
372,373,1,-0.8689364984747796,-0.8259928260022965,-1.2112645495971923,0.06398383634561663,2826,2019-01-08,,0,2019,invierno,1,1,1
373,374,2,-1.4820929164537473,-1.390863385787994,0.5074065450904565,-1.2366263860499,2270,2019-01-09,,0,2019,invierno,1,2,1
374,375,1,-1.0155608592958372,-0.9610705685597459,0.1493500670305296,0.022028667881244912,3425,2019-01-10,,0,2019,invierno,1,3,1
375,376,2,-1.21550316950637,-1.182106874562845,1.5815759792702369,-0.7751195329418133,2085,2019-01-11,,0,2019,invierno,1,4,1
376,377,2,-0.6156762388747715,-0.5681171356653475,1.2235195012103102,-0.08285925327968383,3828,2019-01-12,,0,2019,invierno,1,5,0
377,378,1,-1.21550316950637,-1.3785835910100441,-0.8532080715372655,2.686181865368835,3040,2019-01-13,,0,2019,invierno,1,6,0
378,379,1,-1.7220236887063864,-1.7838168186823924,-1.2112645495971923,0.0010510836490592388,2160,2019-01-14,,0,2019,invierno,1,0,1
379,380,1,-1.8020006127905996,-1.9188945612398418,-1.4977097320451338,0.9030872056330466,2027,2019-01-15,,0,2019,invierno,1,1,1
380,381,1,-1.6687057393169111,-1.7469774343485425,-0.7815967759252801,0.6303786106146317,2081,2019-01-16,,0,2019,invierno,1,2,1
381,382,2,-0.6689941882642468,-0.6786352886668973,0.6506291363144272,2.2876077649573054,2808,2019-01-17,,0,2019,invierno,1,3,1
382,383,1,-1.0555493213379437,-1.2189462588966948,-1.354487140821163,0.05659857723921558,3267,2019-01-18,,0,2019,invierno,1,4,1
383,384,1,-1.6687057393169111,-1.7469774343485425,-0.9248193671492508,0.4835355209893316,3162,2019-01-19,,0,2019,invierno,1,5,0
384,385,2,-1.5220813784958538,-1.5627805126792933,-1.2828758452091777,0.23180451020310242,3048,2019-01-20,,0,2019,invierno,1,6,0
385,386,2,-1.7620121507484932,-1.8452157925721422,1.4383533880462662,0.5045131052215173,1234,2019-01-21,Martin Luther King Jr. Day,1,2019,invierno,1,0,0
386,387,2,-1.8153301001379687,-1.9188945612398418,1.2235195012103102,0.18984934173873105,1781,2019-01-22,,0,2019,invierno,1,1,1
387,388,2,-1.508751891148485,-1.415422975343894,2.011243752942149,-1.068805712192414,2287,2019-01-23,,0,2019,invierno,1,2,1
388,389,1,-0.8422775237800421,-0.7645938521125468,1.5099646836582514,-0.8800074541027421,3900,2019-01-24,,0,2019,invierno,1,3,1
389,390,1,-1.0955377833800504,-1.1084281058951453,0.07773877141854424,-0.35556784829809834,3803,2019-01-25,,0,2019,invierno,1,4,1
390,391,2,-0.8422775237800421,-0.7277544677786969,1.008685614374354,-1.5932453179970576,3831,2019-01-26,,0,2019,invierno,1,5,0
391,392,2,-0.3890749539695011,-0.3593606244401985,0.7938517275383978,2.203697428028563,3187,2019-01-27,,0,2019,invierno,1,6,0
392,393,1,-0.9755723972537306,-0.9119513894479461,-0.6383741847013094,0.33669243136403115,3248,2019-01-28,,0,2019,invierno,1,0,1
393,394,1,-1.1621852201168947,-1.2435058484525947,-2.2854339837769726,0.7562441160077465,2685,2019-01-29,,0,2019,invierno,1,1,1
394,395,1,-1.2421621442011077,-1.3049048223423445,-1.6409323232691044,0.4206027682927742,3498,2019-01-30,,0,2019,invierno,1,2,1
395,396,1,-0.5756877768326649,-0.5681171356653475,-1.4977097320451338,1.0499302952583467,4185,2019-01-31,,0,2019,invierno,1,3,1
396,397,1,-0.14914418171686158,-0.052365754991449874,-0.8532080715372655,0.043006252113430586,4275,2019-02-01,,0,2019,invierno,2,4,1
397,398,2,-0.5223698274431897,-0.4698787774417483,0.29257265825450035,0.0010510836490592388,3571,2019-02-02,,0,2019,invierno,2,5,0
398,399,1,-1.0022313719484681,-1.0101897476715458,-0.7099854803132948,-0.1038368375118695,3841,2019-02-03,,0,2019,invierno,2,6,0
399,400,2,-1.2688211188958454,-1.2435058484525947,1.0802969099863393,-0.9009850383349282,2448,2019-02-04,,0,2019,invierno,2,0,1
400,401,2,-1.2554916315484765,-1.2926250275643947,0.43579524947847104,-0.14579200597624087,2629,2019-02-05,,0,2019,invierno,2,1,1
401,402,1,-1.1621852201168947,-1.0961483111171952,-0.06548381980542649,-0.4604557694590271,3578,2019-02-06,,0,2019,invierno,2,2,1
402,403,1,-0.7756300870431978,-0.690915083444847,-0.9248193671492508,-0.5443661063877702,4176,2019-02-07,,0,2019,invierno,2,3,1
403,404,2,-1.308809580937952,-1.2803452327864444,0.6506291363144272,-0.7331643644774419,2693,2019-02-08,,0,2019,invierno,2,4,1
404,405,1,-1.2554916315484765,-1.3049048223423445,-0.49515159347733867,0.10593900480998798,3667,2019-02-09,,0,2019,invierno,2,5,0
405,406,2,-1.1755147074642636,-1.1084281058951453,-0.6383741847013094,-0.984895375263671,3604,2019-02-10,,0,2019,invierno,2,6,0
406,407,3,-1.4820929164537473,-1.624179486569043,0.7222404319264125,1.4485043956698755,1977,2019-02-11,,0,2019,invierno,2,0,1
407,408,1,-2.0152724103485014,-2.28728840457834,-1.2112645495971923,0.05659857723921558,1456,2019-02-12,,0,2019,invierno,2,1,1
408,409,1,-1.4954224038011161,-1.5136613335674935,-1.5693210276571192,-0.2716575113693556,3328,2019-02-13,,0,2019,invierno,2,2,1
409,410,2,-0.9622429099063617,-0.8628322103361464,-0.8532080715372655,-0.6282764433165132,3787,2019-02-14,,0,2019,invierno,2,3,1
410,411,1,-0.8022890617379353,-0.7523140573345967,-0.7099854803132948,-0.06188166904749816,4028,2019-02-15,,0,2019,invierno,2,4,1
411,412,2,-0.9755723972537306,-0.8873917998920463,0.8654630231503833,-1.3415143072108289,2931,2019-02-16,,0,2019,invierno,2,5,0
412,413,1,-0.8289480364326732,-0.7523140573345967,0.006127475806558878,0.27375967866747414,3805,2019-02-17,,0,2019,invierno,2,6,0
413,414,1,-0.8156185490853044,-0.7277544677786969,-0.7099854803132948,0.06398383634561663,2883,2019-02-18,Washington's Birthday,1,2019,invierno,2,0,0
414,415,2,-1.1755147074642636,-1.2803452327864444,-0.7815967759252801,0.945042374097418,2071,2019-02-19,,0,2019,invierno,2,1,1
415,416,1,-1.1755147074642636,-1.2312260536746449,-0.8532080715372655,0.5884234421502603,2627,2019-02-20,,0,2019,invierno,2,2,1
416,417,1,-1.1355262454221569,-1.0961483111171952,-0.28031770664138256,0.27375967866747414,3614,2019-02-21,,0,2019,invierno,2,3,1
417,418,1,-0.5490288021379273,-0.5067181617755978,-0.4235402978653533,0.672333779079003,4379,2019-02-22,,0,2019,invierno,2,4,1
418,419,1,-0.22912110580107442,-0.18744349754889944,-0.566762889089324,0.06398383634561663,4546,2019-02-23,,0,2019,invierno,2,5,0
419,420,2,-0.482381365401083,-0.39620000877404843,0.7938517275383978,0.7142889475433748,3241,2019-02-24,,0,2019,invierno,2,6,0
420,421,1,-1.122196758074788,-1.3417442066761942,-1.6409323232691044,0.05659857723921558,2415,2019-02-25,,0,2019,invierno,2,0,1
421,422,1,-1.1888441948116322,-1.2680654380084946,-1.5693210276571192,0.27375967866747414,2874,2019-02-26,,0,2019,invierno,2,1,1
422,423,1,-0.7089826503063534,-0.7154746730007472,-0.9964306627612363,1.1548182164192755,4069,2019-02-27,,0,2019,invierno,2,2,1
423,424,1,-0.7489711123484601,-0.7400342625566471,-1.6409323232691044,0.10593900480998798,4134,2019-02-28,,0,2019,invierno,2,3,1
424,425,1,-0.05583777028527967,0.009033218898299857,-0.06548381980542649,0.5674458579180743,4665,2019-03-01,,0,2019,invierno,3,4,1
425,426,2,-0.7756300870431978,-0.7031948782227971,0.22096136264251498,-0.5863212748521419,2948,2019-03-02,,0,2019,invierno,3,5,0
426,427,2,-0.44239290335897635,-0.37164041921814867,-0.06548381980542649,-0.35556784829809834,3110,2019-03-03,,0,2019,invierno,3,6,0
427,428,1,-0.9222544478642551,-1.0470291320053957,-1.6409323232691044,2.0778319226354482,2713,2019-03-04,,0,2019,invierno,3,0,1
428,429,1,-1.3754570176747962,-1.4277027701218439,-0.8532080715372655,0.5884234421502603,3130,2019-03-05,,0,2019,invierno,3,1,1
429,430,1,-1.2954800935905832,-1.3417442066761942,-1.2112645495971923,0.21082692597091673,3735,2019-03-06,,0,2019,invierno,3,2,1
430,431,1,-0.49571085274845156,-0.5435575461094477,-0.8532080715372655,2.2456525964929344,4484,2019-03-07,,0,2019,invierno,3,3,1
431,432,1,0.17076351461999129,0.3037482935690984,-0.4235402978653533,0.05659857723921558,4896,2019-03-08,,0,2019,invierno,3,4,1
432,433,2,-0.46905187805371396,-0.4698787774417483,-1.5693210276571192,0.05659857723921558,4122,2019-03-09,,0,2019,invierno,3,5,0
433,434,1,-1.1355262454221569,-1.2066664641187448,-1.9989888013290313,0.5464682736858887,3150,2019-03-10,,0,2019,invierno,3,6,0
434,435,1,-0.7356416250010911,-0.7031948782227971,-1.0680419583732215,0.5045131052215173,3253,2019-03-11,,0,2019,invierno,3,0,1
435,436,1,-0.16247366906423014,-0.0892051393252998,-0.9964306627612363,0.2947372628996598,4460,2019-03-12,,0,2019,invierno,3,1,1
436,437,1,0.3840353121778927,0.41426644657064815,-0.06548381980542649,0.7142889475433748,5085,2019-03-13,,0,2019,invierno,3,2,1
437,438,1,0.42402377421999937,0.45110583090449763,-0.8532080715372655,-1.0058729594958566,5315,2019-03-14,,0,2019,invierno,3,3,1
438,439,1,0.344046850135786,0.3528674726808984,-0.35192900225336793,-0.5233885221555845,5187,2019-03-15,,0,2019,invierno,3,4,1
439,440,2,-0.32242751723265684,-0.23656267666069905,1.5099646836582514,-1.0268505437280426,3830,2019-03-16,,0,2019,invierno,3,5,0
440,441,2,0.10411607788314699,0.19323014056754903,0.9370743187623686,-1.068805712192414,4681,2019-03-17,,0,2019,invierno,3,6,0
441,442,2,-0.12248520702212395,-0.0646455497694,1.2951307968222954,-0.8380522856383708,3685,2019-03-18,,0,2019,invierno,3,0,1
442,443,1,0.2640699260515732,0.3528674726808984,0.7222404319264125,-0.3345902640659127,5171,2019-03-19,,0,2019,invierno,3,1,1
443,444,1,0.35737633748315506,0.38970685701474794,1.2951307968222954,-0.9219626225671138,5042,2019-03-20,,0,2019,invierno,3,2,1
444,445,2,0.1974224893147289,0.24234931967934864,1.3667420924342808,-1.3624918914430144,5108,2019-03-21,,0,2019,primavera,3,3,1
445,446,1,0.3173878754410484,0.3528674726808984,1.4383533880462662,-0.9639177910314851,5537,2019-03-22,,0,2019,primavera,3,4,1
446,447,2,0.5839776223884255,0.5861835734619473,0.43579524947847104,-0.984895375263671,5893,2019-03-23,,0,2019,primavera,3,5,0
447,448,2,0.0374686411463027,0.07043219278804959,1.8680211617181783,0.08496142057780232,2339,2019-03-24,,0,2019,primavera,3,6,0
448,449,2,-0.32242751723265684,-0.22428288188274936,1.796409866106193,0.4835355209893316,3464,2019-03-25,,0,2019,primavera,3,0,1
449,450,1,-0.2691095678431811,-0.22428288188274936,-1.0680419583732215,0.05659857723921558,4763,2019-03-26,,0,2019,primavera,3,1,1
450,451,1,-0.935583935211624,-0.9733503633376958,-2.4286565750009435,0.0010510836490592388,4571,2019-03-27,,0,2019,primavera,3,2,1
451,452,1,-0.06916725763264825,-0.02780616543555007,-1.0680419583732215,1.4694819799020618,5024,2019-03-28,,0,2019,primavera,3,3,1
452,453,1,-0.002519820895803961,0.04587260323214978,-1.354487140821163,1.8680560803135906,5299,2019-03-29,,0,2019,primavera,3,4,1
453,454,2,-0.6823236756116159,-0.6049565199991974,-0.35192900225336793,-0.6702316117808845,4663,2019-03-30,,0,2019,primavera,3,5,0
454,455,2,-0.3890749539695011,-0.3225212401063486,0.7938517275383978,0.9030872056330466,3934,2019-03-31,,0,2019,primavera,3,6,0
455,456,2,-0.37574546662213204,-0.34708082966224885,0.3641839538664857,-0.20872475867279824,3694,2019-04-01,,0,2019,primavera,4,0,1
456,457,1,-0.3357570045800254,-0.2856818557724991,-0.9248193671492508,1.7631681591526618,4728,2019-04-02,,0,2019,primavera,4,1,1
457,458,1,-0.16247366906423014,-0.07692534454734967,-1.6409323232691044,-1.215648801817714,5424,2019-04-03,,0,2019,primavera,4,2,1
458,459,1,0.25074043870420415,0.3651472674588481,-1.139653253985207,-0.08285925327968383,5378,2019-04-04,,0,2019,primavera,4,3,1
459,460,1,-0.3357570045800254,-0.26112226621659884,-1.8557662101050605,0.46255793675714557,5265,2019-04-05,,0,2019,primavera,4,4,1
460,461,1,-0.5090403400958207,-0.5189979565535479,-1.7841549144930753,1.5953474852951766,4653,2019-04-06,,0,2019,primavera,4,5,0
461,462,1,-0.32242751723265684,-0.29796165055044876,-2.715101757448885,1.2387285533480181,3605,2019-04-07,,0,2019,primavera,4,6,0
462,463,1,0.02413915379893366,0.10727157712189951,-2.500267870612929,0.6513561948468174,2939,2019-04-08,,0,2019,primavera,4,0,1
463,464,1,-0.02917879559054158,0.009033218898299857,-2.2138226881649876,2.4134732703504205,4680,2019-04-09,,0,2019,primavera,4,1,1
464,465,1,-0.2691095678431811,-0.23656267666069905,-1.354487140821163,0.8821096214008606,5099,2019-04-10,,0,2019,primavera,4,2,1
465,466,1,-0.8022890617379353,-0.8382726207802467,-1.139653253985207,1.532414732598619,4380,2019-04-11,,0,2019,primavera,4,3,1
466,467,1,-0.5356993147905582,-0.531277751331498,-1.139653253985207,1.4694819799020618,4746,2019-04-12,,0,2019,primavera,4,4,1
467,468,1,-0.29576854253791873,-0.26112226621659884,-1.5693210276571192,-0.4394781852268414,5146,2019-04-13,,0,2019,primavera,4,5,0
468,469,1,-0.002519820895803961,0.08271198756599928,-0.9248193671492508,0.06398383634561663,4665,2019-04-14,,0,2019,primavera,4,6,0
469,470,1,0.6106365970831632,0.610743163017847,-0.8532080715372655,0.5464682736858887,4286,2019-04-15,,0,2019,primavera,4,0,1
470,471,1,0.9172148060726469,0.8563390585768459,-0.49515159347733867,1.385571642973319,5172,2019-04-16,,0,2019,primavera,4,1,1
471,472,1,0.6106365970831632,0.7581007003532463,-1.7125436188810899,1.2177509691158328,5702,2019-04-17,,0,2019,primavera,4,2,1
472,473,2,-0.1758031564115992,-0.10148493410324992,-0.4235402978653533,-0.2506799271371696,4020,2019-04-18,,0,2019,primavera,4,3,1
473,474,1,0.010809666451564611,0.1195513718998492,-0.13709511541741184,-1.6981332391579864,5719,2019-04-19,,0,2019,primavera,4,4,1
474,475,1,0.17076351461999129,0.2546291144572988,0.43579524947847104,-0.5233885221555845,5950,2019-04-20,,0,2019,primavera,4,5,0
475,476,1,0.4106942868726303,0.41426644657064815,0.3641839538664857,1.364594058741133,4083,2019-04-21,,0,2019,primavera,4,6,0
476,477,3,-0.5356993147905582,-0.5189979565535479,1.5099646836582514,2.224675012260749,907,2019-04-22,,0,2019,primavera,4,0,1
477,478,2,-0.948913422558993,-1.0593089267833455,1.008685614374354,1.6373026537595479,3019,2019-04-23,,0,2019,primavera,4,1,1
478,479,1,-0.44239290335897635,-0.42075959832994825,-1.2828758452091777,0.8821096214008606,5115,2019-04-24,,0,2019,primavera,4,2,1
479,480,1,-0.10915571967475492,-0.02780616543555007,-1.4260984364331484,-0.9429402067992995,5541,2019-04-25,,0,2019,primavera,4,3,1
480,481,2,0.010809666451564611,0.058152398010099464,0.9370743187623686,-0.14579200597624087,4551,2019-04-26,,0,2019,primavera,4,4,1
481,482,1,-0.20246213110633682,-0.13832431843709941,-1.6409323232691044,2.2666301807251203,5219,2019-04-27,,0,2019,primavera,4,5,0
482,483,2,-0.655664700916878,-0.5926767252212477,-0.9964306627612363,-0.7960971171739993,3100,2019-04-28,,0,2019,primavera,4,6,0
483,484,1,-0.20246213110633682,-0.15060411321504952,-0.28031770664138256,-0.984895375263671,4075,2019-04-29,,0,2019,primavera,4,0,1
484,485,2,-0.1758031564115992,-0.10148493410324992,-0.4235402978653533,-0.20872475867279824,4907,2019-04-30,,0,2019,primavera,4,1,1
485,486,2,0.6506250591252698,0.6353027525737468,0.22096136264251498,-0.41850060099465575,5087,2019-05-01,,0,2019,primavera,5,2,1
486,487,1,0.3707058248305241,0.38970685701474794,1.2235195012103102,-0.6912091960130706,5502,2019-05-02,,0,2019,primavera,5,3,1
487,488,2,0.35737633748315506,0.38970685701474794,1.008685614374354,-0.7331643644774419,5657,2019-05-03,,0,2019,primavera,5,4,1
488,489,1,0.7172724958621142,0.7089815212414466,0.7938517275383978,-0.3345902640659127,5227,2019-05-04,,0,2019,primavera,5,5,0
489,490,2,0.6906135211673765,0.6721421369075967,0.9370743187623686,-0.4604557694590271,4387,2019-05-05,,0,2019,primavera,5,6,0
490,491,2,0.3707058248305241,0.43882603612654797,0.7938517275383978,-0.5233885221555845,4224,2019-05-06,,0,2019,primavera,5,0,1
491,492,2,0.22408146400946652,0.3283078831249982,0.22096136264251498,0.6303786106146317,5265,2019-05-07,,0,2019,primavera,5,1,1
492,493,2,0.464012236262106,0.5125048047942474,0.43579524947847104,1.532414732598619,4990,2019-05-08,,0,2019,primavera,5,2,1
493,494,2,0.4373532615673684,0.48794521523834755,0.7938517275383978,0.4206027682927742,4097,2019-05-09,,0,2019,primavera,5,3,1
494,495,1,0.050798128493671275,0.10727157712189951,-0.566762889089324,1.784145743384848,5546,2019-05-10,,0,2019,primavera,5,4,1
495,496,1,0.21075197666209747,0.27918870401319856,-1.927377505717046,0.7142889475433748,5711,2019-05-11,,0,2019,primavera,5,5,0
496,497,1,0.3707058248305241,0.42654624134859787,-1.0680419583732215,-0.9009850383349282,4807,2019-05-12,,0,2019,primavera,5,6,0
497,498,1,0.6372955717779013,0.6844219316855469,-0.35192900225336793,0.5464682736858887,3946,2019-05-13,,0,2019,primavera,5,0,1
498,499,2,0.42402377421999937,0.4633856256824478,1.1519082055983247,0.37864759982840285,2501,2019-05-14,,0,2019,primavera,5,1,1
499,500,2,0.6372955717779013,0.6230229577957972,1.1519082055983247,-0.5443661063877702,4490,2019-05-15,,0,2019,primavera,5,2,1
500,501,1,0.7705904452515898,0.7458209055752966,0.5074065450904565,-0.9009850383349282,6433,2019-05-16,,0,2019,primavera,5,3,1
501,502,1,0.5306596729989503,0.5984633682398973,-0.7815967759252801,0.609401026382446,6142,2019-05-17,,0,2019,primavera,5,4,1
502,503,1,0.3707058248305241,0.4756654204603979,-0.7815967759252801,-0.6912091960130706,6118,2019-05-18,,0,2019,primavera,5,5,0
503,504,1,0.5706481350410569,0.5616239839060474,-1.2112645495971923,-1.4464022283717575,4884,2019-05-19,,0,2019,primavera,5,6,0
504,505,1,0.6772840338200075,0.6721421369075967,-0.7099854803132948,0.945042374097418,4425,2019-05-20,,0,2019,primavera,5,0,1
505,506,2,0.5573186476936879,0.5616239839060474,1.2951307968222954,0.6513561948468174,3729,2019-05-21,,0,2019,primavera,5,1,1
506,507,2,0.6506250591252698,0.647582547351697,1.008685614374354,-0.9639177910314851,5254,2019-05-22,,0,2019,primavera,5,2,1
507,508,2,0.6906135211673765,0.6721421369075967,1.008685614374354,-1.1946712175855285,4494,2019-05-23,,0,2019,primavera,5,3,1
508,509,1,0.8772263440305403,0.8072198794650464,0.6506291363144272,-0.18774717444061256,5711,2019-05-24,,0,2019,primavera,5,4,1
509,510,1,1.0105212175042289,0.9422976220224955,0.8654630231503833,-0.6492540275486989,5317,2019-05-25,,0,2019,primavera,5,5,0
510,511,1,1.0771686542410732,1.0282561854681453,0.7222404319264125,0.16887175750654537,3681,2019-05-26,,0,2019,primavera,5,6,0
511,512,1,1.0638391668937046,1.0282561854681453,0.5074065450904565,0.39962518406058856,3308,2019-05-27,Memorial Day,1,2019,primavera,5,0,0
512,513,1,1.183804553020024,1.2615722862491943,0.3641839538664857,0.14789417327435933,3486,2019-05-28,,0,2019,primavera,5,1,1
513,514,1,1.2371225024094998,1.2124531071373947,0.3641839538664857,1.532414732598619,4863,2019-05-29,,0,2019,primavera,5,2,1
514,515,2,0.8772263440305403,0.8440592637988963,0.29257265825450035,-0.7331643644774419,6110,2019-05-30,,0,2019,primavera,5,3,1
515,516,1,1.0105212175042289,0.9668572115783958,-0.9964306627612363,0.12691658904217365,6238,2019-05-31,,0,2019,primavera,5,4,1
516,517,2,0.8638968566831717,0.819499674242996,0.9370743187623686,0.7142889475433748,3594,2019-06-01,,0,2019,primavera,6,5,0
517,518,1,0.4773417236094746,0.5616239839060474,-0.566762889089324,0.0010510836490592388,5325,2019-06-02,,0,2019,primavera,6,6,0
518,519,1,0.5839776223884255,0.6230229577957972,-0.9964306627612363,-0.04090408481531211,5147,2019-06-03,,0,2019,primavera,6,0,1
519,520,1,0.5573186476936879,0.6353027525737468,-0.9964306627612363,1.385571642973319,5927,2019-06-04,,0,2019,primavera,6,1,1
520,521,2,0.25074043870420415,0.3160280883470485,-0.13709511541741184,0.3157148471318455,6033,2019-06-05,,0,2019,primavera,6,2,1
521,522,1,0.3173878754410484,0.41426644657064815,-0.13709511541741184,-1.5303125653005003,6028,2019-06-06,,0,2019,primavera,6,3,1
522,523,1,0.5839776223884255,0.5861835734619473,-0.4235402978653533,-0.41850060099465575,6456,2019-06-07,,0,2019,primavera,6,4,1
523,524,1,0.8372378819884341,0.7581007003532463,-1.139653253985207,-0.14579200597624087,6248,2019-06-08,,0,2019,primavera,6,5,0
524,525,1,1.1704750656726555,1.065095569801995,-1.354487140821163,-0.5863212748521419,4790,2019-06-09,,0,2019,primavera,6,6,0
525,526,1,1.2637814771042375,1.163333928025595,-0.6383741847013094,-0.7331643644774419,4374,2019-06-10,,0,2019,primavera,6,0,1
526,527,2,1.2371225024094998,1.138774338469695,-0.28031770664138256,0.2947372628996598,5647,2019-06-11,,0,2019,primavera,6,1,1
527,528,2,0.8638968566831717,0.7581007003532463,1.4383533880462662,0.39962518406058856,4495,2019-06-12,,0,2019,primavera,6,2,1
528,529,1,0.8772263440305403,0.8440592637988963,-0.35192900225336793,2.203697428028563,6248,2019-06-13,,0,2019,primavera,6,3,1
529,530,1,0.8372378819884341,0.9177380324665957,-0.4235402978653533,0.945042374097418,6183,2019-06-14,,0,2019,primavera,6,4,1
530,531,1,0.7839199325989584,0.7703804951311964,-0.28031770664138256,-0.14579200597624087,6102,2019-06-15,,0,2019,primavera,6,5,0
531,532,1,0.7439314705568517,0.7335411107973465,-0.9248193671492508,-0.2716575113693556,4739,2019-06-16,,0,2019,primavera,6,6,0
532,533,1,0.5306596729989503,0.5984633682398973,-0.20870641102939722,-0.5863212748521419,4344,2019-06-17,,0,2019,primavera,6,0,1
533,534,2,0.39736479952526177,0.42654624134859787,1.0802969099863393,-0.1667695902084269,4446,2019-06-18,,0,2019,primavera,6,1,1
534,535,1,1.0505096795463356,1.1019349541358452,0.43579524947847104,-0.5443661063877702,5857,2019-06-19,,0,2019,primavera,6,2,1
535,536,1,1.5703596860937212,1.5071681818081932,-0.28031770664138256,-1.0268505437280426,5339,2019-06-20,,0,2019,primavera,6,3,1
536,537,1,1.6903250722200407,1.7036448982553924,-0.4235402978653533,-0.9429402067992995,5127,2019-06-21,,0,2019,verano,6,4,1
537,538,1,1.5437007113989831,1.5317277713640933,-0.4235402978653533,-0.04090408481531211,4859,2019-06-22,,0,2019,verano,6,5,0
538,539,1,1.2904404517989752,1.0896551593578951,-0.7099854803132948,-0.1038368375118695,4801,2019-06-23,,0,2019,verano,6,6,0
539,540,1,1.3570878885358193,1.2247329019153448,-1.0680419583732215,-0.5653436906199558,4340,2019-06-24,,0,2019,verano,6,0,1
540,541,1,1.2104635277147617,1.1019349541358452,-0.9248193671492508,1.5953474852951766,5640,2019-06-25,,0,2019,verano,6,1,1
541,542,1,0.7439314705568517,0.7335411107973465,-1.8557662101050605,2.2666301807251203,6365,2019-06-26,,0,2019,verano,6,2,1
542,543,1,1.1038276289358113,1.0159763906901953,-1.927377505717046,1.1967733848836468,6258,2019-06-27,,0,2019,verano,6,3,1
543,544,1,1.383746863230557,1.237012696693294,-1.4977097320451338,-0.20872475867279824,5958,2019-06-28,,0,2019,verano,6,4,1
544,545,1,1.8502789203884675,1.912401409480541,-0.9964306627612363,-0.29263509560154133,4634,2019-06-29,,0,2019,verano,6,5,0
545,546,1,1.4770532746621388,1.3106914653609938,-0.20870641102939722,-0.35556784829809834,4232,2019-06-30,,0,2019,verano,6,6,0
546,547,1,1.743643021609516,1.6913651034774424,-0.7815967759252801,-0.2506799271371696,4110,2019-07-01,,0,2019,verano,7,0,1
547,548,1,1.5570301987463522,1.396650028806644,-1.2828758452091777,0.12691658904217365,5323,2019-07-02,,0,2019,verano,7,1,1
548,549,1,1.5570301987463522,1.396650028806644,-0.9964306627612363,-0.8380522856383708,5608,2019-07-03,,0,2019,verano,7,2,1
549,550,1,1.6103481481358275,1.580846950475893,-0.6383741847013094,-0.7331643644774419,4841,2019-07-04,Independence Day,1,2019,verano,7,3,0
550,551,1,1.8102904583463604,1.7650438721451422,-1.2112645495971923,0.10593900480998798,4836,2019-07-05,,0,2019,verano,7,4,1
551,552,1,1.8236199456937294,1.7036448982553924,-1.2828758452091777,-0.5653436906199558,4841,2019-07-06,,0,2019,verano,7,5,0
552,553,1,1.996903281209524,2.022919562482091,-0.9964306627612363,-0.313612679833727,3392,2019-07-07,,0,2019,verano,7,6,0
553,554,1,1.7836314836516232,1.9369609990364414,-0.4235402978653533,-0.8590298698705564,3469,2019-07-08,,0,2019,verano,7,0,1
554,555,2,1.1704750656726555,1.1019349541358452,0.3641839538664857,-0.08285925327968383,5571,2019-07-09,,0,2019,verano,7,1,1
555,556,2,1.2371225024094998,1.163333928025595,0.29257265825450035,-0.48143335369121315,5336,2019-07-10,,0,2019,verano,7,2,1
556,557,1,1.2104635277147617,1.077375364579945,0.006127475806558878,-0.48143335369121315,6289,2019-07-11,,0,2019,verano,7,3,1
557,558,1,1.2104635277147617,1.1019349541358452,-0.7099854803132948,-0.5653436906199558,6414,2019-07-12,,0,2019,verano,7,4,1
558,559,2,1.2904404517989752,1.1878935175814944,-0.9964306627612363,-1.4883573968361288,5988,2019-07-13,,0,2019,verano,7,5,0
559,560,2,1.130486603630549,1.1756137228035444,0.5074065450904565,-0.6072988590843276,4614,2019-07-14,,0,2019,verano,7,6,0
560,561,1,1.3704173758831883,1.4212096183625431,0.6506291363144272,-0.2716575113693556,4111,2019-07-15,,0,2019,verano,7,0,1
561,562,1,1.4637237873147704,1.5317277713640933,0.07773877141854424,-0.313612679833727,5742,2019-07-16,,0,2019,verano,7,1,1
562,563,1,1.770301996304254,1.7282044878112919,-0.8532080715372655,-1.0058729594958566,5865,2019-07-17,,0,2019,verano,7,2,1
563,564,1,1.6236776354831965,1.666805513921542,-0.35192900225336793,-0.6912091960130706,4914,2019-07-18,,0,2019,verano,7,3,1
564,565,1,1.5037122493568769,1.4703287974743438,-0.20870641102939722,-0.29263509560154133,5703,2019-07-19,,0,2019,verano,7,4,1
565,566,2,0.930544293420016,0.8563390585768459,1.5099646836582514,0.3157148471318455,5123,2019-07-20,,0,2019,verano,7,5,0
566,567,3,0.5439891603463188,0.4633856256824478,1.7247985704942077,0.37864759982840285,3195,2019-07-21,,0,2019,verano,7,6,0
567,568,2,0.9438737807673846,0.9177380324665957,0.9370743187623686,-1.2995591387464571,4866,2019-07-22,,0,2019,verano,7,0,1
568,569,1,1.3437584011884502,1.322971260138944,0.43579524947847104,-0.6702316117808845,5831,2019-07-23,,0,2019,verano,7,1,1
569,570,1,1.397076350577926,1.4212096183625431,0.22096136264251498,0.3576700155962168,6452,2019-07-24,,0,2019,verano,7,2,1
570,571,1,1.2504519897568684,1.1019349541358452,-1.2828758452091777,-0.313612679833727,6790,2019-07-25,,0,2019,verano,7,3,1
571,572,1,1.5303712240516145,1.6299661295876926,-0.20870641102939722,1.385571642973319,5825,2019-07-26,,0,2019,verano,7,4,1
572,573,1,1.5570301987463522,1.5931267452538431,-0.28031770664138256,-0.4604557694590271,5645,2019-07-27,,0,2019,verano,7,5,0
573,574,1,1.4237353252726637,1.3720904392507436,-0.13709511541741184,-0.41850060099465575,4451,2019-07-28,,0,2019,verano,7,6,0
574,575,1,1.2371225024094998,1.1878935175814944,-0.06548381980542649,-0.22970234290498392,4444,2019-07-29,,0,2019,verano,7,0,1
575,576,1,1.2904404517989752,1.2861318758050946,0.29257265825450035,-0.4604557694590271,6065,2019-07-30,,0,2019,verano,7,1,1
576,577,1,1.183804553020024,1.151054133247645,0.5074065450904565,-0.29263509560154133,6248,2019-07-31,,0,2019,verano,7,2,1
577,578,1,1.2104635277147617,1.1878935175814944,0.3641839538664857,-0.6282764433165132,6506,2019-08-01,,0,2019,verano,8,3,1
578,579,1,1.397076350577926,1.4334894131404934,0.22096136264251498,-0.7960971171739993,6278,2019-08-02,,0,2019,verano,8,4,1
579,580,2,1.4770532746621388,1.5194479765861433,0.07773877141854424,0.4206027682927742,5847,2019-08-03,,0,2019,verano,8,5,0
580,581,1,1.6236776354831965,1.7036448982553924,-0.13709511541741184,0.9869975425617893,4479,2019-08-04,,0,2019,verano,8,6,0
581,582,1,1.4903827620095078,1.580846950475893,0.1493500670305296,1.4694819799020618,3757,2019-08-05,,0,2019,verano,8,0,1
582,583,2,1.397076350577926,1.4457692079184434,0.1493500670305296,-0.7960971171739993,5780,2019-08-06,,0,2019,verano,8,1,1
583,584,2,1.3170994264937126,1.3720904392507436,0.5074065450904565,-0.984895375263671,5995,2019-08-07,,0,2019,verano,8,2,1
584,585,2,1.397076350577926,1.4334894131404934,0.29257265825450035,-1.068805712192414,6271,2019-08-08,,0,2019,verano,8,3,1
585,586,1,1.4237353252726637,1.3843702340286936,-0.06548381980542649,-0.41850060099465575,6090,2019-08-09,,0,2019,verano,8,4,1
586,587,2,1.2104635277147617,1.1878935175814944,0.6506291363144272,0.7352665317755605,4721,2019-08-10,,0,2019,verano,8,5,0
587,588,2,1.0771686542410732,1.0036965959122452,0.7222404319264125,0.27375967866747414,4052,2019-08-11,,0,2019,verano,8,6,0
588,589,1,1.11715711628318,1.0405359802460956,-0.7099854803132948,-0.9009850383349282,4362,2019-08-12,,0,2019,verano,8,0,1
589,590,1,1.2371225024094998,1.151054133247645,-0.566762889089324,-0.7121867802452563,5676,2019-08-13,,0,2019,verano,8,1,1
590,591,1,1.2637814771042375,1.237012696693294,0.43579524947847104,-0.2506799271371696,5656,2019-08-14,,0,2019,verano,8,2,1
591,592,1,1.1571455783252864,1.1019349541358452,-0.06548381980542649,-0.22970234290498392,6149,2019-08-15,,0,2019,verano,8,3,1
592,593,1,1.2237930150621308,1.1019349541358452,-0.7815967759252801,-0.6282764433165132,6267,2019-08-16,,0,2019,verano,8,4,1
593,594,1,1.2504519897568684,-1.4277027701218439,-0.4235402978653533,0.6303786106146317,5665,2019-08-17,,0,2019,verano,8,5,0
594,595,1,0.9971917301568604,0.8808986481327458,-0.20870641102939722,-0.12481442174405517,5038,2019-08-18,,0,2019,verano,8,6,0
595,596,2,0.7705904452515898,0.7949400846870962,0.5790178407024418,-1.404447059907386,3341,2019-08-19,,0,2019,verano,8,0,1
596,597,2,0.7705904452515898,0.7458209055752966,0.7222404319264125,-0.7960971171739993,5504,2019-08-20,,0,2019,verano,8,1,1
597,598,1,0.8372378819884341,0.7826602899091465,0.29257265825450035,-1.5932453179970576,5925,2019-08-21,,0,2019,verano,8,2,1
598,599,1,0.9438737807673846,0.905458237688646,0.3641839538664857,-1.6352004864614291,6281,2019-08-22,,0,2019,verano,8,3,1
599,600,1,1.0904981415884423,1.0036965959122452,0.07773877141854424,-1.4254246441395717,6402,2019-08-23,,0,2019,verano,8,4,1
600,601,2,1.130486603630549,1.065095569801995,-0.06548381980542649,-1.6142229022292434,6257,2019-08-24,,0,2019,verano,8,5,0
601,602,2,0.9038853187252784,0.8808986481327458,0.5790178407024418,0.8191768687043032,4224,2019-08-25,,0,2019,verano,8,6,0
602,603,2,0.8638968566831717,0.7458209055752966,1.5815759792702369,0.5884234421502603,3772,2019-08-26,,0,2019,verano,8,0,1
603,604,1,1.130486603630549,1.1019349541358452,0.7222404319264125,-0.817074701406185,5928,2019-08-27,,0,2019,verano,8,1,1
604,605,1,1.277110964451606,1.1756137228035444,-0.06548381980542649,0.06398383634561663,6105,2019-08-28,,0,2019,verano,8,2,1
605,606,1,1.037180192198967,0.9914168011342955,-0.566762889089324,-1.0478281279602282,6520,2019-08-29,,0,2019,verano,8,3,1
606,607,1,1.1571455783252864,1.0896551593578951,-0.28031770664138256,-1.5303125653005003,6541,2019-08-30,,0,2019,verano,8,4,1
607,608,1,1.4637237873147704,1.322971260138944,-0.28031770664138256,-0.2506799271371696,5917,2019-08-31,,0,2019,verano,8,5,0
608,609,2,1.4104058379252946,1.396650028806644,0.07773877141854424,-1.0268505437280426,3788,2019-09-01,,0,2019,verano,9,6,0
609,610,2,1.1038276289358113,1.065095569801995,1.3667420924342808,-1.719110823390172,3197,2019-09-02,Labor Day,1,2019,verano,9,0,0
610,611,1,1.1571455783252864,1.151054133247645,1.1519082055983247,-0.5024109379233989,4069,2019-09-03,,0,2019,verano,9,1,1
611,612,1,1.2637814771042375,1.2984116705830437,0.9370743187623686,0.6933113633111891,5997,2019-09-04,,0,2019,verano,9,2,1
612,613,1,1.3170994264937126,1.4334894131404934,0.7938517275383978,0.022028667881244912,6280,2019-09-05,,0,2019,verano,9,3,1
613,614,2,1.1038276289358113,1.1142147489137946,1.2951307968222954,-0.6282764433165132,5592,2019-09-06,,0,2019,verano,9,4,1
614,615,1,1.130486603630549,1.1264945436917446,0.7938517275383978,-0.20872475867279824,6459,2019-09-07,,0,2019,verano,9,5,0
615,616,2,0.8905558313779094,0.8440592637988963,1.2235195012103102,1.3226388902767616,4419,2019-09-08,,0,2019,verano,9,6,0
616,617,1,0.6239660844305323,0.6353027525737468,-0.566762889089324,0.5254906894537029,5657,2019-09-09,,0,2019,verano,9,0,1
617,618,1,0.4773417236094746,0.5616239839060474,-0.9248193671492508,1.0079751267939754,6407,2019-09-10,,0,2019,verano,9,1,1
618,619,1,0.450682748914737,0.48794521523834755,-0.7815967759252801,-1.3205367229786429,6697,2019-09-11,,0,2019,verano,9,2,1
619,620,1,0.5706481350410569,0.5861835734619473,-0.35192900225336793,-0.7751195329418133,6820,2019-09-12,,0,2019,verano,9,3,1
620,621,1,0.6372955717779013,0.647582547351697,0.07773877141854424,-1.4673798126039432,6750,2019-09-13,,0,2019,verano,9,4,1
621,622,1,0.7572609579042208,0.7335411107973465,0.29257265825450035,-1.152716049121157,6630,2019-09-14,,0,2019,verano,9,5,0
622,623,1,0.6106365970831632,0.6844219316855469,-0.9248193671492508,0.8611320371686753,5554,2019-09-15,,0,2019,verano,9,6,0
623,624,1,0.464012236262106,0.5493441891280973,-0.4235402978653533,-1.3624918914430144,5167,2019-09-16,,0,2019,verano,9,0,1
624,625,2,0.464012236262106,0.48794521523834755,0.7222404319264125,-0.48143335369121315,5847,2019-09-17,,0,2019,verano,9,1,1
625,626,2,0.7039430085147456,0.5616239839060474,1.7247985704942077,2.4134732703504205,3702,2019-09-18,,0,2019,verano,9,2,1
626,627,1,0.30405838809367985,0.40198665179269805,-0.6383741847013094,0.39962518406058856,6803,2019-09-19,,0,2019,verano,9,3,1
627,628,1,0.27739941339894175,0.3528674726808984,-0.06548381980542649,-0.9639177910314851,6781,2019-09-20,,0,2019,verano,9,4,1
628,629,1,0.5706481350410569,0.5984633682398973,0.29257265825450035,-0.4604557694590271,6917,2019-09-21,,0,2019,verano,9,5,0
629,630,1,0.8372378819884341,0.8317794690209461,0.1493500670305296,1.364594058741133,5883,2019-09-22,,0,2019,verano,9,6,0
630,631,1,0.18409300196735984,0.26690890923524846,-1.139653253985207,0.5254906894537029,5453,2019-09-23,,0,2019,otoño,9,0,1
631,632,1,0.10411607788314699,0.16867055101164924,-0.9964306627612363,-0.6282764433165132,6435,2019-09-24,,0,2019,otoño,9,1,1
632,633,1,0.30405838809367985,0.42654624134859787,-0.4235402978653533,0.6933113633111891,6693,2019-09-25,,0,2019,otoño,9,2,1
633,634,1,0.7572609579042208,0.7458209055752966,0.006127475806558878,0.8191768687043032,6946,2019-09-26,,0,2019,otoño,9,3,1
634,635,2,0.8372378819884341,0.819499674242996,0.43579524947847104,-0.7331643644774419,6642,2019-09-27,,0,2019,otoño,9,4,1
635,636,2,0.6772840338200075,0.6844219316855469,0.43579524947847104,-0.313612679833727,6370,2019-09-28,,0,2019,otoño,9,5,0
636,637,1,0.25074043870420415,0.3405876779029483,-0.6383741847013094,0.5674458579180743,5966,2019-09-29,,0,2019,otoño,9,6,0
637,638,1,0.17076351461999129,0.26690890923524846,-0.35192900225336793,-0.7331643644774419,4874,2019-09-30,,0,2019,otoño,9,0,1
638,639,2,0.14410453992525318,0.23006952490139898,0.1493500670305296,-1.3415143072108289,6015,2019-10-01,,0,2019,otoño,10,1,1
639,640,3,0.5173301856515813,0.41426644657064815,1.7247985704942077,-1.152716049121157,4324,2019-10-02,,0,2019,otoño,10,2,1
640,641,2,0.8905558313779094,0.7703804951311964,1.1519082055983247,-1.6771556549258007,6844,2019-10-03,,0,2019,otoño,10,3,1
641,642,2,0.8905558313779094,0.819499674242996,0.6506291363144272,-0.9639177910314851,6437,2019-10-04,,0,2019,otoño,10,4,1
642,643,1,0.6506250591252698,0.647582547351697,0.006127475806558878,-1.1317384648889712,6640,2019-10-05,,0,2019,otoño,10,5,0
643,644,1,0.3173878754410484,0.38970685701474794,0.22096136264251498,1.1548182164192755,4934,2019-10-06,,0,2019,otoño,10,6,0
644,645,2,-0.44239290335897635,-0.3348010348842987,0.5790178407024418,-0.6282764433165132,2729,2019-10-07,,0,2019,otoño,10,0,1
645,646,2,-0.6156762388747715,-0.531277751331498,0.5790178407024418,0.043006252113430586,4604,2019-10-08,,0,2019,otoño,10,1,1
646,647,2,-0.2691095678431811,-0.22428288188274936,0.9370743187623686,0.06398383634561663,5791,2019-10-09,,0,2019,otoño,10,2,1
647,648,1,0.10411607788314699,0.18095034578959893,0.006127475806558878,0.022028667881244912,6911,2019-10-10,,0,2019,otoño,10,3,1
648,649,1,-0.3357570045800254,-0.26112226621659884,-1.2112645495971923,-0.06188166904749816,6736,2019-10-11,,0,2019,otoño,10,4,1
649,650,1,-0.32242751723265684,-0.24884247143864918,-0.6383741847013094,0.6933113633111891,6222,2019-10-12,,0,2019,otoño,10,5,0
650,651,1,-0.5623582894852959,-0.5067181617755978,-0.9964306627612363,-0.5653436906199558,4857,2019-10-13,,0,2019,otoño,10,6,0
651,652,1,0.14410453992525318,0.20550993534549872,0.07773877141854424,1.3016613060445754,4559,2019-10-14,Columbus Day,1,2019,otoño,10,0,0
652,653,2,0.35737633748315506,0.40198665179269805,0.5790178407024418,1.532414732598619,5115,2019-10-15,,0,2019,otoño,10,1,1
653,654,1,-0.14914418171686158,-0.0892051393252998,-0.49515159347733867,-0.06188166904749816,6612,2019-10-16,,0,2019,otoño,10,2,1
654,655,1,-0.21579161845370587,-0.15060411321504952,0.43579524947847104,-1.1946712175855285,6482,2019-10-17,,0,2019,otoño,10,3,1
655,656,2,0.14410453992525318,0.23006952490139898,0.7222404319264125,0.7142889475433748,6501,2019-10-18,,0,2019,otoño,10,4,1
656,657,2,0.3707058248305241,0.38970685701474794,1.3667420924342808,-0.7331643644774419,4671,2019-10-19,,0,2019,otoño,10,5,0
657,658,1,-0.06916725763264825,-0.015526370657599948,-0.4235402978653533,-0.9639177910314851,5284,2019-10-20,,0,2019,otoño,10,6,0
658,659,1,-0.1758031564115992,-0.1137647288811996,-0.8532080715372655,-0.29263509560154133,4692,2019-10-21,,0,2019,otoño,10,0,1
659,660,1,-0.042508282937910626,0.04587260323214978,-0.4235402978653533,-1.4673798126039432,6228,2019-10-22,,0,2019,otoño,10,1,1
660,661,1,0.2640699260515732,0.3405876779029483,0.07773877141854424,-1.2995591387464571,6625,2019-10-23,,0,2019,otoño,10,2,1
661,662,1,0.5040006983042127,0.5125048047942474,0.07773877141854424,-1.5932453179970576,6898,2019-10-24,,0,2019,otoño,10,3,1
662,663,2,0.30405838809367985,0.3405876779029483,1.2235195012103102,-0.8800074541027421,6484,2019-10-25,,0,2019,otoño,10,4,1
663,664,2,0.27739941339894175,0.2914684987911487,1.2951307968222954,-0.7541419487096277,6262,2019-10-26,,0,2019,otoño,10,5,0
664,665,2,0.18409300196735984,0.2546291144572988,0.6506291363144272,0.6933113633111891,5209,2019-10-27,,0,2019,otoño,10,6,0
665,666,2,-0.09582623232738587,-0.04008596021350019,0.43579524947847104,0.05659857723921558,3461,2019-10-28,,0,2019,otoño,10,0,1
666,667,3,-0.3090980298852878,-0.21200308710479926,1.796409866106193,2.4134732703504205,20,2019-10-29,,0,2019,otoño,10,1,1
667,668,2,-0.9755723972537306,-1.0101897476715458,1.4383533880462662,0.37864759982840285,1009,2019-10-30,,0,2019,otoño,10,2,1
668,669,2,-0.7489711123484601,-0.690915083444847,0.29257265825450035,-0.2716575113693556,5147,2019-10-31,,0,2019,otoño,10,3,1
669,670,2,-0.7089826503063534,-0.6417959043330473,-0.35192900225336793,-0.41850060099465575,5520,2019-11-01,,0,2019,otoño,11,4,1
670,671,1,-0.762300599695829,-0.7277544677786969,-0.7815967759252801,1.112863047954904,5229,2019-11-02,,0,2019,otoño,11,5,0
671,672,2,-0.8289480364326732,-0.9242311842258962,-0.9964306627612363,1.1757958006514615,4109,2019-11-03,,0,2019,otoño,11,6,0
672,673,1,-0.9222544478642551,-0.8873917998920463,-0.7099854803132948,-0.1038368375118695,3906,2019-11-04,,0,2019,otoño,11,0,1
673,674,1,-0.9622429099063617,-1.0224695424494956,-0.9964306627612363,0.6933113633111891,4881,2019-11-05,,0,2019,otoño,11,1,1
674,675,1,-1.1755147074642636,-1.182106874562845,-0.4235402978653533,-0.18774717444061256,5220,2019-11-06,,0,2019,otoño,11,2,1
675,676,2,-1.0955377833800504,-1.2312260536746449,-0.566762889089324,1.6582802379917332,4709,2019-11-07,,0,2019,otoño,11,3,1
676,677,1,-0.7889595743905665,-0.8137130312243465,-2.142211392553002,2.2666301807251203,4975,2019-11-08,,0,2019,otoño,11,4,1
677,678,1,-0.7356416250010911,-0.7277544677786969,-0.6383741847013094,0.39962518406058856,5283,2019-11-09,,0,2019,otoño,11,5,0
678,679,1,-0.5756877768326649,-0.4944383669976481,0.1493500670305296,-1.803021160318915,4446,2019-11-10,,0,2019,otoño,11,6,0
679,680,1,-0.4157339286642387,-0.3225212401063486,0.22096136264251498,-0.8380522856383708,4562,2019-11-11,Veterans Day,1,2019,otoño,11,0,0
680,681,1,-0.05583777028527967,0.009033218898299857,0.7938517275383978,-0.18774717444061256,5172,2019-11-12,,0,2019,otoño,11,1,1
681,682,2,-0.8289480364326732,-0.9242311842258962,0.22096136264251498,2.182719843796377,3767,2019-11-13,,0,2019,otoño,11,2,1
682,683,1,-1.122196758074788,-1.182106874562845,-0.566762889089324,0.18984934173873105,5122,2019-11-14,,0,2019,otoño,11,3,1
683,684,2,-0.948913422558993,-0.9242311842258962,-0.06548381980542649,-0.4604557694590271,5125,2019-11-15,,0,2019,otoño,11,4,1
684,685,1,-0.8289480364326732,-0.776873646890497,-0.7815967759252801,-0.20872475867279824,5214,2019-11-16,,0,2019,otoño,11,5,0
685,686,1,-0.935583935211624,-0.9119513894479461,-0.566762889089324,-0.1038368375118695,4316,2019-11-17,,0,2019,otoño,11,6,0
686,687,1,-0.8422775237800421,-0.8382726207802467,0.43579524947847104,0.5884234421502603,3747,2019-11-18,,0,2019,otoño,11,0,1
687,688,2,-0.6290057262221403,-0.6049565199991974,-0.06548381980542649,0.672333779079003,5050,2019-11-19,,0,2019,otoño,11,1,1
688,689,2,-0.6689941882642468,-0.5803969304432977,0.3641839538664857,-1.4673798126039432,5100,2019-11-20,,0,2019,otoño,11,2,1
689,690,1,-0.7756300870431978,-0.6786352886668973,-0.13709511541741184,-1.1736936333533425,4531,2019-11-21,,0,2019,otoño,11,3,1
690,691,1,-0.8556070111274109,-0.7645938521125468,-0.35192900225336793,-1.886931497247658,1470,2019-11-22,,0,2019,otoño,11,4,1
691,692,1,-0.6956531629589846,-0.5926767252212477,-0.4235402978653533,-0.5443661063877702,2307,2019-11-23,,0,2019,otoño,11,5,0
692,693,1,-1.1888441948116322,-1.390863385787994,-1.6409323232691044,2.686181865368835,1745,2019-11-24,,0,2019,otoño,11,6,0
693,694,1,-1.3621275303274274,-1.3294644118982444,-1.139653253985207,-0.5024109379233989,2115,2019-11-25,,0,2019,otoño,11,0,1
694,695,1,-1.0022313719484681,-0.8259928260022965,-0.6383741847013094,-1.9708418341764011,4750,2019-11-26,,0,2019,otoño,11,1,1
695,696,2,-1.1088672707274192,-1.182106874562845,1.1519082055983247,0.7142889475433748,3836,2019-11-27,,0,2019,otoño,11,2,1
696,697,1,-1.0822082960326815,-1.1329876954510452,-0.8532080715372655,0.33669243136403115,5062,2019-11-28,Thanksgiving,1,2019,otoño,11,3,0
697,698,1,-1.1755147074642636,-1.0838685163392454,-0.49515159347733867,-1.0058729594958566,5080,2019-11-29,,0,2019,otoño,11,4,1
698,699,1,-1.0822082960326815,-0.9242311842258962,0.1493500670305296,-1.803021160318915,5306,2019-11-30,,0,2019,otoño,11,5,0
699,700,2,-1.0822082960326815,-0.9733503633376958,1.2951307968222954,-1.7820435760867295,4240,2019-12-01,,0,2019,otoño,12,6,0
700,701,2,-0.8156185490853044,-0.7031948782227971,1.3667420924342808,-0.8800074541027421,3757,2019-12-02,,0,2019,otoño,12,0,1
701,702,1,-0.22912110580107442,-0.1137647288811996,1.008685614374354,-1.4673798126039432,5679,2019-12-03,,0,2019,otoño,12,1,1
702,703,1,-0.10915571967475492,-0.02780616543555007,0.7222404319264125,-0.1667695902084269,6055,2019-12-04,,0,2019,otoño,12,2,1
703,704,1,-0.3090980298852878,-0.2856818557724991,-1.0680419583732215,1.930988833010148,5398,2019-12-05,,0,2019,otoño,12,3,1
704,705,1,-1.308809580937952,-1.3294644118982444,-0.8532080715372655,-0.1667695902084269,5035,2019-12-06,,0,2019,otoño,12,4,1
705,706,2,-0.948913422558993,-0.9365109790038458,0.9370743187623686,-0.7751195329418133,4659,2019-12-07,,0,2019,otoño,12,5,0
706,707,2,-0.6290057262221403,-0.5189979565535479,2.011243752942149,-1.1946712175855285,4429,2019-12-08,,0,2019,otoño,12,6,0
707,708,2,-0.6023467515274025,-0.5189979565535479,2.011243752942149,-0.39752301676247004,2787,2019-12-09,,0,2019,otoño,12,0,1
708,709,2,-0.32242751723265684,-0.23656267666069905,2.0828550485541344,0.06398383634561663,4841,2019-12-10,,0,2019,otoño,12,1,1
709,710,2,-0.7756300870431978,-0.8382726207802467,-0.20870641102939722,1.532414732598619,5219,2019-12-11,,0,2019,otoño,12,2,1
710,711,2,-1.0822082960326815,-1.0838685163392454,-0.6383741847013094,-0.3345902640659127,5009,2019-12-12,,0,2019,otoño,12,3,1
711,712,1,-1.0955377833800504,-1.1084281058951453,-0.9964306627612363,-0.1667695902084269,5107,2019-12-13,,0,2019,otoño,12,4,1
712,713,1,-1.1621852201168947,-1.1084281058951453,0.07773877141854424,-0.7751195329418133,5182,2019-12-14,,0,2019,otoño,12,5,0
713,714,1,-0.935583935211624,-0.8382726207802467,0.1493500670305296,-1.1317384648889712,4280,2019-12-15,,0,2019,otoño,12,6,0
714,715,2,-0.7223121376537223,-0.6417959043330473,1.5099646836582514,-1.215648801817714,3248,2019-12-16,,0,2019,otoño,12,0,1
715,716,2,-0.5623582894852959,-0.44531918788584807,2.011243752942149,-1.2366263860499,4373,2019-12-17,,0,2019,otoño,12,1,1
716,717,1,-0.46905187805371396,-0.39620000877404843,0.29257265825450035,0.4835355209893316,5124,2019-12-18,,0,2019,otoño,12,2,1
717,718,1,-0.8955954731695175,-0.8137130312243465,0.006127475806558878,-0.04090408481531211,4934,2019-12-19,,0,2019,otoño,12,3,1
718,719,2,-0.9089249605168863,-0.8505524155581964,0.29257265825450035,-0.7541419487096277,3814,2019-12-20,,0,2019,otoño,12,4,1
719,720,2,-0.9222544478642551,-1.0593089267833455,-0.49515159347733867,2.644226696904464,3402,2019-12-21,,0,2019,invierno,12,5,0
720,721,1,-1.2554916315484765,-1.4645421544556936,-1.354487140821163,0.05659857723921558,1544,2019-12-22,,0,2019,invierno,12,6,0
721,722,1,-1.3621275303274274,-1.3171846171202943,-0.7815967759252801,-0.7541419487096277,1379,2019-12-23,,0,2019,invierno,12,0,1
722,723,2,-1.4421044544116406,-1.3294644118982444,1.1519082055983247,-1.5303125653005003,746,2019-12-24,,0,2019,invierno,12,1,1
723,724,2,-1.122196758074788,-1.1084281058951453,0.7222404319264125,-0.2506799271371696,573,2019-12-25,Christmas Day,1,2019,invierno,12,2,0
724,725,3,-1.3754570176747962,-1.5627805126792933,1.3667420924342808,1.8261009118492193,432,2019-12-26,,0,2019,invierno,12,3,1
725,726,2,-1.322139068285321,-1.5259411283454434,0.1493500670305296,2.3085853491894914,1867,2019-12-27,,0,2019,invierno,12,4,1
726,727,2,-1.322139068285321,-1.3417442066761942,-0.28031770664138256,-0.4394781852268414,2451,2019-12-28,,0,2019,invierno,12,5,0
727,728,2,-1.322139068285321,-1.4277027701218439,0.8654630231503833,-0.8800074541027421,1182,2019-12-29,,0,2019,invierno,12,6,0
728,729,1,-1.308809580937952,-1.4891017440115937,-1.0680419583732215,2.3085853491894914,1432,2019-12-30,,0,2019,invierno,12,0,1
729,730,2,-1.5354108658432224,-1.5382209231233934,-0.35192900225336793,-0.4394781852268414,2290,2019-12-31,,0,2019,invierno,12,1,1
