,registro,clima,temperatura,sens_termica,humedad,viento,total,fecha_nueva,festividad,festividad_1,mes_bueno,dia_semana_nuevo,no_laboral_nuevo,a√±o_map,estacion_map
0,1,2,-0.8289480364326732,-0.6786352886668973,1.2794633293803972,-0.3765454325302844,985,2018-01-01,New Year's Day,1,1,0,0,0,0
1,2,2,-0.7223121376537223,-0.7400342625566471,0.5074977019910674,0.8821096214008606,801,2018-01-02,,0,1,1,1,0,0
2,3,1,-1.6420467646221735,-1.7469774343485425,-1.317148326383712,0.8611320371686753,1349,2018-01-03,,0,1,2,1,0,0
3,4,1,-1.6153877899274358,-1.611899691791093,-0.26446792539826236,-0.3765454325302844,1562,2018-01-04,,0,1,3,1,0,0
4,5,1,-1.4687634291063782,-1.5013815387895435,-1.317148326383712,0.0010510836490592388,1600,2018-01-05,,0,1,4,1,0,0
5,6,1,-1.588728815232698,-1.4768219492336438,-0.7557187791914721,-1.3624918914430144,1606,2018-01-06,,0,1,5,0,0,0
6,7,2,-1.6287172772748046,-1.636459281346993,-0.8960761659895321,-0.2506799271371696,1510,2018-01-07,,0,1,6,0,0,0
7,8,2,-1.8020006127905996,-1.9188945612398418,-0.6153613923934123,1.1338406321870893,959,2018-01-08,,0,1,0,1,0,0
8,9,1,-1.9486249736116572,-2.2013298411326905,-1.3873270197827419,2.4764060230469775,822,2018-01-09,,0,1,1,1,0,0
9,10,1,-1.881977536874813,-1.9925733299075414,-1.036433552787592,0.5254906894537029,1321,2018-01-10,,0,1,2,1,0,0
10,11,2,-1.7886711254432308,-1.7346976395705926,0.43731900859203743,-0.9009850383349282,1263,2018-01-11,,0,1,3,1,0,0
11,12,1,-1.7620121507484932,-1.9311743560177916,-0.19428923199923237,1.6582802379917332,1162,2018-01-12,,0,1,4,1,0,0
12,13,1,-1.8020006127905996,-1.9925733299075414,-1.1066122461866221,1.6163250695273617,1406,2018-01-13,,0,1,5,0,0,0
13,14,1,-1.8286595874853375,-1.7592572291264923,-0.6153613923934123,-0.8380522856383708,1421,2018-01-14,,0,1,6,0,0,0
14,15,2,-1.4287749670642718,-1.390863385787994,-0.8960761659895321,-0.39752301676247004,1248,2018-01-15,Martin Luther King Jr. Day,1,1,0,0,0,0
15,16,1,-1.4421044544116406,-1.4768219492336438,-1.036433552787592,0.022028667881244912,1204,2018-01-16,,0,1,1,1,0,0
16,17,2,-1.7486826634011243,-1.832935997794192,-0.6153613923934123,0.10593900480998798,1000,2018-01-17,,0,1,2,1,0,0
17,18,2,-1.5220813784958538,-1.4891017440115937,1.630356796375547,-0.5653436906199558,683,2018-01-18,,0,1,3,1,0,0
18,19,2,-1.1088672707274192,-1.0838685163392454,0.7882124755871873,0.3157148471318455,1650,2018-01-19,,0,1,4,1,0,0
19,20,2,-1.2821506062432144,-1.3417442066761942,-0.6153613923934123,0.12691658904217365,1927,2018-01-20,,0,1,5,0,0,0
20,21,1,-1.7353531760537553,-1.9434541507957415,-1.176790939585652,2.350540517653863,1543,2018-01-21,,0,1,6,0,0,0
21,22,1,-2.3884980560748295,-2.4223661471357896,-1.5978630999798318,-0.20872475867279824,981,2018-01-22,,0,1,0,1,0,0
22,23,1,-2.1752262585169277,-2.31184799413424,-1.317148326383712,0.8401544529364892,986,2018-01-23,,0,1,1,1,0,0
23,24,1,-2.1752262585169277,-2.189050046354741,-0.9662548593885621,-0.39752301676247004,1416,2018-01-24,,0,1,2,1,0,0
24,25,2,-1.4820929164537473,-1.4768219492336438,-0.05393184520117241,-0.7960971171739993,1985,2018-01-25,,0,1,3,1,0,0
25,26,3,-1.5220813784958538,-1.661018870902893,1.630356796375547,1.511437148366433,506,2018-01-26,,0,1,4,1,0,0
26,27,1,-1.6420467646221735,-1.5627805126792933,0.43731900859203743,-1.0268505437280426,431,2018-01-27,,0,1,5,0,0,0
27,28,2,-1.6020583025800668,-1.5382209231233934,1.139105942582337,-0.8800074541027421,1167,2018-01-28,,0,1,6,0,0,0
28,29,1,-1.6287172772748046,-1.611899691791093,0.15660423499591752,-0.5863212748521419,1098,2018-01-29,,0,1,0,1,0,0
29,30,1,-1.5220813784958538,-1.3785835910100441,0.6478550887891273,-1.5722677337648718,1096,2018-01-30,,0,1,1,1,0,0
30,31,2,-1.7220236887063864,-1.7715370239044423,-0.19428923199923237,0.0010510836490592388,1501,2018-01-31,,0,1,2,1,0,0
31,32,2,-1.6553762519695423,-1.4768219492336438,1.419820716178457,-1.8659539130154725,1360,2018-02-01,,0,2,3,1,0,0
32,33,2,-1.2821506062432144,-1.3540240014541443,1.0689272491833073,1.091885463722718,1526,2018-02-02,,0,2,4,1,0,0
33,34,1,-1.6820352266642802,-1.820656203016242,-1.317148326383712,1.2806837218123903,1550,2018-02-03,,0,2,5,0,0,0
34,35,2,-1.5487403531905914,-1.5136613335674935,-0.26446792539826236,-0.817074701406185,1708,2018-02-04,,0,2,6,0,0,0
35,36,2,-1.4287749670642718,-1.415422975343894,2.1216076501687566,-0.35556784829809834,1005,2018-02-05,,0,2,0,1,0,0
36,37,1,-1.148855732769526,-1.1207079006730953,-0.4048253121963223,-0.6282764433165132,1623,2018-02-06,,0,2,1,1,0,0
37,38,1,-1.2288326568537389,-1.0470291320053957,0.7882124755871873,-1.991819418408587,1712,2018-02-07,,0,2,2,1,0,0
38,39,1,-1.508751891148485,-1.6978582552367427,-0.6153613923934123,2.4764060230469775,1530,2018-02-08,,0,2,3,1,0,0
39,40,2,-1.9752839483063949,-2.029412714241391,-0.9662548593885621,0.043006252113430586,1605,2018-02-09,,0,2,4,1,0,0
40,41,1,-1.9219659989169193,-1.9925733299075414,-1.317148326383712,0.5045131052215173,1538,2018-02-10,,0,2,5,0,0,0
41,42,1,-1.6687057393169111,-1.5996198970131432,-0.8258974725905022,-1.0897832964245997,1746,2018-02-11,,0,2,6,0,0,0
42,43,1,-1.4954224038011161,-1.4891017440115937,-0.6153613923934123,0.23180451020310242,1472,2018-02-12,,0,2,0,1,0,0
43,44,1,-0.9755723972537306,-0.9242311842258962,-1.176790939585652,1.0499302952583467,1589,2018-02-13,,0,2,1,1,0,0
44,45,1,-0.44239290335897635,-0.4698787774417483,-1.7382204867778919,0.05659857723921595,1913,2018-02-14,,0,2,2,1,0,0
45,46,1,-1.2554916315484765,-1.3540240014541443,-2.2294713405711017,1.4694819799020618,1815,2018-02-15,,0,2,3,1,0,0
46,47,1,-0.9755723972537306,-0.9733503633376958,-1.457505713181772,0.9240647898652319,2115,2018-02-16,,0,2,4,1,0,0
47,48,1,-0.32242751723265684,-0.2856818557724991,-0.8960761659895321,0.609401026382446,2475,2018-02-17,,0,2,5,0,0,0
48,49,1,0.14410453992525318,0.23006952490139898,-0.7557187791914721,1.091885463722718,2927,2018-02-18,,0,2,6,0,0,0
49,50,1,-0.5223698274431897,-0.5067181617755978,-3.0716156613594614,0.05659857723921595,1635,2018-02-19,Washington's Birthday,1,2,0,0,0,0
50,51,1,-1.148855732769526,-1.2066664641187448,-1.527684406580802,0.5254906894537029,1812,2018-02-20,,0,2,1,1,0,0
51,52,2,-1.0555493213379437,-1.169827079784895,-0.19428923199923237,1.7002354064561052,1107,2018-02-21,,0,2,2,1,0,0
52,53,1,-1.7086942013590178,-1.7715370239044423,-0.3346466187972923,0.12691658904217365,1450,2018-02-22,,0,2,3,1,0,0
53,54,1,-1.4954224038011161,-1.403143180565944,-1.457505713181772,-1.2995591387464571,1917,2018-02-23,,0,2,4,1,0,0
54,55,2,-1.0955377833800504,-1.1329876954510452,0.5074977019910674,0.9030872056330466,1807,2018-02-24,,0,2,5,0,0,0
55,56,2,-0.7223121376537223,-0.7645938521125468,0.5776763953900974,2.2456525964929344,1461,2018-02-25,,0,2,6,0,0,0
56,57,1,-1.1621852201168947,-1.182106874562845,-0.6153613923934123,0.0010510836490592388,1969,2018-02-26,,0,2,0,1,0,0
57,58,1,-0.8289480364326732,-0.7523140573345967,0.36714031519300744,-0.8590298698705564,2402,2018-02-27,,0,2,1,1,0,0
58,59,2,-0.482381365401083,-0.45759898266379817,1.7707141831736068,1.4485043956698755,1446,2018-02-28,,0,2,2,1,0,0
59,60,1,-1.2554916315484765,-1.2926250275643947,-0.6153613923934123,0.4206027682927742,1851,2018-03-01,,0,3,3,1,0,0
60,61,1,-0.8822659858221487,-0.948790773781796,-1.246969632984682,1.7002354064561052,2134,2018-03-02,,0,3,4,1,0,0
61,62,1,-1.6287172772748046,-1.6855784604587927,-2.1592926471720717,0.5464682736858887,1685,2018-03-03,,0,3,5,0,0,0
62,63,2,-1.2821506062432144,-1.3417442066761942,-0.1241105386002024,0.23180451020310242,1944,2018-03-04,,0,3,6,0,0,0
63,64,2,-0.6023467515274025,-0.5926767252212477,1.139105942582337,0.9240647898652319,2077,2018-03-05,,0,3,0,1,0,0
64,65,2,-0.655664700916878,-0.6663554938889472,2.2619650369668167,2.203697428028563,605,2018-03-06,,0,3,1,1,0,0
65,66,1,-1.2821506062432144,-1.4522623596777438,-0.5451826989943822,2.182719843796377,1872,2018-03-07,,0,3,2,1,0,0
66,67,1,-1.1088672707274192,-1.0593089267833455,-1.457505713181772,-0.9219626225671138,2133,2018-03-08,,0,3,3,1,0,0
67,68,2,-1.0955377833800504,-1.157547285006945,1.0689272491833073,0.4835355209893316,1891,2018-03-09,,0,3,4,1,0,0
68,69,3,-0.5756877768326649,-0.5435575461094477,-4.405010835941031,1.0499302952583467,623,2018-03-10,,0,3,5,0,0,0
69,70,2,-0.9755723972537306,-1.0470291320053957,0.15660423499591752,0.6513561948468174,1977,2018-03-11,,0,3,6,0,0,0
70,71,1,-0.9089249605168863,-0.9119513894479461,-0.26446792539826236,0.4835355209893316,2132,2018-03-12,,0,3,0,1,0,0
71,72,1,-0.6023467515274025,-0.5803969304432977,-0.6855400857924422,1.1757958006514615,2417,2018-03-13,,0,3,1,1,0,0
72,73,1,-0.935583935211624,-0.8751120051140961,-0.8960761659895321,-0.6912091960130706,2046,2018-03-14,,0,3,2,1,0,0
73,74,2,-0.9755723972537306,-0.9610705685597459,0.22678292839494749,-0.04090408481531211,2056,2018-03-15,,0,3,3,1,0,0
74,75,2,-0.7089826503063534,-0.6663554938889472,1.0689272491833073,0.23180451020310242,2192,2018-03-16,,0,3,4,1,0,0
75,76,1,-0.44239290335897635,-0.39620000877404843,-0.19428923199923237,0.3157148471318455,2744,2018-03-17,,0,3,5,0,0,0
76,77,1,0.23741095135683557,0.3283078831249982,-0.6855400857924422,0.6303786106146317,3239,2018-03-18,,0,3,6,0,0,0
77,78,1,-0.12248520702212395,-0.052365754991449874,-1.7382204867778919,2.5603163599757206,3117,2018-03-19,,0,3,0,1,0,0
78,79,1,-0.8955954731695175,-0.9119513894479461,-1.1066122461866221,0.2947372628996598,2471,2018-03-20,,0,3,1,1,0,0
79,80,2,-0.362415979274763,-0.39620000877404843,0.7882124755871873,1.4275268114376902,2077,2018-03-21,,0,3,2,1,0,1
80,81,1,-0.29576854253791873,-0.21200308710479926,-0.05393184520117241,0.5464682736858887,2703,2018-03-22,,0,3,3,1,0,1
81,82,2,-0.8156185490853044,-0.8382726207802467,1.489999409577487,0.672333779079003,2121,2018-03-23,,0,3,4,1,0,1
82,83,2,-1.148855732769526,-1.2557856432305448,1.2794633293803972,0.7981992844721179,1865,2018-03-24,,0,3,5,0,0,1
83,84,1,-1.2688211188958454,-1.3417442066761942,-0.8960761659895321,0.6303786106146317,2210,2018-03-25,,0,3,6,0,0,1
84,85,1,-1.2554916315484765,-1.3294644118982444,-1.6680417933788618,0.3157148471318455,2496,2018-03-26,,0,3,0,1,0,1
85,86,2,-1.322139068285321,-1.3785835910100441,-0.9662548593885621,-0.04090408481531211,1693,2018-03-27,,0,3,1,1,0,1
86,87,1,-1.2688211188958454,-1.3294644118982444,-2.299650033970132,0.3576700155962168,2028,2018-03-28,,0,3,2,1,0,1
87,88,1,-1.0555493213379437,-1.1207079006730953,-2.2294713405711017,0.5674458579180743,2425,2018-03-29,,0,3,3,1,0,1
88,89,2,-1.0688788086853125,-1.0838685163392454,0.15660423499591752,-0.18774717444061256,1536,2018-03-30,,0,3,4,1,0,1
89,90,3,-1.2421621442011077,-1.3294644118982444,2.051428956769727,0.4415803525249599,1685,2018-03-31,,0,3,5,0,0,1
90,91,2,-1.0688788086853125,-1.169827079784895,0.43731900859203743,1.0079751267939754,2227,2018-04-01,,0,4,6,0,0,1
91,92,2,-0.9889018846010994,-0.9733503633376958,0.15660423499591752,0.14789417327435933,2252,2018-04-02,,0,4,0,1,0,1
92,93,1,-0.6423352135695092,-0.5926767252212477,-1.036433552787592,-0.06188166904749816,3249,2018-04-03,,0,4,1,1,0,1
93,94,1,0.42402377421999937,0.41426644657064815,-1.3873270197827419,0.05659857723921595,3115,2018-04-04,,0,4,2,1,0,1
94,95,2,-0.44239290335897635,-0.4698787774417483,0.08642554159688753,0.05659857723921595,1795,2018-04-05,,0,4,3,1,0,1
95,96,1,-0.5756877768326649,-0.531277751331498,-1.1066122461866221,1.0709078794905327,2808,2018-04-06,,0,4,4,1,0,1
96,97,1,-0.32242751723265684,-0.24884247143864918,-0.19428923199923237,-0.3345902640659127,3141,2018-04-07,,0,4,5,0,0,1
97,98,2,-0.8689364984747796,-0.9242311842258962,1.489999409577487,0.5674458579180743,1471,2018-04-08,,0,4,6,0,0,1
98,99,2,-0.8422775237800421,-0.8137130312243465,1.7707141831736068,-0.7541419487096277,2455,2018-04-09,,0,4,0,1,0,1
99,100,2,-0.37574546662213204,-0.29796165055044876,1.630356796375547,-0.5653436906199558,2895,2018-04-10,,0,4,1,1,0,1
100,101,2,0.5439891603463188,0.5616239839060474,0.6478550887891273,1.930988833010148,3348,2018-04-11,,0,4,2,1,0,1
101,102,2,0.0374686411463027,0.1195513718998492,0.7882124755871873,1.2387285533480181,2034,2018-04-12,,0,4,3,1,0,1
102,103,2,-0.4557223907063454,-0.34708082966224885,1.349642022779427,0.9030872056330466,2162,2018-04-13,,0,4,4,1,0,1
103,104,1,-0.14914418171686158,-0.07692534454734967,-0.6153613923934123,-1.068805712192414,3267,2018-04-14,,0,4,5,0,0,1
104,105,1,-0.2691095678431811,-0.19972329232684913,0.29696162179397745,0.5674458579180743,3126,2018-04-15,,0,4,6,0,0,1
105,106,3,-0.34908649192739444,-0.29796165055044876,1.840892876572637,2.1617422595641913,795,2018-04-16,,0,4,0,1,0,1
106,107,1,-0.21579161845370587,-0.17516370277094934,-1.036433552787592,1.6373026537595479,3744,2018-04-17,,0,4,1,1,0,1
107,108,1,0.09078659053577794,0.18095034578959893,-0.6153613923934123,-0.313612679833727,3429,2018-04-18,,0,4,2,1,0,1
108,109,2,0.050798128493671275,0.0949917823439494,0.29696162179397745,-0.39752301676247004,3204,2018-04-19,,0,4,3,1,0,1
109,110,1,0.5439891603463188,0.5493441891280973,-0.1241105386002024,0.7772217002399318,3944,2018-04-20,,0,4,4,1,0,1
110,111,1,-0.20246213110633682,-0.12604452365914973,-1.527684406580802,1.951966417242334,4189,2018-04-21,,0,4,5,0,0,1
111,112,2,-0.8689364984747796,-0.9365109790038458,0.7180337821881573,0.46255793675714557,1683,2018-04-22,,0,4,6,0,0,1
112,113,2,-0.18913264375896824,-0.15060411321504952,1.840892876572637,0.6303786106146317,4036,2018-04-23,,0,4,0,1,0,1
113,114,2,0.464012236262106,0.4756654204603979,1.2794633293803972,0.08496142057780232,4191,2018-04-24,,0,4,1,1,0,1
114,115,1,0.6106365970831632,0.610743163017847,1.0689272491833073,-0.019926500583126436,4073,2018-04-25,,0,4,2,1,0,1
115,116,1,0.7439314705568517,0.7335411107973465,0.7180337821881573,1.9729440014745194,4400,2018-04-26,,0,4,3,1,0,1
116,117,2,0.6772840338200075,0.6230229577957972,1.489999409577487,1.7631681591526618,3872,2018-04-27,,0,4,4,1,0,1
117,118,2,0.6639545464726389,0.6353027525737468,0.5074977019910674,1.8890336645457766,4058,2018-04-28,,0,4,5,0,0,1
118,119,1,0.0774571031884089,0.144110961455749,-1.176790939585652,0.7562441160077465,4595,2018-04-29,,0,4,6,0,0,1
119,120,1,-0.12248520702212395,-0.0646455497694,-0.8960761659895321,0.6933113633111891,5312,2018-04-30,,0,4,0,1,0,1
120,121,2,-0.24245059314844347,-0.16288390799299965,0.9285698623852472,-1.1317384648889712,3351,2018-05-01,,0,5,1,1,0,1
121,122,2,0.2907289007463108,0.3528674726808984,0.7180337821881573,-0.04090408481531211,4401,2018-05-02,,0,5,2,1,0,1
122,123,2,0.6639545464726389,0.6598623421296471,0.5074977019910674,2.203697428028563,4451,2018-05-03,,0,5,3,1,0,1
123,124,2,-0.44239290335897635,-0.43303939310789835,0.7882124755871873,1.9939215857067054,2633,2018-05-04,,0,5,4,1,0,1
124,125,1,-0.20246213110633682,-0.19972329232684913,-1.317148326383712,1.532414732598619,4433,2018-05-05,,0,5,5,0,0,1
125,126,1,-0.09582623232738587,-0.003246575879650264,-0.26446792539826236,0.5884234421502603,4608,2018-05-06,,0,5,6,0,0,1
126,127,1,0.1307750525778846,0.23006952490139898,-0.6153613923934123,-0.35556784829809834,4714,2018-05-07,,0,5,0,1,0,1
127,128,1,0.18409300196735984,0.26690890923524846,0.01624684819785756,-1.5722677337648718,4333,2018-05-08,,0,5,1,1,0,1
128,129,1,0.1974224893147289,0.3160280883470485,-0.26446792539826236,-0.14579200597624087,4362,2018-05-09,,0,5,2,1,0,1
129,130,1,0.1974224893147289,0.2914684987911487,-0.9662548593885621,-1.0058729594958566,4803,2018-05-10,,0,5,3,1,0,1
130,131,1,0.25074043870420415,0.3283078831249982,0.01624684819785756,-0.9219626225671138,4182,2018-05-11,,0,5,4,1,0,1
131,132,1,0.21075197666209747,0.3037482935690984,0.8583911689862173,0.043006252113430586,4864,2018-05-12,,0,5,5,0,0,1
132,133,2,0.09078659053577794,0.1195513718998492,1.630356796375547,-0.1038368375118695,4105,2018-05-13,,0,5,6,0,0,1
133,134,2,0.14410453992525318,0.1563907562336991,2.051428956769727,-0.7331643644774419,3409,2018-05-14,,0,5,0,1,0,1
134,135,2,0.3707058248305241,0.3774270622367982,1.700535489774577,-0.48143335369121315,4553,2018-05-15,,0,5,1,1,0,1
135,136,1,0.450682748914737,0.4633856256824478,1.139105942582337,-0.8380522856383708,3958,2018-05-16,,0,5,2,1,0,1
136,137,2,0.35737633748315506,0.38970685701474794,1.489999409577487,1.2806837218123903,4123,2018-05-17,,0,5,3,1,0,1
137,138,2,0.30405838809367985,0.3283078831249982,1.700535489774577,0.21082692597091673,3855,2018-05-18,,0,5,4,1,0,1
138,139,2,0.1974224893147289,0.21778973012344885,1.419820716178457,-1.0897832964245997,4575,2018-05-19,,0,5,5,0,0,1
139,140,1,0.22408146400946652,0.3405876779029483,0.6478550887891273,-0.8590298698705564,4917,2018-05-20,,0,5,6,0,0,1
140,141,1,0.5839776223884255,0.5984633682398973,0.01624684819785756,-0.9219626225671138,5805,2018-05-21,,0,5,0,1,0,1
141,142,1,0.5973071097357946,0.610743163017847,0.8583911689862173,-0.5443661063877702,4660,2018-05-22,,0,5,1,1,0,1
142,143,2,0.7439314705568517,0.7089815212414466,1.2794633293803972,0.672333779079003,4274,2018-05-23,,0,5,2,1,0,1
143,144,2,0.9038853187252784,0.7949400846870962,0.7882124755871873,0.2947372628996598,4492,2018-05-24,,0,5,3,1,0,1
144,145,1,0.9038853187252784,0.868618853354796,0.5074977019910674,-0.4604557694590271,4978,2018-05-25,,0,5,4,1,0,1
145,146,1,1.1571455783252864,1.1019349541358452,0.36714031519300744,0.18984934173873105,4677,2018-05-26,,0,5,5,0,0,1
146,147,1,1.023850704851598,1.0036965959122452,0.15660423499591752,0.7562441160077465,4679,2018-05-27,,0,5,6,0,0,1
147,148,1,0.8772263440305403,0.8440592637988963,0.7180337821881573,0.609401026382446,4758,2018-05-28,Memorial Day,1,5,0,0,0,1
148,149,1,0.9438737807673846,0.868618853354796,1.349642022779427,0.37864759982840285,4788,2018-05-29,,0,5,1,1,0,1
149,150,1,1.3037699391463442,1.2124531071373947,0.36714031519300744,-0.7751195329418133,4098,2018-05-30,,0,5,2,1,0,1
150,151,1,1.5303712240516145,1.5440075661420427,0.08642554159688753,-1.0478281279602282,3982,2018-05-31,,0,5,3,1,0,1
151,152,2,1.4637237873147704,1.5071681818081932,0.36714031519300744,0.2947372628996598,3974,2018-06-01,,0,6,4,1,0,1
152,153,1,1.1971340403673931,1.0405359802460956,-2.299650033970132,1.4904595641342477,4968,2018-06-02,,0,6,5,0,0,1
153,154,1,0.6772840338200075,0.6967017264634966,-1.9487565669749818,0.945042374097418,5312,2018-06-03,,0,6,6,0,0,1
154,155,1,0.7572609579042208,0.7335411107973465,-1.176790939585652,-0.8800074541027421,5342,2018-06-04,,0,6,0,1,0,1
155,156,2,0.8372378819884341,0.868618853354796,0.15660423499591752,-0.6702316117808845,4906,2018-06-05,,0,6,1,1,0,1
156,157,1,0.9971917301568604,0.905458237688646,-0.19428923199923237,-0.9009850383349282,4548,2018-06-06,,0,6,2,1,0,1
157,158,1,1.1571455783252864,1.1142147489137946,-0.19428923199923237,0.022028667881244912,4833,2018-06-07,,0,6,3,1,0,1
158,159,1,1.5303712240516145,1.5562873609199928,-0.05393184520117241,-0.6912091960130706,4401,2018-06-08,,0,6,4,1,0,1
159,160,2,1.7036545595674097,1.740484282589242,-0.4048253121963223,-0.5233885221555845,3915,2018-06-09,,0,6,5,0,0,1
160,161,1,1.4237353252726637,1.408929823584594,-0.19428923199923237,-0.6492540275486989,4586,2018-06-10,,0,6,6,0,0,1
161,162,1,1.2504519897568684,1.2492924914712442,0.15660423499591752,-0.4394781852268414,4966,2018-06-11,,0,6,0,1,0,1
162,163,1,1.0771686542410732,1.0405359802460956,0.8583911689862173,-0.313612679833727,4460,2018-06-12,,0,6,1,1,0,1
163,164,1,0.7572609579042208,0.7826602899091465,-0.9662548593885621,1.6792578222239192,5020,2018-06-13,,0,6,2,1,0,1
164,165,1,0.5973071097357946,0.7212613160193968,-0.8258974725905022,1.1548182164192755,4891,2018-06-14,,0,6,3,1,0,1
165,166,1,0.7172724958621142,0.6967017264634966,-1.1066122461866221,-0.2506799271371696,5180,2018-06-15,,0,6,4,1,0,1
166,167,2,0.7306019832094832,0.7458209055752966,0.43731900859203743,0.27375967866747414,3767,2018-06-16,,0,6,5,0,0,1
167,168,1,0.8372378819884341,0.7703804951311964,0.7882124755871873,-0.6072988590843276,4844,2018-06-17,,0,6,6,0,0,1
168,169,1,1.1038276289358113,1.0405359802460956,0.29696162179397745,-0.9429402067992995,5119,2018-06-18,,0,6,0,1,0,1
169,170,2,1.11715711628318,1.0528157750240448,0.29696162179397745,-1.1946712175855285,4744,2018-06-19,,0,6,1,1,0,1
170,171,2,0.7572609579042208,0.7458209055752966,0.8583911689862173,-0.4394781852268414,4010,2018-06-20,,0,6,2,1,0,1
171,172,2,1.0105212175042289,1.0036965959122452,0.9987485557842772,-0.20872475867279824,4835,2018-06-21,,0,6,3,1,0,3
172,173,1,1.3037699391463442,1.3475308496948442,0.5776763953900974,-0.20872475867279824,4507,2018-06-22,,0,6,4,1,0,3
173,174,2,1.277110964451606,1.3475308496948442,0.5074977019910674,0.7352665317755605,4790,2018-06-23,,0,6,5,0,0,3
174,175,1,1.2504519897568684,1.1142147489137946,-0.4048253121963223,0.5045131052215173,4991,2018-06-24,,0,6,6,0,0,3
175,176,1,1.0904981415884423,1.0405359802460956,-1.036433552787592,0.3157148471318455,5202,2018-06-25,,0,6,0,1,0,3
176,177,1,1.0105212175042289,1.0036965959122452,-0.8258974725905022,-1.2995591387464571,5305,2018-06-26,,0,6,1,1,0,3
177,178,2,1.023850704851598,1.0036965959122452,0.22678292839494749,-1.1107608806567855,4708,2018-06-27,,0,6,2,1,0,3
178,179,1,1.3570878885358193,1.335251054916894,0.01624684819785756,-0.5863212748521419,4648,2018-06-28,,0,6,3,1,0,3
179,180,1,1.277110964451606,1.1019349541358452,-0.8960761659895321,1.0499302952583467,5225,2018-06-29,,0,6,4,1,0,3
180,181,1,1.1038276289358113,1.0036965959122452,-1.3873270197827419,-0.019926500583126436,5515,2018-06-30,,0,6,5,0,0,3
181,182,1,1.2371225024094998,1.0896551593578951,-1.5978630999798318,-1.1736936333533425,5362,2018-07-01,,0,7,6,0,0,3
182,183,1,1.3304289138410816,1.1878935175814944,-1.317148326383712,-1.0058729594958566,5119,2018-07-02,,0,7,0,1,0,3
183,184,2,1.2104635277147617,1.1878935175814944,0.36714031519300744,0.5884234421502603,4649,2018-07-03,,0,7,1,1,0,3
184,185,2,1.2637814771042375,1.1756137228035444,0.08642554159688753,-1.4673798126039432,6043,2018-07-04,Independence Day,1,7,2,0,0,3
185,186,1,1.3704173758831883,1.3598106444727935,-0.26446792539826236,-0.8380522856383708,4665,2018-07-05,,0,7,3,1,0,3
186,187,1,1.2237930150621308,1.2984116705830437,0.7882124755871873,-0.5233885221555845,4629,2018-07-06,,0,7,4,1,0,3
187,188,1,1.397076350577926,1.2984116705830437,0.15660423499591752,-0.3765454325302844,4592,2018-07-07,,0,7,5,0,0,3
188,189,2,1.1704750656726555,1.2001733123594445,0.9285698623852472,0.5464682736858887,4040,2018-07-08,,0,7,6,0,0,3
189,190,1,1.3037699391463442,1.163333928025595,-0.1241105386002024,-0.2506799271371696,5336,2018-07-09,,0,7,0,1,0,3
190,191,1,1.3704173758831883,1.322971260138944,-0.3346466187972923,-0.04090408481531211,4881,2018-07-10,,0,7,1,1,0,3
191,192,1,1.4637237873147704,1.5685671556979428,0.08642554159688753,1.343616474508947,4086,2018-07-11,,0,7,2,1,0,3
192,193,1,1.6370071228305656,1.6299661295876926,-0.4750040055953523,0.18984934173873105,4258,2018-07-12,,0,7,3,1,0,3
193,194,1,1.3704173758831883,1.322971260138944,0.01624684819785756,-0.5653436906199558,4342,2018-07-13,,0,7,4,1,0,3
194,195,1,1.0105212175042289,0.9914168011342955,-1.036433552787592,0.7562441160077465,5084,2018-07-14,,0,7,5,0,0,3
195,196,1,0.9172148060726469,0.9177380324665957,-0.26446792539826236,-0.06188166904749816,5538,2018-07-15,,0,7,6,0,0,3
196,197,1,1.0505096795463356,1.0036965959122452,-0.3346466187972923,0.3157148471318455,5923,2018-07-16,,0,7,0,1,0,3
197,198,1,1.2237930150621308,1.2001733123594445,-0.19428923199923237,0.8191768687043032,5302,2018-07-17,,0,7,1,1,0,3
198,199,1,1.3704173758831883,1.408929823584594,0.15660423499591752,0.4206027682927742,4458,2018-07-18,,0,7,2,1,0,3
199,200,1,1.5303712240516145,1.6790853086994921,0.15660423499591752,-0.7751195329418133,4541,2018-07-19,,0,7,3,1,0,3
200,201,1,1.4903827620095078,1.666805513921542,0.5776763953900974,-1.0268505437280426,4332,2018-07-20,,0,7,4,1,0,3
201,202,2,1.743643021609516,2.15799730503954,0.43731900859203743,0.5045131052215173,3784,2018-07-21,,0,7,5,0,0,3
202,203,1,1.9302558444726798,2.24395586848519,-0.3346466187972923,-0.7541419487096277,3387,2018-07-22,,0,7,6,0,0,3
203,204,1,1.9302558444726798,2.022919562482091,-0.8960761659895321,-0.7751195329418133,3285,2018-07-23,,0,7,0,1,0,3
204,205,1,1.8236199456937294,1.9615205885923415,-0.5451826989943822,-0.2506799271371696,3606,2018-07-24,,0,7,1,1,0,3
205,206,1,1.3570878885358193,1.5071681818081932,0.9285698623852472,-1.3415143072108289,3840,2018-07-25,,0,7,2,1,0,3
206,207,1,1.5037122493568769,1.3598106444727935,-0.6153613923934123,0.18984934173873105,4590,2018-07-26,,0,7,3,1,0,3
207,208,1,1.5303712240516145,1.322971260138944,-1.5978630999798318,-0.04090408481531211,4656,2018-07-27,,0,7,4,1,0,3
208,209,1,1.5570301987463522,1.6299661295876926,-0.3346466187972923,-0.1038368375118695,4390,2018-07-28,,0,7,5,0,0,3
209,210,1,1.8769378950832045,1.912401409480541,-0.6153613923934123,-0.1667695902084269,3846,2018-07-29,,0,7,6,0,0,3
210,211,1,1.6903250722200407,1.5562873609199928,-1.1066122461866221,-0.2506799271371696,4475,2018-07-30,,0,7,0,1,0,3
211,212,1,1.6903250722200407,1.5685671556979428,-1.036433552787592,-0.313612679833727,4302,2018-07-31,,0,7,1,1,0,3
212,213,1,1.5037122493568769,1.408929823584594,-0.5451826989943822,-0.41850060099465575,4266,2018-08-01,,0,8,2,1,0,3
213,214,1,1.5703596860937212,1.4334894131404934,-0.9662548593885621,0.27375967866747414,4845,2018-08-02,,0,8,3,1,0,3
214,215,2,1.2904404517989752,1.2615722862491943,0.22678292839494749,-0.7121867802452563,3574,2018-08-03,,0,8,4,1,0,3
215,216,2,1.1704750656726555,1.163333928025595,0.9285698623852472,0.14789417327435933,4576,2018-08-04,,0,8,5,0,0,3
216,217,1,1.1704750656726555,1.1142147489137946,0.01624684819785756,-0.019926500583126436,4866,2018-08-05,,0,8,6,0,0,3
217,218,2,1.2104635277147617,1.237012696693294,0.9285698623852472,0.5884234421502603,4294,2018-08-06,,0,8,0,1,0,3
218,219,1,1.3437584011884502,1.482608592252293,0.8583911689862173,0.21082692597091673,3785,2018-08-07,,0,8,1,1,0,3
219,220,1,1.4770532746621388,1.408929823584594,-0.26446792539826236,0.08496142057780232,4326,2018-08-08,,0,8,2,1,0,3
220,221,1,1.5303712240516145,1.5317277713640933,-0.4048253121963223,-0.5024109379233989,4602,2018-08-09,,0,8,3,1,0,3
221,222,1,1.4770532746621388,1.2861318758050946,-1.457505713181772,0.18984934173873105,4780,2018-08-10,,0,8,4,1,0,3
222,223,1,1.2104635277147617,1.0896551593578951,-1.457505713181772,-0.313612679833727,4792,2018-08-11,,0,8,5,0,0,3
223,224,1,1.1571455783252864,1.1019349541358452,-1.457505713181772,-0.8590298698705564,4905,2018-08-12,,0,8,6,0,0,3
224,225,2,1.037180192198967,1.0528157750240448,0.7180337821881573,0.3576700155962168,4150,2018-08-13,,0,8,0,1,0,3
225,226,2,0.9838622428094913,0.9177380324665957,1.349642022779427,0.5045131052215173,3820,2018-08-14,,0,8,1,1,0,3
226,227,1,0.930544293420016,0.868618853354796,0.5776763953900974,0.3157148471318455,4338,2018-08-15,,0,8,2,1,0,3
227,228,1,1.11715711628318,1.0528157750240448,-0.3346466187972923,0.6933113633111891,4725,2018-08-16,,0,8,3,1,0,3
228,229,1,1.2504519897568684,1.1756137228035444,-0.3346466187972923,-0.6072988590843276,4694,2018-08-17,,0,8,4,1,0,3
229,230,1,1.183804553020024,1.151054133247645,0.15660423499591752,0.6513561948468174,3805,2018-08-18,,0,8,5,0,0,3
230,231,2,1.037180192198967,0.9791370063563454,0.6478550887891273,-0.6702316117808845,4153,2018-08-19,,0,8,6,0,0,3
231,232,1,1.1038276289358113,1.065095569801995,0.29696162179397745,-1.152716049121157,5191,2018-08-20,,0,8,0,1,0,3
232,233,1,1.1704750656726555,1.237012696693294,0.9987485557842772,0.8821096214008606,3873,2018-08-21,,0,8,1,1,0,3
233,234,1,1.0771686542410732,1.0036965959122452,-1.1066122461866221,1.259706137580204,4758,2018-08-22,,0,8,2,1,0,3
234,235,1,0.7972494199463275,0.8072198794650464,-1.176790939585652,-0.5653436906199558,5895,2018-08-23,,0,8,3,1,0,3
235,236,1,0.9705327554621227,0.9545774168004456,-0.19428923199923237,0.945042374097418,5130,2018-08-24,,0,8,4,1,0,3
236,237,2,1.023850704851598,1.0528157750240448,0.9987485557842772,0.33669243136403115,3542,2018-08-25,,0,8,5,0,0,3
237,238,1,1.11715711628318,1.138774338469695,0.9285698623852472,-1.4464022283717575,4661,2018-08-26,,0,8,6,0,0,3
238,239,2,1.0105212175042289,0.9914168011342955,1.560178102976517,2.665204281136649,1115,2018-08-27,,0,8,0,1,0,3
239,240,1,1.1571455783252864,1.065095569801995,-0.4750040055953523,1.6582802379917332,4334,2018-08-28,,0,8,1,1,0,3
240,241,1,0.7705904452515898,0.819499674242996,-0.5451826989943822,-0.3765454325302844,4634,2018-08-29,,0,8,2,1,0,3
241,242,1,0.7839199325989584,0.7335411107973465,-0.5451826989943822,-0.8590298698705564,5204,2018-08-30,,0,8,3,1,0,3
242,243,1,0.8772263440305403,0.8440592637988963,-0.19428923199923237,-1.4464022283717575,5058,2018-08-31,,0,8,4,1,0,3
243,244,1,0.8772263440305403,0.8563390585768459,0.08642554159688753,-0.6282764433165132,5115,2018-09-01,,0,9,5,0,0,3
244,245,2,0.810578907293696,0.7949400846870962,0.7180337821881573,-0.6492540275486989,4727,2018-09-02,,0,9,6,0,0,3
245,246,1,0.9438737807673846,0.9791370063563454,0.6478550887891273,-0.019926500583126436,4484,2018-09-03,Labor Day,1,9,0,0,0,3
246,247,1,1.1704750656726555,1.1756137228035444,0.7882124755871873,0.27375967866747414,4940,2018-09-04,,0,9,1,1,0,3
247,248,2,0.9705327554621227,0.9300178272445458,1.139105942582337,0.37864759982840285,3351,2018-09-05,,0,9,2,1,0,3
248,249,3,0.23741095135683557,0.2546291144572988,1.840892876572637,2.203697428028563,2710,2018-09-06,,0,9,3,1,0,3
249,250,3,0.5706481350410569,0.42654624134859787,2.051428956769727,-1.2576039702820856,1996,2018-09-07,,0,9,4,1,0,3
250,251,3,0.7572609579042208,0.5002250100162977,2.1917863435677867,0.08496142057780232,1842,2018-09-08,,0,9,5,0,0,3
251,252,2,0.8372378819884341,0.6353027525737468,1.911071569971667,-0.8800074541027421,3544,2018-09-09,,0,9,6,0,0,3
252,253,1,0.9038853187252784,0.819499674242996,0.8583911689862173,-0.4604557694590271,5345,2018-09-10,,0,9,0,1,0,3
253,254,1,0.8638968566831717,0.8317794690209461,0.5776763953900974,-1.0058729594958566,5046,2018-09-11,,0,9,1,1,0,3
254,255,1,0.810578907293696,0.7826602899091465,0.43731900859203743,-1.3624918914430144,4713,2018-09-12,,0,9,2,1,0,3
255,256,1,0.8505673693358027,0.7949400846870962,0.5776763953900974,-0.6282764433165132,4763,2018-09-13,,0,9,3,1,0,3
256,257,1,0.9705327554621227,0.9300178272445458,0.5074977019910674,-0.2716575113693556,4785,2018-09-14,,0,9,4,1,0,3
257,258,2,0.450682748914737,0.48794521523834755,0.5776763953900974,1.1967733848836468,3659,2018-09-15,,0,9,5,0,0,3
258,259,2,-0.14914418171686158,-0.07692534454734967,-0.26446792539826236,-0.313612679833727,4760,2018-09-16,,0,9,6,0,0,3
259,260,2,-0.015849308243173005,0.02131301367624954,0.6478550887891273,0.043006252113430586,4511,2018-09-17,,0,9,0,1,0,3
260,261,1,0.06412761584104032,0.0949917823439494,0.5074977019910674,-0.1038368375118695,4274,2018-09-18,,0,9,1,1,0,3
261,262,2,0.2907289007463108,0.3405876779029483,0.43731900859203743,-0.48143335369121315,4539,2018-09-19,,0,9,2,1,0,3
262,263,2,0.35737633748315506,0.3528674726808984,1.7707141831736068,-0.7331643644774419,3641,2018-09-20,,0,9,3,1,0,3
263,264,2,0.5439891603463188,0.4633856256824478,1.911071569971667,-1.2576039702820856,4352,2018-09-21,,0,9,4,1,0,3
264,265,2,0.7306019832094832,0.48794521523834755,1.911071569971667,-0.817074701406185,4795,2018-09-22,,0,9,5,0,0,3
265,266,2,0.6239660844305323,0.2914684987911487,2.402322423764877,-1.5093349810683148,2395,2018-09-23,,0,9,6,0,0,2
266,267,2,0.6106365970831632,0.5493441891280973,1.630356796375547,-1.5093349810683148,5423,2018-09-24,,0,9,0,1,0,2
267,268,2,0.7572609579042208,0.5984633682398973,1.489999409577487,-1.9079090814798438,5010,2018-09-25,,0,9,1,1,0,2
268,269,2,0.8372378819884341,0.7089815212414466,1.560178102976517,-1.068805712192414,4630,2018-09-26,,0,9,2,1,0,2
269,270,2,0.7705904452515898,0.610743163017847,1.840892876572637,-0.9639177910314851,4120,2018-09-27,,0,9,3,1,0,2
270,271,2,0.7572609579042208,0.6230229577957972,1.560178102976517,-0.5233885221555845,3907,2018-09-28,,0,9,4,1,0,2
271,272,1,0.6639545464726389,0.610743163017847,0.5074977019910674,-0.18774717444061256,4839,2018-09-29,,0,9,5,0,0,2
272,273,1,0.3707058248305241,0.42654624134859787,0.15660423499591752,0.27375967866747414,5202,2018-09-30,,0,9,6,0,0,2
273,274,2,-0.46905187805371396,-0.3839202139960983,0.8583911689862173,1.4904595641342477,2429,2018-10-01,,0,10,0,1,0,2
274,275,2,-0.762300599695829,-0.7891534416684466,1.139105942582337,0.5045131052215173,2918,2018-10-02,,0,10,1,1,0,2
275,276,2,-0.6023467515274025,-0.5067181617755978,0.9285698623852472,-1.4464022283717575,3570,2018-10-03,,0,10,2,1,0,2
276,277,1,-0.06916725763264825,-0.015526370657599948,0.5776763953900974,0.27375967866747414,4456,2018-10-04,,0,10,3,1,0,2
277,278,1,0.23741095135683557,0.3283078831249982,0.15660423499591752,-0.12481442174405517,4826,2018-10-05,,0,10,4,1,0,2
278,279,1,-0.002519820895803961,0.03359280845419966,-0.05393184520117241,-0.7331643644774419,4765,2018-10-06,,0,10,5,0,0,2
279,280,1,0.0774571031884089,0.18095034578959893,0.36714031519300744,-2.306483181891373,4985,2018-10-07,,0,10,6,0,0,2
280,281,1,0.14410453992525318,0.24234931967934864,0.5074977019910674,-1.991819418408587,5409,2018-10-08,Columbus Day,1,10,0,0,0,2
281,282,1,0.25074043870420415,0.3037482935690984,0.7180337821881573,-1.719110823390172,5511,2018-10-09,,0,10,1,1,0,2
282,283,1,0.4106942868726303,0.41426644657064815,0.7180337821881573,-2.0337745868729584,5117,2018-10-10,,0,10,2,1,0,2
283,284,2,0.3840353121778927,0.43882603612654797,1.2794633293803972,-0.6072988590843276,4563,2018-10-11,,0,10,3,1,0,2
284,285,3,0.2640699260515732,0.26690890923524846,1.9812502633706968,0.8611320371686753,2416,2018-10-12,,0,10,4,1,0,2
285,286,2,0.5173301856515813,0.4756654204603979,1.911071569971667,-0.6282764433165132,2913,2018-10-13,,0,10,5,0,0,2
286,287,2,0.30405838809367985,0.3405876779029483,0.6478550887891273,0.5254906894537029,3644,2018-10-14,,0,10,6,0,0,2
287,288,1,0.06412761584104032,0.144110961455749,-1.036433552787592,1.0079751267939754,5217,2018-10-15,,0,10,0,1,0,2
288,289,1,0.09078659053577794,0.18095034578959893,-0.9662548593885621,1.343616474508947,5041,2018-10-16,,0,10,1,1,0,2
289,290,1,0.21075197666209747,0.21778973012344885,-0.3346466187972923,-0.14579200597624087,4570,2018-10-17,,0,10,2,1,0,2
290,291,2,0.1974224893147289,0.2914684987911487,0.5074977019910674,-1.068805712192414,4748,2018-10-18,,0,10,3,1,0,2
291,292,3,0.25074043870420415,0.24234931967934864,1.911071569971667,0.7981992844721179,2424,2018-10-19,,0,10,4,1,0,2
292,293,1,-0.10915571967475492,-0.052365754991449874,0.08642554159688753,0.05659857723921595,4195,2018-10-20,,0,10,5,0,0,2
293,294,1,-0.37574546662213204,-0.3102414453283989,-0.4048253121963223,0.4835355209893316,4304,2018-10-21,,0,10,6,0,0,2
294,295,1,-0.40240444131686964,-0.29796165055044876,0.01624684819785756,-1.3205367229786429,4308,2018-10-22,,0,10,0,1,0,2
295,296,1,-0.40240444131686964,-0.3225212401063486,0.7882124755871873,-1.215648801817714,4381,2018-10-23,,0,10,1,1,0,2
296,297,1,-0.1758031564115992,-0.10148493410324992,0.9987485557842772,-0.9429402067992995,4187,2018-10-24,,0,10,2,1,0,2
297,298,1,-0.13581469436949253,-0.0646455497694,-0.05393184520117241,-0.2716575113693556,4687,2018-10-25,,0,10,3,1,0,2
298,299,2,-0.06916725763264825,-0.015526370657599948,0.6478550887891273,-0.5233885221555845,3894,2018-10-26,,0,10,4,1,0,2
299,300,2,-0.13581469436949253,-0.10148493410324992,1.2794633293803972,0.16887175750654537,2659,2018-10-27,,0,10,5,0,0,2
300,301,2,-0.8955954731695175,-0.9610705685597459,-0.26446792539826236,0.609401026382446,3747,2018-10-28,,0,10,6,0,0,2
301,302,3,-1.322139068285321,-1.5136613335674935,1.7707141831736068,2.3085853491894914,627,2018-10-29,,0,10,0,1,0,2
302,303,1,-0.9622429099063617,-0.9365109790038458,-0.05393184520117241,-0.14579200597624087,3331,2018-10-30,,0,10,1,1,0,2
303,304,1,-0.8556070111274109,-0.7277544677786969,0.5074977019910674,-1.1317384648889712,3669,2018-10-31,,0,10,2,1,0,2
304,305,1,-0.5223698274431897,-0.4698787774417483,0.36714031519300744,-0.7121867802452563,4068,2018-11-01,,0,11,3,1,0,2
305,306,1,-0.6423352135695092,-0.5189979565535479,0.6478550887891273,-1.4673798126039432,4186,2018-11-02,,0,11,4,1,0,2
306,307,1,-0.482381365401083,-0.42075959832994825,0.5074977019910674,-0.6912091960130706,3974,2018-11-03,,0,11,5,0,0,2
307,308,2,-0.5090403400958207,-0.43303939310789835,-0.05393184520117241,1.1967733848836468,4046,2018-11-04,,0,11,6,0,0,2
308,309,1,-0.9222544478642551,-0.9242311842258962,-0.7557187791914721,0.043006252113430586,3926,2018-11-05,,0,11,0,1,0,2
309,310,1,-0.8022890617379353,-0.690915083444847,0.7180337821881573,-1.3205367229786429,3649,2018-11-06,,0,11,1,1,0,2
310,311,1,-0.5490288021379273,-0.45759898266379817,0.9285698623852472,-1.8239987445511008,4035,2018-11-07,,0,11,2,1,0,2
311,312,1,-0.482381365401083,-0.3839202139960983,0.6478550887891273,-1.656178070693615,4205,2018-11-08,,0,11,3,1,0,2
312,313,1,-0.5223698274431897,-0.39620000877404843,0.9285698623852472,-1.7400884076223582,4109,2018-11-09,,0,11,4,1,0,2
313,314,2,-0.6290057262221403,-0.6172363147771476,1.2794633293803972,0.043006252113430586,2933,2018-11-10,,0,11,5,0,0,2
314,315,1,-0.935583935211624,-1.0347493372274454,-1.246969632984682,1.805123327617034,3368,2018-11-11,Veterans Day,1,11,6,0,0,2
315,316,1,-0.762300599695829,-0.7154746730007472,-0.5451826989943822,0.3576700155962168,4067,2018-11-12,Veterans Day (Observed),1,11,0,0,0,2
316,317,1,-0.29576854253791873,-0.273402060994549,-1.176790939585652,1.343616474508947,3717,2018-11-13,,0,11,1,1,0,2
317,318,1,0.18409300196735984,0.3037482935690984,-0.26446792539826236,1.6792578222239192,4486,2018-11-14,,0,11,2,1,0,2
318,319,2,0.18409300196735984,0.20550993534549872,0.43731900859203743,0.18984934173873105,4195,2018-11-15,,0,11,3,1,0,2
319,320,3,-0.21579161845370587,-0.13832431843709941,2.1216076501687566,-0.6912091960130706,1817,2018-11-16,,0,11,4,1,0,2
320,321,2,-0.8422775237800421,-0.9242311842258962,-0.3346466187972923,1.6792578222239192,3053,2018-11-17,,0,11,5,0,0,2
321,322,1,-1.21550316950637,-1.2435058484525947,-1.527684406580802,-0.2506799271371696,3392,2018-11-18,,0,11,6,0,0,2
322,323,1,-0.9089249605168863,-0.9242311842258962,-0.8960761659895321,0.5254906894537029,3663,2018-11-19,,0,11,0,1,0,2
323,324,2,-0.1758031564115992,-0.10148493410324992,0.36714031519300744,0.0010510836490592388,3520,2018-11-20,,0,11,1,1,0,2
324,325,3,-0.2557800804958125,-0.17516370277094934,1.9812502633706968,-0.6912091960130706,2765,2018-11-21,,0,11,2,1,0,2
325,326,3,-0.4290634160116073,-0.3225212401063486,2.3321437303658468,-0.9429402067992995,1607,2018-11-22,Thanksgiving,1,11,3,0,0,2
326,327,2,-0.29576854253791873,-0.273402060994549,0.9285698623852472,2.0988095068676342,2566,2018-11-23,,0,11,4,1,0,2
327,328,1,-0.6689941882642468,-0.6295161095550973,-0.5451826989943822,-0.2716575113693556,1495,2018-11-24,,0,11,5,0,0,2
328,329,1,-0.655664700916878,-0.5803969304432977,0.08642554159688753,-1.2366263860499,2792,2018-11-25,,0,11,6,0,0,2
329,330,1,-0.655664700916878,-0.5435575461094477,0.36714031519300744,-1.656178070693615,3068,2018-11-26,,0,11,0,1,0,2
330,331,1,-0.20246213110633682,-0.1137647288811996,0.5074977019910674,0.3157148471318455,3071,2018-11-27,,0,11,1,1,0,2
331,332,1,0.0374686411463027,0.0949917823439494,0.7882124755871873,-0.6282764433165132,3867,2018-11-28,,0,11,2,1,0,2
332,333,2,-0.20246213110633682,-0.13832431843709941,1.419820716178457,1.0079751267939754,2914,2018-11-29,,0,11,3,1,0,2
333,334,1,-0.935583935211624,-0.9979099528935959,-0.1241105386002024,1.1967733848836468,3613,2018-11-30,,0,11,4,1,0,2
334,335,1,-1.0022313719484681,-1.0347493372274454,-0.7557187791914721,0.4835355209893316,3727,2018-12-01,,0,12,5,0,0,2
335,336,1,-0.9889018846010994,-0.8751120051140961,0.01624684819785756,-1.1946712175855285,3940,2018-12-02,,0,12,6,0,0,2
336,337,1,-1.0688788086853125,-1.0101897476715458,-0.1241105386002024,-1.2785815545142714,3614,2018-12-03,,0,12,0,1,0,2
337,338,1,-0.8955954731695175,-0.7645938521125468,1.0689272491833073,-1.4464022283717575,3485,2018-12-04,,0,12,1,1,0,2
338,339,2,-0.6023467515274025,-0.4944383669976481,1.419820716178457,-1.7400884076223582,3811,2018-12-05,,0,12,2,1,0,2
339,340,3,-0.1758031564115992,-0.1137647288811996,2.2619650369668167,0.6513561948468174,2594,2018-12-06,,0,12,3,1,0,2
340,341,3,-0.46905187805371396,-0.45759898266379817,2.402322423764877,1.112863047954904,705,2018-12-07,,0,12,4,1,0,2
341,342,1,-1.2554916315484765,-1.3417442066761942,-0.3346466187972923,0.7562441160077465,3322,2018-12-08,,0,12,5,0,0,2
342,343,1,-1.122196758074788,-0.9610705685597459,0.5074977019910674,-1.4673798126039432,3620,2018-12-09,,0,12,6,0,0,2
343,344,1,-1.202173682159001,-1.2803452327864444,-0.8258974725905022,0.6513561948468174,3190,2018-12-10,,0,12,0,1,0,2
344,345,1,-1.508751891148485,-1.3540240014541443,-0.9662548593885621,-1.6771556549258007,2743,2018-12-11,,0,12,1,1,0,2
345,346,1,-1.4021159923695339,-1.2557856432305448,0.29696162179397745,-1.719110823390172,3310,2018-12-12,,0,12,2,1,0,2
346,347,1,-1.1621852201168947,-1.0593089267833455,-0.26446792539826236,-0.6492540275486989,3523,2018-12-13,,0,12,3,1,0,2
347,348,2,-0.9755723972537306,-0.8382726207802467,0.22678292839494749,-1.7610659918545437,3740,2018-12-14,,0,12,4,1,0,2
348,349,2,-0.40240444131686964,-0.3839202139960983,0.01624684819785756,1.1548182164192755,3709,2018-12-15,,0,12,5,0,0,2
349,350,2,-0.655664700916878,-0.7031948782227971,-0.8960761659895321,1.0499302952583467,3577,2018-12-16,,0,12,6,0,0,2
350,351,2,-1.2954800935905832,-1.3785835910100441,-0.4750040055953523,0.7981992844721179,2739,2018-12-17,,0,12,0,1,0,2
351,352,1,-1.4021159923695339,-1.403143180565944,-0.26446792539826236,-0.22970234290498392,2431,2018-12-18,,0,12,1,1,0,2
352,353,1,-1.202173682159001,-1.194386669340795,0.08642554159688753,-0.18774717444061256,3403,2018-12-19,,0,12,2,1,0,2
353,354,2,-0.6023467515274025,-0.482158572219698,-0.19428923199923237,-1.7610659918545437,3750,2018-12-20,,0,12,3,1,0,2
354,355,2,-0.362415979274763,-0.2856818557724991,1.630356796375547,0.4835355209893316,2660,2018-12-21,,0,12,4,1,0,0
355,356,2,-0.3890749539695011,-0.29796165055044876,0.9285698623852472,-1.9498642499442156,3068,2018-12-22,,0,12,5,0,0,0
356,357,1,-0.6689941882642468,-0.5926767252212477,0.43731900859203743,1.2387285533480181,2209,2018-12-23,,0,12,6,0,0,0
357,358,1,-1.0555493213379437,-1.0715887215612954,-0.6153613923934123,0.06398383634561663,1011,2018-12-24,,0,12,0,1,0,0
358,359,1,-1.202173682159001,-1.194386669340795,0.36714031519300744,-0.4394781852268414,754,2018-12-25,Christmas Day,1,12,1,0,0,0
359,360,1,-0.948913422558993,-0.9733503633376958,-0.8258974725905022,0.7352665317755605,1317,2018-12-26,,0,12,2,1,0,0
360,361,2,-0.935583935211624,-0.8996715946699964,0.9285698623852472,0.022028667881244912,1162,2018-12-27,,0,12,3,1,0,0
361,362,1,-1.0688788086853125,-1.194386669340795,-0.8960761659895321,1.511437148366433,2302,2018-12-28,,0,12,4,1,0,0
362,363,1,-1.3487980429800588,-1.2926250275643947,-0.4048253121963223,-0.9429402067992995,2423,2018-12-29,,0,12,5,0,0,0
363,364,1,-1.0022313719484681,-0.9610705685597459,0.08642554159688753,-0.7331643644774419,2999,2018-12-30,,0,12,6,0,0,0
364,365,1,-0.46905187805371396,-0.37164041921814867,-0.05393184520117241,0.4835355209893316,2485,2018-12-31,,0,12,0,1,0,0
365,366,1,-0.6823236756116159,-0.6049565199991974,0.43731900859203743,0.08496142057780232,2294,2019-01-01,New Year's Day,1,1,1,0,1,0
366,367,1,-1.21550316950637,-1.3663037962320943,-1.7382204867778919,2.0148991699388916,1951,2019-01-02,,0,1,2,1,1,0
367,368,1,-1.881977536874813,-2.1399308672429407,-1.317148326383712,2.518361191511349,2236,2019-01-03,,0,1,3,1,1,0
368,369,2,-2.1219083091274524,-2.1767702515767904,-1.527684406580802,-0.019926500583126436,2368,2019-01-04,,0,1,4,1,1,0
369,370,1,-1.2554916315484765,-1.2066664641187448,-0.7557187791914721,-0.7960971171739993,3272,2019-01-05,,0,1,5,0,1,0
370,371,1,-0.8822659858221487,-0.8259928260022965,-0.6153613923934123,-0.2716575113693556,4098,2019-01-06,,0,1,6,0,1,0
371,372,1,-0.5623582894852959,-0.5189979565535479,-0.6855400857924422,-0.1667695902084269,4521,2019-01-07,,0,1,0,1,1,0
372,373,1,-0.8689364984747796,-0.8259928260022965,-1.176790939585652,0.06398383634561663,3425,2019-01-08,,0,1,1,1,1,0
373,374,2,-1.4820929164537473,-1.390863385787994,0.5074977019910674,-1.2366263860499,2376,2019-01-09,,0,1,2,1,1,0
374,375,1,-1.0155608592958372,-0.9610705685597459,0.15660423499591752,0.022028667881244912,3598,2019-01-10,,0,1,3,1,1,0
375,376,2,-1.21550316950637,-1.182106874562845,1.560178102976517,-0.7751195329418133,2177,2019-01-11,,0,1,4,1,1,0
376,377,2,-0.6156762388747715,-0.5681171356653475,1.2092846359813672,-0.08285925327968383,4097,2019-01-12,,0,1,5,0,1,0
377,378,1,-1.21550316950637,-1.3785835910100441,-0.8258974725905022,2.686181865368835,3214,2019-01-13,,0,1,6,0,1,0
378,379,1,-1.7220236887063864,-1.7838168186823924,-1.176790939585652,0.0010510836490592388,2493,2019-01-14,,0,1,0,1,1,0
379,380,1,-1.8020006127905996,-1.9188945612398418,-1.457505713181772,0.9030872056330466,2311,2019-01-15,,0,1,1,1,1,0
380,381,1,-1.6687057393169111,-1.7469774343485425,-0.7557187791914721,0.6303786106146317,2298,2019-01-16,,0,1,2,1,1,0
381,382,2,-0.6689941882642468,-0.6786352886668973,0.6478550887891273,2.2876077649573054,2935,2019-01-17,,0,1,3,1,1,0
382,383,1,-1.0555493213379437,-1.2189462588966948,-1.317148326383712,0.05659857723921595,3376,2019-01-18,,0,1,4,1,1,0
383,384,1,-1.6687057393169111,-1.7469774343485425,-0.8960761659895321,0.4835355209893316,3292,2019-01-19,,0,1,5,0,1,0
384,385,2,-1.5220813784958538,-1.5627805126792933,-1.246969632984682,0.23180451020310242,3163,2019-01-20,,0,1,6,0,1,0
385,386,2,-1.7620121507484932,-1.8452157925721422,1.419820716178457,0.5045131052215173,1301,2019-01-21,Martin Luther King Jr. Day,1,1,0,0,1,0
386,387,2,-1.8153301001379687,-1.9188945612398418,1.2092846359813672,0.18984934173873105,1977,2019-01-22,,0,1,1,1,1,0
387,388,2,-1.508751891148485,-1.415422975343894,1.9812502633706968,-1.068805712192414,2432,2019-01-23,,0,1,2,1,1,0
388,389,1,-0.8422775237800421,-0.7645938521125468,1.489999409577487,-0.8800074541027421,4339,2019-01-24,,0,1,3,1,1,0
389,390,1,-1.0955377833800504,-1.1084281058951453,0.08642554159688753,-0.35556784829809834,4270,2019-01-25,,0,1,4,1,1,0
390,391,2,-0.8422775237800421,-0.7277544677786969,0.9987485557842772,-1.5932453179970576,4075,2019-01-26,,0,1,5,0,1,0
391,392,2,-0.3890749539695011,-0.3593606244401985,0.7882124755871873,2.203697428028563,3456,2019-01-27,,0,1,6,0,1,0
392,393,1,-0.9755723972537306,-0.9119513894479461,-0.6153613923934123,0.33669243136403115,4023,2019-01-28,,0,1,0,1,1,0
393,394,1,-1.1621852201168947,-1.2435058484525947,-2.2294713405711017,0.7562441160077465,3243,2019-01-29,,0,1,1,1,1,0
394,395,1,-1.2421621442011077,-1.3049048223423445,-1.5978630999798318,0.4206027682927742,3624,2019-01-30,,0,1,2,1,1,0
395,396,1,-0.5756877768326649,-0.5681171356653475,-1.457505713181772,1.0499302952583467,4509,2019-01-31,,0,1,3,1,1,0
396,397,1,-0.14914418171686158,-0.052365754991449874,-0.8258974725905022,0.043006252113430586,4579,2019-02-01,,0,2,4,1,1,0
397,398,2,-0.5223698274431897,-0.4698787774417483,0.29696162179397745,0.0010510836490592388,3761,2019-02-02,,0,2,5,0,1,0
398,399,1,-1.0022313719484681,-1.0101897476715458,-0.6855400857924422,-0.1038368375118695,4151,2019-02-03,,0,2,6,0,1,0
399,400,2,-1.2688211188958454,-1.2435058484525947,1.0689272491833073,-0.9009850383349282,2832,2019-02-04,,0,2,0,1,1,0
400,401,2,-1.2554916315484765,-1.2926250275643947,0.43731900859203743,-0.14579200597624087,2947,2019-02-05,,0,2,1,1,1,0
401,402,1,-1.1621852201168947,-1.0961483111171952,-0.05393184520117241,-0.4604557694590271,3784,2019-02-06,,0,2,2,1,1,0
402,403,1,-0.7756300870431978,-0.690915083444847,-0.8960761659895321,-0.5443661063877702,4375,2019-02-07,,0,2,3,1,1,0
403,404,2,-1.308809580937952,-1.2803452327864444,0.6478550887891273,-0.7331643644774419,2802,2019-02-08,,0,2,4,1,1,0
404,405,1,-1.2554916315484765,-1.3049048223423445,-0.4750040055953523,0.10593900480998798,3830,2019-02-09,,0,2,5,0,1,0
405,406,2,-1.1755147074642636,-1.1084281058951453,-0.6153613923934123,-0.984895375263671,3831,2019-02-10,,0,2,6,0,1,0
406,407,3,-1.4820929164537473,-1.624179486569043,0.7180337821881573,1.4485043956698755,2169,2019-02-11,,0,2,0,1,1,0
407,408,1,-2.0152724103485014,-2.28728840457834,-1.176790939585652,0.05659857723921595,1529,2019-02-12,,0,2,1,1,1,0
408,409,1,-1.4954224038011161,-1.5136613335674935,-1.527684406580802,-0.2716575113693556,3422,2019-02-13,,0,2,2,1,1,0
409,410,2,-0.9622429099063617,-0.8628322103361464,-0.8258974725905022,-0.6282764433165132,3922,2019-02-14,,0,2,3,1,1,0
410,411,1,-0.8022890617379353,-0.7523140573345967,-0.6855400857924422,-0.06188166904749816,4169,2019-02-15,,0,2,4,1,1,0
411,412,2,-0.9755723972537306,-0.8873917998920463,0.8583911689862173,-1.3415143072108289,3005,2019-02-16,,0,2,5,0,1,0
412,413,1,-0.8289480364326732,-0.7523140573345967,0.01624684819785756,0.27375967866747414,4154,2019-02-17,,0,2,6,0,1,0
413,414,1,-0.8156185490853044,-0.7277544677786969,-0.6855400857924422,0.06398383634561663,4318,2019-02-18,Washington's Birthday,1,2,0,0,1,0
414,415,2,-1.1755147074642636,-1.2803452327864444,-0.7557187791914721,0.945042374097418,2689,2019-02-19,,0,2,1,1,1,0
415,416,1,-1.1755147074642636,-1.2312260536746449,-0.8258974725905022,0.5884234421502603,3129,2019-02-20,,0,2,2,1,1,0
416,417,1,-1.1355262454221569,-1.0961483111171952,-0.26446792539826236,0.27375967866747414,3777,2019-02-21,,0,2,3,1,1,0
417,418,1,-0.5490288021379273,-0.5067181617755978,-0.4048253121963223,0.672333779079003,4773,2019-02-22,,0,2,4,1,1,0
418,419,1,-0.22912110580107442,-0.18744349754889944,-0.5451826989943822,0.06398383634561663,5062,2019-02-23,,0,2,5,0,1,0
419,420,2,-0.482381365401083,-0.39620000877404843,0.7882124755871873,0.7142889475433748,3487,2019-02-24,,0,2,6,0,1,0
420,421,1,-1.122196758074788,-1.3417442066761942,-1.5978630999798318,0.05659857723921595,2732,2019-02-25,,0,2,0,1,1,0
421,422,1,-1.1888441948116322,-1.2680654380084946,-1.527684406580802,0.27375967866747414,3389,2019-02-26,,0,2,1,1,1,0
422,423,1,-0.7089826503063534,-0.7154746730007472,-0.9662548593885621,1.1548182164192755,4322,2019-02-27,,0,2,2,1,1,0
423,424,1,-0.7489711123484601,-0.7400342625566471,-1.5978630999798318,0.10593900480998798,4363,2019-02-28,,0,2,3,1,1,0
424,425,1,-0.05583777028527967,0.009033218898299857,-0.05393184520117241,0.5674458579180743,4990,2019-03-01,,0,3,4,1,1,0
425,426,2,-0.7756300870431978,-0.7031948782227971,0.22678292839494749,-0.5863212748521419,3194,2019-03-02,,0,3,5,0,1,0
426,427,2,-0.44239290335897635,-0.37164041921814867,-0.05393184520117241,-0.35556784829809834,4066,2019-03-03,,0,3,6,0,1,0
427,428,1,-0.9222544478642551,-1.0470291320053957,-1.5978630999798318,2.0778319226354482,3423,2019-03-04,,0,3,0,1,1,0
428,429,1,-1.3754570176747962,-1.4277027701218439,-0.8258974725905022,0.5884234421502603,3333,2019-03-05,,0,3,1,1,1,0
429,430,1,-1.2954800935905832,-1.3417442066761942,-1.176790939585652,0.21082692597091673,3956,2019-03-06,,0,3,2,1,1,0
430,431,1,-0.49571085274845156,-0.5435575461094477,-0.8258974725905022,2.2456525964929344,4916,2019-03-07,,0,3,3,1,1,0
431,432,1,0.17076351461999129,0.3037482935690984,-0.4048253121963223,0.05659857723921595,5382,2019-03-08,,0,3,4,1,1,0
432,433,2,-0.46905187805371396,-0.4698787774417483,-1.527684406580802,0.05659857723921595,4569,2019-03-09,,0,3,5,0,1,0
433,434,1,-1.1355262454221569,-1.2066664641187448,-1.9487565669749818,0.5464682736858887,4118,2019-03-10,,0,3,6,0,1,0
434,435,1,-0.7356416250010911,-0.7031948782227971,-1.036433552787592,0.5045131052215173,4911,2019-03-11,,0,3,0,1,1,0
435,436,1,-0.16247366906423014,-0.0892051393252998,-0.9662548593885621,0.2947372628996598,5298,2019-03-12,,0,3,1,1,1,0
436,437,1,0.3840353121778927,0.41426644657064815,-0.05393184520117241,0.7142889475433748,5847,2019-03-13,,0,3,2,1,1,0
437,438,1,0.42402377421999937,0.45110583090449763,-0.8258974725905022,-1.0058729594958566,6312,2019-03-14,,0,3,3,1,1,0
438,439,1,0.344046850135786,0.3528674726808984,-0.3346466187972923,-0.5233885221555845,6192,2019-03-15,,0,3,4,1,1,0
439,440,2,-0.32242751723265684,-0.23656267666069905,1.489999409577487,-1.0268505437280426,4378,2019-03-16,,0,3,5,0,1,0
440,441,2,0.10411607788314699,0.19323014056754903,0.9285698623852472,-1.068805712192414,7836,2019-03-17,,0,3,6,0,1,0
441,442,2,-0.12248520702212395,-0.0646455497694,1.2794633293803972,-0.8380522856383708,5892,2019-03-18,,0,3,0,1,1,0
442,443,1,0.2640699260515732,0.3528674726808984,0.7180337821881573,-0.3345902640659127,6153,2019-03-19,,0,3,1,1,1,0
443,444,1,0.35737633748315506,0.38970685701474794,1.2794633293803972,-0.9219626225671138,6093,2019-03-20,,0,3,2,1,1,0
444,445,2,0.1974224893147289,0.24234931967934864,1.349642022779427,-1.3624918914430144,6230,2019-03-21,,0,3,3,1,1,1
445,446,1,0.3173878754410484,0.3528674726808984,1.419820716178457,-0.9639177910314851,6871,2019-03-22,,0,3,4,1,1,1
446,447,2,0.5839776223884255,0.5861835734619473,0.43731900859203743,-0.984895375263671,8362,2019-03-23,,0,3,5,0,1,1
447,448,2,0.0374686411463027,0.07043219278804959,1.840892876572637,0.08496142057780232,3372,2019-03-24,,0,3,6,0,1,1
448,449,2,-0.32242751723265684,-0.22428288188274936,1.7707141831736068,0.4835355209893316,4996,2019-03-25,,0,3,0,1,1,1
449,450,1,-0.2691095678431811,-0.22428288188274936,-1.036433552787592,0.05659857723921595,5558,2019-03-26,,0,3,1,1,1,1
450,451,1,-0.935583935211624,-0.9733503633376958,-2.3698287273691614,0.0010510836490592388,5102,2019-03-27,,0,3,2,1,1,1
451,452,1,-0.06916725763264825,-0.02780616543555007,-1.036433552787592,1.4694819799020618,5698,2019-03-28,,0,3,3,1,1,1
452,453,1,-0.002519820895803961,0.04587260323214978,-1.317148326383712,1.8680560803135906,6133,2019-03-29,,0,3,4,1,1,1
453,454,2,-0.6823236756116159,-0.6049565199991974,-0.3346466187972923,-0.6702316117808845,5459,2019-03-30,,0,3,5,0,1,1
454,455,2,-0.3890749539695011,-0.3225212401063486,0.7882124755871873,0.9030872056330466,6235,2019-03-31,,0,3,6,0,1,1
455,456,2,-0.37574546662213204,-0.34708082966224885,0.36714031519300744,-0.20872475867279824,6041,2019-04-01,,0,4,0,1,1,1
456,457,1,-0.3357570045800254,-0.2856818557724991,-0.8960761659895321,1.7631681591526618,5936,2019-04-02,,0,4,1,1,1,1
457,458,1,-0.16247366906423014,-0.07692534454734967,-1.5978630999798318,-1.215648801817714,6772,2019-04-03,,0,4,2,1,1,1
458,459,1,0.25074043870420415,0.3651472674588481,-1.1066122461866221,-0.08285925327968383,6436,2019-04-04,,0,4,3,1,1,1
459,460,1,-0.3357570045800254,-0.26112226621659884,-1.8083991801769217,0.46255793675714557,6457,2019-04-05,,0,4,4,1,1,1
460,461,1,-0.5090403400958207,-0.5189979565535479,-1.7382204867778919,1.5953474852951766,6460,2019-04-06,,0,4,5,0,1,1
461,462,1,-0.32242751723265684,-0.29796165055044876,-2.6505435009652816,1.2387285533480181,6857,2019-04-07,,0,4,6,0,1,1
462,463,1,0.02413915379893366,0.10727157712189951,-2.4400074207681914,0.6513561948468174,5169,2019-04-08,,0,4,0,1,1,1
463,464,1,-0.02917879559054158,0.009033218898299857,-2.1592926471720717,2.4134732703504205,5585,2019-04-09,,0,4,1,1,1,1
464,465,1,-0.2691095678431811,-0.23656267666069905,-1.317148326383712,0.8821096214008606,5918,2019-04-10,,0,4,2,1,1,1
465,466,1,-0.8022890617379353,-0.8382726207802467,-1.1066122461866221,1.532414732598619,4862,2019-04-11,,0,4,3,1,1,1
466,467,1,-0.5356993147905582,-0.531277751331498,-1.1066122461866221,1.4694819799020618,5409,2019-04-12,,0,4,4,1,1,1
467,468,1,-0.29576854253791873,-0.26112226621659884,-1.527684406580802,-0.4394781852268414,6398,2019-04-13,,0,4,5,0,1,1
468,469,1,-0.002519820895803961,0.08271198756599928,-0.8960761659895321,0.06398383634561663,7460,2019-04-14,,0,4,6,0,1,1
469,470,1,0.6106365970831632,0.610743163017847,-0.8258974725905022,0.5464682736858887,7132,2019-04-15,,0,4,0,1,1,1
470,471,1,0.9172148060726469,0.8563390585768459,-0.4750040055953523,1.385571642973319,6370,2019-04-16,,0,4,1,1,1,1
471,472,1,0.6106365970831632,0.7581007003532463,-1.6680417933788618,1.2177509691158328,6691,2019-04-17,,0,4,2,1,1,1
472,473,2,-0.1758031564115992,-0.10148493410324992,-0.4048253121963223,-0.2506799271371696,4367,2019-04-18,,0,4,3,1,1,1
473,474,1,0.010809666451564611,0.1195513718998492,-0.1241105386002024,-1.6981332391579864,6565,2019-04-19,,0,4,4,1,1,1
474,475,1,0.17076351461999129,0.2546291144572988,0.43731900859203743,-0.5233885221555845,7290,2019-04-20,,0,4,5,0,1,1
475,476,1,0.4106942868726303,0.41426644657064815,0.36714031519300744,1.364594058741133,6624,2019-04-21,,0,4,6,0,1,1
476,477,3,-0.5356993147905582,-0.5189979565535479,1.489999409577487,2.224675012260749,1027,2019-04-22,,0,4,0,1,1,1
477,478,2,-0.948913422558993,-1.0593089267833455,0.9987485557842772,1.6373026537595479,3214,2019-04-23,,0,4,1,1,1,1
478,479,1,-0.44239290335897635,-0.42075959832994825,-1.246969632984682,0.8821096214008606,5633,2019-04-24,,0,4,2,1,1,1
479,480,1,-0.10915571967475492,-0.02780616543555007,-1.3873270197827419,-0.9429402067992995,6196,2019-04-25,,0,4,3,1,1,1
480,481,2,0.010809666451564611,0.058152398010099464,0.9285698623852472,-0.14579200597624087,5026,2019-04-26,,0,4,4,1,1,1
481,482,1,-0.20246213110633682,-0.13832431843709941,-1.5978630999798318,2.2666301807251203,6233,2019-04-27,,0,4,5,0,1,1
482,483,2,-0.655664700916878,-0.5926767252212477,-0.9662548593885621,-0.7960971171739993,4220,2019-04-28,,0,4,6,0,1,1
483,484,1,-0.20246213110633682,-0.15060411321504952,-0.26446792539826236,-0.984895375263671,6304,2019-04-29,,0,4,0,1,1,1
484,485,2,-0.1758031564115992,-0.10148493410324992,-0.4048253121963223,-0.20872475867279824,5572,2019-04-30,,0,4,1,1,1,1
485,486,2,0.6506250591252698,0.6353027525737468,0.22678292839494749,-0.41850060099465575,5740,2019-05-01,,0,5,2,1,1,1
486,487,1,0.3707058248305241,0.38970685701474794,1.2092846359813672,-0.6912091960130706,6169,2019-05-02,,0,5,3,1,1,1
487,488,2,0.35737633748315506,0.38970685701474794,0.9987485557842772,-0.7331643644774419,6421,2019-05-03,,0,5,4,1,1,1
488,489,1,0.7172724958621142,0.7089815212414466,0.7882124755871873,-0.3345902640659127,6296,2019-05-04,,0,5,5,0,1,1
489,490,2,0.6906135211673765,0.6721421369075967,0.9285698623852472,-0.4604557694590271,6883,2019-05-05,,0,5,6,0,1,1
490,491,2,0.3707058248305241,0.43882603612654797,0.7882124755871873,-0.5233885221555845,6359,2019-05-06,,0,5,0,1,1,1
491,492,2,0.22408146400946652,0.3283078831249982,0.22678292839494749,0.6303786106146317,6273,2019-05-07,,0,5,1,1,1,1
492,493,2,0.464012236262106,0.5125048047942474,0.43731900859203743,1.532414732598619,5728,2019-05-08,,0,5,2,1,1,1
493,494,2,0.4373532615673684,0.48794521523834755,0.7882124755871873,0.4206027682927742,4717,2019-05-09,,0,5,3,1,1,1
494,495,1,0.050798128493671275,0.10727157712189951,-0.5451826989943822,1.784145743384848,6572,2019-05-10,,0,5,4,1,1,1
495,496,1,0.21075197666209747,0.27918870401319856,-1.8785778735759517,0.7142889475433748,7030,2019-05-11,,0,5,5,0,1,1
496,497,1,0.3707058248305241,0.42654624134859787,-1.036433552787592,-0.9009850383349282,7429,2019-05-12,,0,5,6,0,1,1
497,498,1,0.6372955717779013,0.6844219316855469,-0.3346466187972923,0.5464682736858887,6118,2019-05-13,,0,5,0,1,1,1
498,499,2,0.42402377421999937,0.4633856256824478,1.139105942582337,0.37864759982840285,2843,2019-05-14,,0,5,1,1,1,1
499,500,2,0.6372955717779013,0.6230229577957972,1.139105942582337,-0.5443661063877702,5115,2019-05-15,,0,5,2,1,1,1
500,501,1,0.7705904452515898,0.7458209055752966,0.5074977019910674,-0.9009850383349282,7424,2019-05-16,,0,5,3,1,1,1
501,502,1,0.5306596729989503,0.5984633682398973,-0.7557187791914721,0.609401026382446,7384,2019-05-17,,0,5,4,1,1,1
502,503,1,0.3707058248305241,0.4756654204603979,-0.7557187791914721,-0.6912091960130706,7639,2019-05-18,,0,5,5,0,1,1
503,504,1,0.5706481350410569,0.5616239839060474,-1.176790939585652,-1.4464022283717575,8294,2019-05-19,,0,5,6,0,1,1
504,505,1,0.6772840338200075,0.6721421369075967,-0.6855400857924422,0.945042374097418,7129,2019-05-20,,0,5,0,1,1,1
505,506,2,0.5573186476936879,0.5616239839060474,1.2794633293803972,0.6513561948468174,4359,2019-05-21,,0,5,1,1,1,1
506,507,2,0.6506250591252698,0.647582547351697,0.9987485557842772,-0.9639177910314851,6073,2019-05-22,,0,5,2,1,1,1
507,508,2,0.6906135211673765,0.6721421369075967,0.9987485557842772,-1.1946712175855285,5260,2019-05-23,,0,5,3,1,1,1
508,509,1,0.8772263440305403,0.8072198794650464,0.6478550887891273,-0.18774717444061256,6770,2019-05-24,,0,5,4,1,1,1
509,510,1,1.0105212175042289,0.9422976220224955,0.8583911689862173,-0.6492540275486989,6734,2019-05-25,,0,5,5,0,1,1
510,511,1,1.0771686542410732,1.0282561854681453,0.7180337821881573,0.16887175750654537,6536,2019-05-26,,0,5,6,0,1,1
511,512,1,1.0638391668937046,1.0282561854681453,0.5074977019910674,0.39962518406058856,6591,2019-05-27,Memorial Day,1,5,0,0,1,1
512,513,1,1.183804553020024,1.2615722862491943,0.36714031519300744,0.14789417327435933,6043,2019-05-28,,0,5,1,1,1,1
513,514,1,1.2371225024094998,1.2124531071373947,0.36714031519300744,1.532414732598619,5743,2019-05-29,,0,5,2,1,1,1
514,515,2,0.8772263440305403,0.8440592637988963,0.29696162179397745,-0.7331643644774419,6855,2019-05-30,,0,5,3,1,1,1
515,516,1,1.0105212175042289,0.9668572115783958,-0.9662548593885621,0.12691658904217365,7338,2019-05-31,,0,5,4,1,1,1
516,517,2,0.8638968566831717,0.819499674242996,0.9285698623852472,0.7142889475433748,4127,2019-06-01,,0,6,5,0,1,1
517,518,1,0.4773417236094746,0.5616239839060474,-0.5451826989943822,0.0010510836490592388,8120,2019-06-02,,0,6,6,0,1,1
518,519,1,0.5839776223884255,0.6230229577957972,-0.9662548593885621,-0.04090408481531211,7641,2019-06-03,,0,6,0,1,1,1
519,520,1,0.5573186476936879,0.6353027525737468,-0.9662548593885621,1.385571642973319,6998,2019-06-04,,0,6,1,1,1,1
520,521,2,0.25074043870420415,0.3160280883470485,-0.1241105386002024,0.3157148471318455,7001,2019-06-05,,0,6,2,1,1,1
521,522,1,0.3173878754410484,0.41426644657064815,-0.1241105386002024,-1.5303125653005003,7055,2019-06-06,,0,6,3,1,1,1
522,523,1,0.5839776223884255,0.5861835734619473,-0.4048253121963223,-0.41850060099465575,7494,2019-06-07,,0,6,4,1,1,1
523,524,1,0.8372378819884341,0.7581007003532463,-1.1066122461866221,-0.14579200597624087,7736,2019-06-08,,0,6,5,0,1,1
524,525,1,1.1704750656726555,1.065095569801995,-1.317148326383712,-0.5863212748521419,7498,2019-06-09,,0,6,6,0,1,1
525,526,1,1.2637814771042375,1.163333928025595,-0.6153613923934123,-0.7331643644774419,6598,2019-06-10,,0,6,0,1,1,1
526,527,2,1.2371225024094998,1.138774338469695,-0.26446792539826236,0.2947372628996598,6664,2019-06-11,,0,6,1,1,1,1
527,528,2,0.8638968566831717,0.7581007003532463,1.419820716178457,0.39962518406058856,4972,2019-06-12,,0,6,2,1,1,1
528,529,1,0.8772263440305403,0.8440592637988963,-0.3346466187972923,2.203697428028563,7421,2019-06-13,,0,6,3,1,1,1
529,530,1,0.8372378819884341,0.9177380324665957,-0.4048253121963223,0.945042374097418,7363,2019-06-14,,0,6,4,1,1,1
530,531,1,0.7839199325989584,0.7703804951311964,-0.26446792539826236,-0.14579200597624087,7665,2019-06-15,,0,6,5,0,1,1
531,532,1,0.7439314705568517,0.7335411107973465,-0.8960761659895321,-0.2716575113693556,7702,2019-06-16,,0,6,6,0,1,1
532,533,1,0.5306596729989503,0.5984633682398973,-0.19428923199923237,-0.5863212748521419,6978,2019-06-17,,0,6,0,1,1,1
533,534,2,0.39736479952526177,0.42654624134859787,1.0689272491833073,-0.1667695902084269,5099,2019-06-18,,0,6,1,1,1,1
534,535,1,1.0505096795463356,1.1019349541358452,0.43731900859203743,-0.5443661063877702,6825,2019-06-19,,0,6,2,1,1,1
535,536,1,1.5703596860937212,1.5071681818081932,-0.26446792539826236,-1.0268505437280426,6211,2019-06-20,,0,6,3,1,1,1
536,537,1,1.6903250722200407,1.7036448982553924,-0.4048253121963223,-0.9429402067992995,5905,2019-06-21,,0,6,4,1,1,3
537,538,1,1.5437007113989831,1.5317277713640933,-0.4048253121963223,-0.04090408481531211,5823,2019-06-22,,0,6,5,0,1,3
538,539,1,1.2904404517989752,1.0896551593578951,-0.6855400857924422,-0.1038368375118695,7458,2019-06-23,,0,6,6,0,1,3
539,540,1,1.3570878885358193,1.2247329019153448,-1.036433552787592,-0.5653436906199558,6891,2019-06-24,,0,6,0,1,1,3
540,541,1,1.2104635277147617,1.1019349541358452,-0.8960761659895321,1.5953474852951766,6779,2019-06-25,,0,6,1,1,1,3
541,542,1,0.7439314705568517,0.7335411107973465,-1.8083991801769217,2.2666301807251203,7442,2019-06-26,,0,6,2,1,1,3
542,543,1,1.1038276289358113,1.0159763906901953,-1.8785778735759517,1.1967733848836468,7335,2019-06-27,,0,6,3,1,1,3
543,544,1,1.383746863230557,1.237012696693294,-1.457505713181772,-0.20872475867279824,6879,2019-06-28,,0,6,4,1,1,3
544,545,1,1.8502789203884675,1.912401409480541,-0.9662548593885621,-0.29263509560154133,5463,2019-06-29,,0,6,5,0,1,3
545,546,1,1.4770532746621388,1.3106914653609938,-0.19428923199923237,-0.35556784829809834,5687,2019-06-30,,0,6,6,0,1,3
546,547,1,1.743643021609516,1.6913651034774424,-0.7557187791914721,-0.2506799271371696,5531,2019-07-01,,0,7,0,1,1,3
547,548,1,1.5570301987463522,1.396650028806644,-1.246969632984682,0.12691658904217365,6227,2019-07-02,,0,7,1,1,1,3
548,549,1,1.5570301987463522,1.396650028806644,-0.9662548593885621,-0.8380522856383708,6660,2019-07-03,,0,7,2,1,1,3
549,550,1,1.6103481481358275,1.580846950475893,-0.6153613923934123,-0.7331643644774419,7403,2019-07-04,Independence Day,1,7,3,0,1,3
550,551,1,1.8102904583463604,1.7650438721451422,-1.176790939585652,0.10593900480998798,6241,2019-07-05,,0,7,4,1,1,3
551,552,1,1.8236199456937294,1.7036448982553924,-1.246969632984682,-0.5653436906199558,6207,2019-07-06,,0,7,5,0,1,3
552,553,1,1.996903281209524,2.022919562482091,-0.9662548593885621,-0.313612679833727,4840,2019-07-07,,0,7,6,0,1,3
553,554,1,1.7836314836516232,1.9369609990364414,-0.4048253121963223,-0.8590298698705564,4672,2019-07-08,,0,7,0,1,1,3
554,555,2,1.1704750656726555,1.1019349541358452,0.36714031519300744,-0.08285925327968383,6569,2019-07-09,,0,7,1,1,1,3
555,556,2,1.2371225024094998,1.163333928025595,0.29696162179397745,-0.48143335369121315,6290,2019-07-10,,0,7,2,1,1,3
556,557,1,1.2104635277147617,1.077375364579945,0.01624684819785756,-0.48143335369121315,7264,2019-07-11,,0,7,3,1,1,3
557,558,1,1.2104635277147617,1.1019349541358452,-0.6855400857924422,-0.5653436906199558,7446,2019-07-12,,0,7,4,1,1,3
558,559,2,1.2904404517989752,1.1878935175814944,-0.9662548593885621,-1.4883573968361288,7499,2019-07-13,,0,7,5,0,1,3
559,560,2,1.130486603630549,1.1756137228035444,0.5074977019910674,-0.6072988590843276,6969,2019-07-14,,0,7,6,0,1,3
560,561,1,1.3704173758831883,1.4212096183625431,0.6478550887891273,-0.2716575113693556,6031,2019-07-15,,0,7,0,1,1,3
561,562,1,1.4637237873147704,1.5317277713640933,0.08642554159688753,-0.313612679833727,6830,2019-07-16,,0,7,1,1,1,3
562,563,1,1.770301996304254,1.7282044878112919,-0.8258974725905022,-1.0058729594958566,6786,2019-07-17,,0,7,2,1,1,3
563,564,1,1.6236776354831965,1.666805513921542,-0.3346466187972923,-0.6912091960130706,5713,2019-07-18,,0,7,3,1,1,3
564,565,1,1.5037122493568769,1.4703287974743438,-0.19428923199923237,-0.29263509560154133,6591,2019-07-19,,0,7,4,1,1,3
565,566,2,0.930544293420016,0.8563390585768459,1.489999409577487,0.3157148471318455,5870,2019-07-20,,0,7,5,0,1,3
566,567,3,0.5439891603463188,0.4633856256824478,1.700535489774577,0.37864759982840285,4459,2019-07-21,,0,7,6,0,1,3
567,568,2,0.9438737807673846,0.9177380324665957,0.9285698623852472,-1.2995591387464571,7410,2019-07-22,,0,7,0,1,1,3
568,569,1,1.3437584011884502,1.322971260138944,0.43731900859203743,-0.6702316117808845,6966,2019-07-23,,0,7,1,1,1,3
569,570,1,1.397076350577926,1.4212096183625431,0.22678292839494749,0.3576700155962168,7592,2019-07-24,,0,7,2,1,1,3
570,571,1,1.2504519897568684,1.1019349541358452,-1.246969632984682,-0.313612679833727,8173,2019-07-25,,0,7,3,1,1,3
571,572,1,1.5303712240516145,1.6299661295876926,-0.19428923199923237,1.385571642973319,6861,2019-07-26,,0,7,4,1,1,3
572,573,1,1.5570301987463522,1.5931267452538431,-0.26446792539826236,-0.4604557694590271,6904,2019-07-27,,0,7,5,0,1,3
573,574,1,1.4237353252726637,1.3720904392507436,-0.1241105386002024,-0.41850060099465575,6685,2019-07-28,,0,7,6,0,1,3
574,575,1,1.2371225024094998,1.1878935175814944,-0.05393184520117241,-0.22970234290498392,6597,2019-07-29,,0,7,0,1,1,3
575,576,1,1.2904404517989752,1.2861318758050946,0.29696162179397745,-0.4604557694590271,7105,2019-07-30,,0,7,1,1,1,3
576,577,1,1.183804553020024,1.151054133247645,0.5074977019910674,-0.29263509560154133,7216,2019-07-31,,0,7,2,1,1,3
577,578,1,1.2104635277147617,1.1878935175814944,0.36714031519300744,-0.6282764433165132,7580,2019-08-01,,0,8,3,1,1,3
578,579,1,1.397076350577926,1.4334894131404934,0.22678292839494749,-0.7960971171739993,7261,2019-08-02,,0,8,4,1,1,3
579,580,2,1.4770532746621388,1.5194479765861433,0.08642554159688753,0.4206027682927742,7175,2019-08-03,,0,8,5,0,1,3
580,581,1,1.6236776354831965,1.7036448982553924,-0.1241105386002024,0.9869975425617893,6824,2019-08-04,,0,8,6,0,1,3
581,582,1,1.4903827620095078,1.580846950475893,0.15660423499591752,1.4694819799020618,5464,2019-08-05,,0,8,0,1,1,3
582,583,2,1.397076350577926,1.4457692079184434,0.15660423499591752,-0.7960971171739993,7013,2019-08-06,,0,8,1,1,1,3
583,584,2,1.3170994264937126,1.3720904392507436,0.5074977019910674,-0.984895375263671,7273,2019-08-07,,0,8,2,1,1,3
584,585,2,1.397076350577926,1.4334894131404934,0.29696162179397745,-1.068805712192414,7534,2019-08-08,,0,8,3,1,1,3
585,586,1,1.4237353252726637,1.3843702340286936,-0.05393184520117241,-0.41850060099465575,7286,2019-08-09,,0,8,4,1,1,3
586,587,2,1.2104635277147617,1.1878935175814944,0.6478550887891273,0.7352665317755605,5786,2019-08-10,,0,8,5,0,1,3
587,588,2,1.0771686542410732,1.0036965959122452,0.7180337821881573,0.27375967866747414,6299,2019-08-11,,0,8,6,0,1,3
588,589,1,1.11715711628318,1.0405359802460956,-0.6855400857924422,-0.9009850383349282,6544,2019-08-12,,0,8,0,1,1,3
589,590,1,1.2371225024094998,1.151054133247645,-0.5451826989943822,-0.7121867802452563,6883,2019-08-13,,0,8,1,1,1,3
590,591,1,1.2637814771042375,1.237012696693294,0.43731900859203743,-0.2506799271371696,6784,2019-08-14,,0,8,2,1,1,3
591,592,1,1.1571455783252864,1.1019349541358452,-0.05393184520117241,-0.22970234290498392,7347,2019-08-15,,0,8,3,1,1,3
592,593,1,1.2237930150621308,1.1019349541358452,-0.7557187791914721,-0.6282764433165132,7605,2019-08-16,,0,8,4,1,1,3
593,594,1,1.2504519897568684,-1.4277027701218439,-0.4048253121963223,0.6303786106146317,7148,2019-08-17,,0,8,5,0,1,3
594,595,1,0.9971917301568604,0.8808986481327458,-0.19428923199923237,-0.12481442174405517,7865,2019-08-18,,0,8,6,0,1,3
595,596,2,0.7705904452515898,0.7949400846870962,0.5776763953900974,-1.404447059907386,4549,2019-08-19,,0,8,0,1,1,3
596,597,2,0.7705904452515898,0.7458209055752966,0.7180337821881573,-0.7960971171739993,6530,2019-08-20,,0,8,1,1,1,3
597,598,1,0.8372378819884341,0.7826602899091465,0.29696162179397745,-1.5932453179970576,7006,2019-08-21,,0,8,2,1,1,3
598,599,1,0.9438737807673846,0.905458237688646,0.36714031519300744,-1.6352004864614291,7375,2019-08-22,,0,8,3,1,1,3
599,600,1,1.0904981415884423,1.0036965959122452,0.08642554159688753,-1.4254246441395717,7765,2019-08-23,,0,8,4,1,1,3
600,601,2,1.130486603630549,1.065095569801995,-0.05393184520117241,-1.6142229022292434,7582,2019-08-24,,0,8,5,0,1,3
601,602,2,0.9038853187252784,0.8808986481327458,0.5776763953900974,0.8191768687043032,6053,2019-08-25,,0,8,6,0,1,3
602,603,2,0.8638968566831717,0.7458209055752966,1.560178102976517,0.5884234421502603,5255,2019-08-26,,0,8,0,1,1,3
603,604,1,1.130486603630549,1.1019349541358452,0.7180337821881573,-0.817074701406185,6917,2019-08-27,,0,8,1,1,1,3
604,605,1,1.277110964451606,1.1756137228035444,-0.05393184520117241,0.06398383634561663,7040,2019-08-28,,0,8,2,1,1,3
605,606,1,1.037180192198967,0.9914168011342955,-0.5451826989943822,-1.0478281279602282,7697,2019-08-29,,0,8,3,1,1,3
606,607,1,1.1571455783252864,1.0896551593578951,-0.26446792539826236,-1.5303125653005003,7713,2019-08-30,,0,8,4,1,1,3
607,608,1,1.4637237873147704,1.322971260138944,-0.26446792539826236,-0.2506799271371696,7350,2019-08-31,,0,8,5,0,1,3
608,609,2,1.4104058379252946,1.396650028806644,0.08642554159688753,-1.0268505437280426,6140,2019-09-01,,0,9,6,0,1,3
609,610,2,1.1038276289358113,1.065095569801995,1.349642022779427,-1.719110823390172,5810,2019-09-02,Labor Day,1,9,0,0,1,3
610,611,1,1.1571455783252864,1.151054133247645,1.139105942582337,-0.5024109379233989,6034,2019-09-03,,0,9,1,1,1,3
611,612,1,1.2637814771042375,1.2984116705830437,0.9285698623852472,0.6933113633111891,6864,2019-09-04,,0,9,2,1,1,3
612,613,1,1.3170994264937126,1.4334894131404934,0.7882124755871873,0.022028667881244912,7112,2019-09-05,,0,9,3,1,1,3
613,614,2,1.1038276289358113,1.1142147489137946,1.2794633293803972,-0.6282764433165132,6203,2019-09-06,,0,9,4,1,1,3
614,615,1,1.130486603630549,1.1264945436917446,0.7882124755871873,-0.20872475867279824,7504,2019-09-07,,0,9,5,0,1,3
615,616,2,0.8905558313779094,0.8440592637988963,1.2092846359813672,1.3226388902767616,5976,2019-09-08,,0,9,6,0,1,3
616,617,1,0.6239660844305323,0.6353027525737468,-0.5451826989943822,0.5254906894537029,8227,2019-09-09,,0,9,0,1,1,3
617,618,1,0.4773417236094746,0.5616239839060474,-0.8960761659895321,1.0079751267939754,7525,2019-09-10,,0,9,1,1,1,3
618,619,1,0.450682748914737,0.48794521523834755,-0.7557187791914721,-1.3205367229786429,7767,2019-09-11,,0,9,2,1,1,3
619,620,1,0.5706481350410569,0.5861835734619473,-0.3346466187972923,-0.7751195329418133,7870,2019-09-12,,0,9,3,1,1,3
620,621,1,0.6372955717779013,0.647582547351697,0.08642554159688753,-1.4673798126039432,7804,2019-09-13,,0,9,4,1,1,3
621,622,1,0.7572609579042208,0.7335411107973465,0.29696162179397745,-1.152716049121157,8009,2019-09-14,,0,9,5,0,1,3
622,623,1,0.6106365970831632,0.6844219316855469,-0.8960761659895321,0.8611320371686753,8714,2019-09-15,,0,9,6,0,1,3
623,624,1,0.464012236262106,0.5493441891280973,-0.4048253121963223,-1.3624918914430144,7333,2019-09-16,,0,9,0,1,1,3
624,625,2,0.464012236262106,0.48794521523834755,0.7180337821881573,-0.48143335369121315,6869,2019-09-17,,0,9,1,1,1,3
625,626,2,0.7039430085147456,0.5616239839060474,1.700535489774577,2.4134732703504205,4073,2019-09-18,,0,9,2,1,1,3
626,627,1,0.30405838809367985,0.40198665179269805,-0.6153613923934123,0.39962518406058856,7591,2019-09-19,,0,9,3,1,1,3
627,628,1,0.27739941339894175,0.3528674726808984,-0.05393184520117241,-0.9639177910314851,7720,2019-09-20,,0,9,4,1,1,3
628,629,1,0.5706481350410569,0.5984633682398973,0.29696162179397745,-0.4604557694590271,8167,2019-09-21,,0,9,5,0,1,3
629,630,1,0.8372378819884341,0.8317794690209461,0.15660423499591752,1.364594058741133,8395,2019-09-22,,0,9,6,0,1,3
630,631,1,0.18409300196735984,0.26690890923524846,-1.1066122461866221,0.5254906894537029,7907,2019-09-23,,0,9,0,1,1,2
631,632,1,0.10411607788314699,0.16867055101164924,-0.9662548593885621,-0.6282764433165132,7436,2019-09-24,,0,9,1,1,1,2
632,633,1,0.30405838809367985,0.42654624134859787,-0.4048253121963223,0.6933113633111891,7538,2019-09-25,,0,9,2,1,1,2
633,634,1,0.7572609579042208,0.7458209055752966,0.01624684819785756,0.8191768687043032,7733,2019-09-26,,0,9,3,1,1,2
634,635,2,0.8372378819884341,0.819499674242996,0.43731900859203743,-0.7331643644774419,7393,2019-09-27,,0,9,4,1,1,2
635,636,2,0.6772840338200075,0.6844219316855469,0.43731900859203743,-0.313612679833727,7415,2019-09-28,,0,9,5,0,1,2
636,637,1,0.25074043870420415,0.3405876779029483,-0.6153613923934123,0.5674458579180743,8555,2019-09-29,,0,9,6,0,1,2
637,638,1,0.17076351461999129,0.26690890923524846,-0.3346466187972923,-0.7331643644774419,6889,2019-09-30,,0,9,0,1,1,2
638,639,2,0.14410453992525318,0.23006952490139898,0.15660423499591752,-1.3415143072108289,6778,2019-10-01,,0,10,1,1,1,2
639,640,3,0.5173301856515813,0.41426644657064815,1.700535489774577,-1.152716049121157,4639,2019-10-02,,0,10,2,1,1,2
640,641,2,0.8905558313779094,0.7703804951311964,1.139105942582337,-1.6771556549258007,7572,2019-10-03,,0,10,3,1,1,2
641,642,2,0.8905558313779094,0.819499674242996,0.6478550887891273,-0.9639177910314851,7328,2019-10-04,,0,10,4,1,1,2
642,643,1,0.6506250591252698,0.647582547351697,0.01624684819785756,-1.1317384648889712,8156,2019-10-05,,0,10,5,0,1,2
643,644,1,0.3173878754410484,0.38970685701474794,0.22678292839494749,1.1548182164192755,7965,2019-10-06,,0,10,6,0,1,2
644,645,2,-0.44239290335897635,-0.3348010348842987,0.5776763953900974,-0.6282764433165132,3510,2019-10-07,,0,10,0,1,1,2
645,646,2,-0.6156762388747715,-0.531277751331498,0.5776763953900974,0.043006252113430586,5478,2019-10-08,,0,10,1,1,1,2
646,647,2,-0.2691095678431811,-0.22428288188274936,0.9285698623852472,0.06398383634561663,6392,2019-10-09,,0,10,2,1,1,2
647,648,1,0.10411607788314699,0.18095034578959893,0.01624684819785756,0.022028667881244912,7691,2019-10-10,,0,10,3,1,1,2
648,649,1,-0.3357570045800254,-0.26112226621659884,-1.176790939585652,-0.06188166904749816,7570,2019-10-11,,0,10,4,1,1,2
649,650,1,-0.32242751723265684,-0.24884247143864918,-0.6153613923934123,0.6933113633111891,7282,2019-10-12,,0,10,5,0,1,2
650,651,1,-0.5623582894852959,-0.5067181617755978,-0.9662548593885621,-0.5653436906199558,7109,2019-10-13,,0,10,6,0,1,2
651,652,1,0.14410453992525318,0.20550993534549872,0.08642554159688753,1.3016613060445754,6639,2019-10-14,Columbus Day,1,10,0,0,1,2
652,653,2,0.35737633748315506,0.40198665179269805,0.5776763953900974,1.532414732598619,5875,2019-10-15,,0,10,1,1,1,2
653,654,1,-0.14914418171686158,-0.0892051393252998,-0.4750040055953523,-0.06188166904749816,7534,2019-10-16,,0,10,2,1,1,2
654,655,1,-0.21579161845370587,-0.15060411321504952,0.43731900859203743,-1.1946712175855285,7461,2019-10-17,,0,10,3,1,1,2
655,656,2,0.14410453992525318,0.23006952490139898,0.7180337821881573,0.7142889475433748,7509,2019-10-18,,0,10,4,1,1,2
656,657,2,0.3707058248305241,0.38970685701474794,1.349642022779427,-0.7331643644774419,5424,2019-10-19,,0,10,5,0,1,2
657,658,1,-0.06916725763264825,-0.015526370657599948,-0.4048253121963223,-0.9639177910314851,8090,2019-10-20,,0,10,6,0,1,2
658,659,1,-0.1758031564115992,-0.1137647288811996,-0.8258974725905022,-0.29263509560154133,6824,2019-10-21,,0,10,0,1,1,2
659,660,1,-0.042508282937910626,0.04587260323214978,-0.4048253121963223,-1.4673798126039432,7058,2019-10-22,,0,10,1,1,1,2
660,661,1,0.2640699260515732,0.3405876779029483,0.08642554159688753,-1.2995591387464571,7466,2019-10-23,,0,10,2,1,1,2
661,662,1,0.5040006983042127,0.5125048047942474,0.08642554159688753,-1.5932453179970576,7693,2019-10-24,,0,10,3,1,1,2
662,663,2,0.30405838809367985,0.3405876779029483,1.2092846359813672,-0.8800074541027421,7359,2019-10-25,,0,10,4,1,1,2
663,664,2,0.27739941339894175,0.2914684987911487,1.2794633293803972,-0.7541419487096277,7444,2019-10-26,,0,10,5,0,1,2
664,665,2,0.18409300196735984,0.2546291144572988,0.6478550887891273,0.6933113633111891,7852,2019-10-27,,0,10,6,0,1,2
665,666,2,-0.09582623232738587,-0.04008596021350019,0.43731900859203743,0.05659857723921595,4459,2019-10-28,,0,10,0,1,1,2
666,667,3,-0.3090980298852878,-0.21200308710479926,1.7707141831736068,2.4134732703504205,22,2019-10-29,,0,10,1,1,1,2
667,668,2,-0.9755723972537306,-1.0101897476715458,1.419820716178457,0.37864759982840285,1096,2019-10-30,,0,10,2,1,1,2
668,669,2,-0.7489711123484601,-0.690915083444847,0.29696162179397745,-0.2716575113693556,5566,2019-10-31,,0,10,3,1,1,2
669,670,2,-0.7089826503063534,-0.6417959043330473,-0.3346466187972923,-0.41850060099465575,5986,2019-11-01,,0,11,4,1,1,2
670,671,1,-0.762300599695829,-0.7277544677786969,-0.7557187791914721,1.112863047954904,5847,2019-11-02,,0,11,5,0,1,2
671,672,2,-0.8289480364326732,-0.9242311842258962,-0.9662548593885621,1.1757958006514615,5138,2019-11-03,,0,11,6,0,1,2
672,673,1,-0.9222544478642551,-0.8873917998920463,-0.6855400857924422,-0.1038368375118695,5107,2019-11-04,,0,11,0,1,1,2
673,674,1,-0.9622429099063617,-1.0224695424494956,-0.9662548593885621,0.6933113633111891,5259,2019-11-05,,0,11,1,1,1,2
674,675,1,-1.1755147074642636,-1.182106874562845,-0.4048253121963223,-0.18774717444061256,5686,2019-11-06,,0,11,2,1,1,2
675,676,2,-1.0955377833800504,-1.2312260536746449,-0.5451826989943822,1.6582802379917332,5035,2019-11-07,,0,11,3,1,1,2
676,677,1,-0.7889595743905665,-0.8137130312243465,-2.0891139537730417,2.2666301807251203,5315,2019-11-08,,0,11,4,1,1,2
677,678,1,-0.7356416250010911,-0.7277544677786969,-0.6153613923934123,0.39962518406058856,5992,2019-11-09,,0,11,5,0,1,2
678,679,1,-0.5756877768326649,-0.4944383669976481,0.15660423499591752,-1.803021160318915,6536,2019-11-10,,0,11,6,0,1,2
679,680,1,-0.4157339286642387,-0.3225212401063486,0.22678292839494749,-0.8380522856383708,6852,2019-11-11,Veterans Day,1,11,0,0,1,2
680,681,1,-0.05583777028527967,0.009033218898299857,0.7882124755871873,-0.18774717444061256,6269,2019-11-12,,0,11,1,1,1,2
681,682,2,-0.8289480364326732,-0.9242311842258962,0.22678292839494749,2.182719843796377,4094,2019-11-13,,0,11,2,1,1,2
682,683,1,-1.122196758074788,-1.182106874562845,-0.5451826989943822,0.18984934173873105,5495,2019-11-14,,0,11,3,1,1,2
683,684,2,-0.948913422558993,-0.9242311842258962,-0.05393184520117241,-0.4604557694590271,5445,2019-11-15,,0,11,4,1,1,2
684,685,1,-0.8289480364326732,-0.776873646890497,-0.7557187791914721,-0.20872475867279824,5698,2019-11-16,,0,11,5,0,1,2
685,686,1,-0.935583935211624,-0.9119513894479461,-0.5451826989943822,-0.1038368375118695,5629,2019-11-17,,0,11,6,0,1,2
686,687,1,-0.8422775237800421,-0.8382726207802467,0.43731900859203743,0.5884234421502603,4669,2019-11-18,,0,11,0,1,1,2
687,688,2,-0.6290057262221403,-0.6049565199991974,-0.05393184520117241,0.672333779079003,5499,2019-11-19,,0,11,1,1,1,2
688,689,2,-0.6689941882642468,-0.5803969304432977,0.36714031519300744,-1.4673798126039432,5634,2019-11-20,,0,11,2,1,1,2
689,690,1,-0.7756300870431978,-0.6786352886668973,-0.1241105386002024,-1.1736936333533425,5146,2019-11-21,,0,11,3,1,1,2
690,691,1,-0.8556070111274109,-0.7645938521125468,-0.3346466187972923,-1.886931497247658,2425,2019-11-22,,0,11,4,1,1,2
691,692,1,-0.6956531629589846,-0.5926767252212477,-0.4048253121963223,-0.5443661063877702,3910,2019-11-23,,0,11,5,0,1,2
692,693,1,-1.1888441948116322,-1.390863385787994,-1.5978630999798318,2.686181865368835,2277,2019-11-24,,0,11,6,0,1,2
693,694,1,-1.3621275303274274,-1.3294644118982444,-1.1066122461866221,-0.5024109379233989,2424,2019-11-25,,0,11,0,1,1,2
694,695,1,-1.0022313719484681,-0.8259928260022965,-0.6153613923934123,-1.9708418341764011,5087,2019-11-26,,0,11,1,1,1,2
695,696,2,-1.1088672707274192,-1.182106874562845,1.139105942582337,0.7142889475433748,3959,2019-11-27,,0,11,2,1,1,2
696,697,1,-1.0822082960326815,-1.1329876954510452,-0.8258974725905022,0.33669243136403115,5260,2019-11-28,Thanksgiving,1,11,3,0,1,2
697,698,1,-1.1755147074642636,-1.0838685163392454,-0.4750040055953523,-1.0058729594958566,5323,2019-11-29,,0,11,4,1,1,2
698,699,1,-1.0822082960326815,-0.9242311842258962,0.15660423499591752,-1.803021160318915,5668,2019-11-30,,0,11,5,0,1,2
699,700,2,-1.0822082960326815,-0.9733503633376958,1.2794633293803972,-1.7820435760867295,5191,2019-12-01,,0,12,6,0,1,2
700,701,2,-0.8156185490853044,-0.7031948782227971,1.349642022779427,-0.8800074541027421,4649,2019-12-02,,0,12,0,1,1,2
701,702,1,-0.22912110580107442,-0.1137647288811996,0.9987485557842772,-1.4673798126039432,6234,2019-12-03,,0,12,1,1,1,2
702,703,1,-0.10915571967475492,-0.02780616543555007,0.7180337821881573,-0.1667695902084269,6606,2019-12-04,,0,12,2,1,1,2
703,704,1,-0.3090980298852878,-0.2856818557724991,-1.036433552787592,1.930988833010148,5729,2019-12-05,,0,12,3,1,1,2
704,705,1,-1.308809580937952,-1.3294644118982444,-0.8258974725905022,-0.1667695902084269,5375,2019-12-06,,0,12,4,1,1,2
705,706,2,-0.948913422558993,-0.9365109790038458,0.9285698623852472,-0.7751195329418133,5008,2019-12-07,,0,12,5,0,1,2
706,707,2,-0.6290057262221403,-0.5189979565535479,1.9812502633706968,-1.1946712175855285,5582,2019-12-08,,0,12,6,0,1,2
707,708,2,-0.6023467515274025,-0.5189979565535479,1.9812502633706968,-0.39752301676247004,3228,2019-12-09,,0,12,0,1,1,2
708,709,2,-0.32242751723265684,-0.23656267666069905,2.051428956769727,0.06398383634561663,5170,2019-12-10,,0,12,1,1,1,2
709,710,2,-0.7756300870431978,-0.8382726207802467,-0.19428923199923237,1.532414732598619,5501,2019-12-11,,0,12,2,1,1,2
710,711,2,-1.0822082960326815,-1.0838685163392454,-0.6153613923934123,-0.3345902640659127,5319,2019-12-12,,0,12,3,1,1,2
711,712,1,-1.0955377833800504,-1.1084281058951453,-0.9662548593885621,-0.1667695902084269,5532,2019-12-13,,0,12,4,1,1,2
712,713,1,-1.1621852201168947,-1.1084281058951453,0.08642554159688753,-0.7751195329418133,5611,2019-12-14,,0,12,5,0,1,2
713,714,1,-0.935583935211624,-0.8382726207802467,0.15660423499591752,-1.1317384648889712,5047,2019-12-15,,0,12,6,0,1,2
714,715,2,-0.7223121376537223,-0.6417959043330473,1.489999409577487,-1.215648801817714,3786,2019-12-16,,0,12,0,1,1,2
715,716,2,-0.5623582894852959,-0.44531918788584807,1.9812502633706968,-1.2366263860499,4585,2019-12-17,,0,12,1,1,1,2
716,717,1,-0.46905187805371396,-0.39620000877404843,0.29696162179397745,0.4835355209893316,5557,2019-12-18,,0,12,2,1,1,2
717,718,1,-0.8955954731695175,-0.8137130312243465,0.01624684819785756,-0.04090408481531211,5267,2019-12-19,,0,12,3,1,1,2
718,719,2,-0.9089249605168863,-0.8505524155581964,0.29696162179397745,-0.7541419487096277,4128,2019-12-20,,0,12,4,1,1,2
719,720,2,-0.9222544478642551,-1.0593089267833455,-0.4750040055953523,2.644226696904464,3623,2019-12-21,,0,12,5,0,1,0
720,721,1,-1.2554916315484765,-1.4645421544556936,-1.317148326383712,0.05659857723921595,1749,2019-12-22,,0,12,6,0,1,0
721,722,1,-1.3621275303274274,-1.3171846171202943,-0.7557187791914721,-0.7541419487096277,1787,2019-12-23,,0,12,0,1,1,0
722,723,2,-1.4421044544116406,-1.3294644118982444,1.139105942582337,-1.5303125653005003,920,2019-12-24,,0,12,1,1,1,0
723,724,2,-1.122196758074788,-1.1084281058951453,0.7180337821881573,-0.2506799271371696,1013,2019-12-25,Christmas Day,1,12,2,0,1,0
724,725,3,-1.3754570176747962,-1.5627805126792933,1.349642022779427,1.8261009118492193,441,2019-12-26,,0,12,3,1,1,0
725,726,2,-1.322139068285321,-1.5259411283454434,0.15660423499591752,2.3085853491894914,2114,2019-12-27,,0,12,4,1,1,0
726,727,2,-1.322139068285321,-1.3417442066761942,-0.26446792539826236,-0.4394781852268414,3095,2019-12-28,,0,12,5,0,1,0
727,728,2,-1.322139068285321,-1.4277027701218439,0.8583911689862173,-0.8800074541027421,1341,2019-12-29,,0,12,6,0,1,0
728,729,1,-1.308809580937952,-1.4891017440115937,-1.036433552787592,2.3085853491894914,1796,2019-12-30,,0,12,0,1,1,0
729,730,2,-1.5354108658432224,-1.5382209231233934,-0.3346466187972923,-0.4394781852268414,2729,2019-12-31,,0,12,1,1,1,0
